[CONFIG] game demo | count=1000 seed=20260926 bench_secs=0 vsync=on(AutoVsync) | bevy 0.19 (workspace locked)
[2m2026-09-26T11:11:50.149109Z[0m [32m INFO[0m [2mbevy_diagnostic::system_information_diagnostics_plugin::internal[0m[2m:[0m SystemInfo { os: "Windows 10 IoT Enterprise LTSC 2021", kernel: "19044", cpu: "12th Gen Intel(R) Core(TM) i5-12490F", core_count: "6", memory: "31.8 GiB" }
[2m2026-09-26T11:11:50.403740Z[0m [32m INFO[0m [2mbevy_render::renderer[0m[2m:[0m AdapterInfo { name: "NVIDIA GeForce RTX 3050", vendor: 4318, device: 9602, device_type: DiscreteGpu, device_pci_bus_id: "0000:01:00.0", driver: "NVIDIA", driver_info: "537.58", backend: Vulkan, subgroup_min_size: 32, subgroup_max_size: 32, transient_saves_memory: false }
[2m2026-09-26T11:11:50.849586Z[0m [32m INFO[0m [2mgame::brp[0m[2m:[0m [BRP] listening on 127.0.0.1:15702 (explicit loopback bind)
[2m2026-09-26T11:11:50.860717Z[0m [32m INFO[0m [2mbevy_pbr::cluster[0m[2m:[0m GPU clustering is supported on this device.
[2m2026-09-26T11:11:50.860757Z[0m [32m INFO[0m [2mbevy_render::batching::gpu_preprocessing[0m[2m:[0m GPU preprocessing is fully supported on this device.
[2m2026-09-26T11:11:50.861171Z[0m [32m INFO[0m [2mbevy_winit::system[0m[2m:[0m Creating new window bevy-ai-workflow demo (65v0)
[2m2026-09-26T11:11:50.929538Z[0m [32m INFO[0m [2mgame::sim[0m[2m:[0m [SIM] spawned 1000 wanderers | seed=20260926 | area=120 | max_speed=3
[2m2026-09-26T11:11:51.945813Z[0m [32m INFO[0m [2mgame::bench[0m[2m:[0m [STATS] t=1.0s tick=56 fps_1s=55.2 avg_fps=0.0
[2m2026-09-26T11:11:52.946137Z[0m [32m INFO[0m [2mgame::bench[0m[2m:[0m [STATS] t=2.0s tick=116 fps_1s=60.0 avg_fps=0.0
[2m2026-09-26T11:11:53.962519Z[0m [32m INFO[0m [2mgame::bench[0m[2m:[0m [STATS] t=3.0s tick=177 fps_1s=60.0 avg_fps=60.0
[2m2026-09-26T11:11:54.979184Z[0m [32m INFO[0m [2mgame::bench[0m[2m:[0m [STATS] t=4.0s tick=238 fps_1s=60.0 avg_fps=60.0
[2m2026-09-26T11:11:55.995843Z[0m [32m INFO[0m [2mgame::bench[0m[2m:[0m [STATS] t=5.1s tick=299 fps_1s=60.0 avg_fps=60.0
[2m2026-09-26T11:11:57.012659Z[0m [32m INFO[0m [2mgame::bench[0m[2m:[0m [STATS] t=6.1s tick=360 fps_1s=60.0 avg_fps=60.0
[2m2026-09-26T11:11:58.028680Z[0m [32m INFO[0m [2mgame::bench[0m[2m:[0m [STATS] t=7.1s tick=421 fps_1s=60.0 avg_fps=60.0
[2m2026-09-26T11:11:59.045342Z[0m [32m INFO[0m [2mgame::bench[0m[2m:[0m [STATS] t=8.1s tick=482 fps_1s=60.0 avg_fps=60.0
[2m2026-09-26T11:12:00.061972Z[0m [32m INFO[0m [2mgame::bench[0m[2m:[0m [STATS] t=9.1s tick=543 fps_1s=60.0 avg_fps=60.0
[2m2026-09-26T11:12:01.078628Z[0m [32m INFO[0m [2mgame::bench[0m[2m:[0m [STATS] t=10.1s tick=604 fps_1s=60.0 avg_fps=60.0
[2m2026-09-26T11:12:02.095051Z[0m [32m INFO[0m [2mgame::bench[0m[2m:[0m [STATS] t=11.2s tick=665 fps_1s=60.0 avg_fps=60.0
[2m2026-09-26T11:12:03.095232Z[0m [32m INFO[0m [2mgame::bench[0m[2m:[0m [STATS] t=12.2s tick=725 fps_1s=60.0 avg_fps=60.0
[2m2026-09-26T11:12:04.112808Z[0m [32m INFO[0m [2mgame::bench[0m[2m:[0m [STATS] t=13.2s tick=786 fps_1s=60.0 avg_fps=60.0
[2m2026-09-26T11:12:05.128377Z[0m [32m INFO[0m [2mgame::bench[0m[2m:[0m [STATS] t=14.2s tick=847 fps_1s=60.0 avg_fps=60.0
[2m2026-09-26T11:12:06.145107Z[0m [32m INFO[0m [2mgame::bench[0m[2m:[0m [STATS] t=15.2s tick=908 fps_1s=60.0 avg_fps=60.0
[2m2026-09-26T11:12:07.161943Z[0m [32m INFO[0m [2mgame::bench[0m[2m:[0m [STATS] t=16.2s tick=969 fps_1s=60.0 avg_fps=60.0
[2m2026-09-26T11:12:08.178099Z[0m [32m INFO[0m [2mgame::bench[0m[2m:[0m [STATS] t=17.2s tick=1030 fps_1s=60.0 avg_fps=60.0
[2m2026-09-26T11:12:09.194684Z[0m [32m INFO[0m [2mgame::bench[0m[2m:[0m [STATS] t=18.3s tick=1091 fps_1s=60.0 avg_fps=60.0
[2m2026-09-26T11:12:10.211441Z[0m [32m INFO[0m [2mgame::bench[0m[2m:[0m [STATS] t=19.3s tick=1152 fps_1s=60.0 avg_fps=60.0
[2m2026-09-26T11:12:11.227930Z[0m [32m INFO[0m [2mgame::bench[0m[2m:[0m [STATS] t=20.3s tick=1213 fps_1s=60.0 avg_fps=60.0
[2m2026-09-26T11:12:12.244799Z[0m [32m INFO[0m [2mgame::bench[0m[2m:[0m [STATS] t=21.3s tick=1274 fps_1s=60.0 avg_fps=60.0
[2m2026-09-26T11:12:13.261143Z[0m [32m INFO[0m [2mgame::bench[0m[2m:[0m [STATS] t=22.3s tick=1335 fps_1s=60.0 avg_fps=60.0
[2m2026-09-26T11:12:14.277755Z[0m [32m INFO[0m [2mgame::bench[0m[2m:[0m [STATS] t=23.3s tick=1396 fps_1s=60.0 avg_fps=60.0
[2m2026-09-26T11:12:15.294359Z[0m [32m INFO[0m [2mgame::bench[0m[2m:[0m [STATS] t=24.4s tick=1457 fps_1s=60.0 avg_fps=60.0
[2m2026-09-26T11:12:16.310909Z[0m [32m INFO[0m [2mgame::bench[0m[2m:[0m [STATS] t=25.4s tick=1518 fps_1s=60.0 avg_fps=60.0
[2m2026-09-26T11:12:17.327509Z[0m [32m INFO[0m [2mgame::bench[0m[2m:[0m [STATS] t=26.4s tick=1579 fps_1s=60.0 avg_fps=60.0
[2m2026-09-26T11:12:18.344090Z[0m [32m INFO[0m [2mgame::bench[0m[2m:[0m [STATS] t=27.4s tick=1640 fps_1s=60.0 avg_fps=60.0
[2m2026-09-26T11:12:19.360790Z[0m [32m INFO[0m [2mgame::bench[0m[2m:[0m [STATS] t=28.4s tick=1701 fps_1s=60.0 avg_fps=60.0
[2m2026-09-26T11:12:20.377217Z[0m [32m INFO[0m [2mgame::bench[0m[2m:[0m [STATS] t=29.4s tick=1762 fps_1s=60.0 avg_fps=60.0
[2m2026-09-26T11:12:21.393961Z[0m [32m INFO[0m [2mgame::bench[0m[2m:[0m [STATS] t=30.5s tick=1823 fps_1s=60.0 avg_fps=60.0
[2m2026-09-26T11:12:22.410663Z[0m [32m INFO[0m [2mgame::bench[0m[2m:[0m [STATS] t=31.5s tick=1884 fps_1s=60.0 avg_fps=60.0
[2m2026-09-26T11:12:23.427357Z[0m [32m INFO[0m [2mgame::bench[0m[2m:[0m [STATS] t=32.5s tick=1945 fps_1s=60.0 avg_fps=60.0
[2m2026-09-26T11:12:24.443733Z[0m [32m INFO[0m [2mgame::bench[0m[2m:[0m [STATS] t=33.5s tick=2006 fps_1s=60.0 avg_fps=60.0
[2m2026-09-26T11:12:25.461379Z[0m [32m INFO[0m [2mgame::bench[0m[2m:[0m [STATS] t=34.5s tick=2067 fps_1s=60.0 avg_fps=60.0
[2m2026-09-26T11:12:26.477042Z[0m [32m INFO[0m [2mgame::bench[0m[2m:[0m [STATS] t=35.5s tick=2128 fps_1s=60.0 avg_fps=60.0
[2m2026-09-26T11:12:27.493819Z[0m [32m INFO[0m [2mgame::bench[0m[2m:[0m [STATS] t=36.6s tick=2189 fps_1s=60.0 avg_fps=60.0
[2m2026-09-26T11:12:28.493972Z[0m [32m INFO[0m [2mgame::bench[0m[2m:[0m [STATS] t=37.6s tick=2249 fps_1s=60.0 avg_fps=60.0
[2m2026-09-26T11:12:29.510383Z[0m [32m INFO[0m [2mgame::bench[0m[2m:[0m [STATS] t=38.6s tick=2310 fps_1s=60.0 avg_fps=60.0
[2m2026-09-26T11:12:30.526835Z[0m [32m INFO[0m [2mgame::bench[0m[2m:[0m [STATS] t=39.6s tick=2371 fps_1s=60.0 avg_fps=60.0
[2m2026-09-26T11:12:31.543449Z[0m [32m INFO[0m [2mgame::bench[0m[2m:[0m [STATS] t=40.6s tick=2432 fps_1s=60.0 avg_fps=60.0
[2m2026-09-26T11:12:32.560008Z[0m [32m INFO[0m [2mgame::bench[0m[2m:[0m [STATS] t=41.6s tick=2493 fps_1s=60.0 avg_fps=60.0
[2m2026-09-26T11:12:33.576617Z[0m [32m INFO[0m [2mgame::bench[0m[2m:[0m [STATS] t=42.6s tick=2554 fps_1s=60.0 avg_fps=60.0
[2m2026-09-26T11:12:34.576819Z[0m [32m INFO[0m [2mgame::bench[0m[2m:[0m [STATS] t=43.6s tick=2614 fps_1s=60.0 avg_fps=60.0
[2m2026-09-26T11:12:35.593328Z[0m [32m INFO[0m [2mgame::bench[0m[2m:[0m [STATS] t=44.7s tick=2675 fps_1s=60.0 avg_fps=60.0
[2m2026-09-26T11:12:36.609767Z[0m [32m INFO[0m [2mgame::bench[0m[2m:[0m [STATS] t=45.7s tick=2736 fps_1s=60.0 avg_fps=60.0
[2m2026-09-26T11:12:37.626281Z[0m [32m INFO[0m [2mgame::bench[0m[2m:[0m [STATS] t=46.7s tick=2797 fps_1s=60.0 avg_fps=60.0
[2m2026-09-26T11:12:38.642810Z[0m [32m INFO[0m [2mgame::bench[0m[2m:[0m [STATS] t=47.7s tick=2858 fps_1s=60.0 avg_fps=60.0
[2m2026-09-26T11:12:39.659569Z[0m [32m INFO[0m [2mgame::bench[0m[2m:[0m [STATS] t=48.7s tick=2919 fps_1s=60.0 avg_fps=60.0
[2m2026-09-26T11:12:40.676103Z[0m [32m INFO[0m [2mgame::bench[0m[2m:[0m [STATS] t=49.7s tick=2980 fps_1s=60.0 avg_fps=60.0
[2m2026-09-26T11:12:41.693025Z[0m [32m INFO[0m [2mgame::bench[0m[2m:[0m [STATS] t=50.8s tick=3041 fps_1s=60.0 avg_fps=60.0
[2m2026-09-26T11:12:42.709252Z[0m [32m INFO[0m [2mgame::bench[0m[2m:[0m [STATS] t=51.8s tick=3102 fps_1s=60.0 avg_fps=60.0
[2m2026-09-26T11:12:43.725983Z[0m [32m INFO[0m [2mgame::bench[0m[2m:[0m [STATS] t=52.8s tick=3163 fps_1s=60.0 avg_fps=60.0
[2m2026-09-26T11:12:44.742568Z[0m [32m INFO[0m [2mgame::bench[0m[2m:[0m [STATS] t=53.8s tick=3224 fps_1s=60.0 avg_fps=60.0
[2m2026-09-26T11:12:45.759211Z[0m [32m INFO[0m [2mgame::bench[0m[2m:[0m [STATS] t=54.8s tick=3285 fps_1s=60.0 avg_fps=60.0
[2m2026-09-26T11:12:46.775744Z[0m [32m INFO[0m [2mgame::bench[0m[2m:[0m [STATS] t=55.8s tick=3346 fps_1s=60.0 avg_fps=60.0
[2m2026-09-26T11:12:47.792555Z[0m [32m INFO[0m [2mgame::bench[0m[2m:[0m [STATS] t=56.9s tick=3407 fps_1s=60.0 avg_fps=60.0
[2m2026-09-26T11:12:48.809016Z[0m [32m INFO[0m [2mgame::bench[0m[2m:[0m [STATS] t=57.9s tick=3468 fps_1s=60.0 avg_fps=60.0
[2m2026-09-26T11:12:49.825658Z[0m [32m INFO[0m [2mgame::bench[0m[2m:[0m [STATS] t=58.9s tick=3529 fps_1s=60.0 avg_fps=60.0
[2m2026-09-26T11:12:50.842399Z[0m [32m INFO[0m [2mgame::bench[0m[2m:[0m [STATS] t=59.9s tick=3590 fps_1s=60.0 avg_fps=60.0
[2m2026-09-26T11:12:51.858925Z[0m [32m INFO[0m [2mgame::bench[0m[2m:[0m [STATS] t=60.9s tick=3651 fps_1s=60.0 avg_fps=60.0
[2m2026-09-26T11:12:52.875388Z[0m [32m INFO[0m [2mgame::bench[0m[2m:[0m [STATS] t=61.9s tick=3712 fps_1s=60.0 avg_fps=60.0
[2m2026-09-26T11:12:53.891885Z[0m [32m INFO[0m [2mgame::bench[0m[2m:[0m [STATS] t=63.0s tick=3773 fps_1s=60.0 avg_fps=60.0
[2m2026-09-26T11:12:54.908616Z[0m [32m INFO[0m [2mgame::bench[0m[2m:[0m [STATS] t=64.0s tick=3834 fps_1s=60.0 avg_fps=60.0
[2m2026-09-26T11:12:55.925101Z[0m [32m INFO[0m [2mgame::bench[0m[2m:[0m [STATS] t=65.0s tick=3895 fps_1s=60.0 avg_fps=60.0
[2m2026-09-26T11:12:56.941828Z[0m [32m INFO[0m [2mgame::bench[0m[2m:[0m [STATS] t=66.0s tick=3956 fps_1s=60.0 avg_fps=60.0
[2m2026-09-26T11:12:57.958353Z[0m [32m INFO[0m [2mgame::bench[0m[2m:[0m [STATS] t=67.0s tick=4017 fps_1s=60.0 avg_fps=60.0
[2m2026-09-26T11:12:58.975180Z[0m [32m INFO[0m [2mgame::bench[0m[2m:[0m [STATS] t=68.0s tick=4078 fps_1s=60.0 avg_fps=60.0
[2m2026-09-26T11:12:59.991743Z[0m [32m INFO[0m [2mgame::bench[0m[2m:[0m [STATS] t=69.1s tick=4139 fps_1s=60.0 avg_fps=60.0
[2m2026-09-26T11:13:01.008452Z[0m [32m INFO[0m [2mgame::bench[0m[2m:[0m [STATS] t=70.1s tick=4200 fps_1s=60.0 avg_fps=60.0
[2m2026-09-26T11:13:02.024993Z[0m [32m INFO[0m [2mgame::bench[0m[2m:[0m [STATS] t=71.1s tick=4261 fps_1s=60.0 avg_fps=60.0
[2m2026-09-26T11:13:03.041724Z[0m [32m INFO[0m [2mgame::bench[0m[2m:[0m [STATS] t=72.1s tick=4322 fps_1s=60.0 avg_fps=60.0
[2m2026-09-26T11:13:04.058069Z[0m [32m INFO[0m [2mgame::bench[0m[2m:[0m [STATS] t=73.1s tick=4383 fps_1s=60.0 avg_fps=60.0
[2m2026-09-26T11:13:05.058060Z[0m [32m INFO[0m [2mgame::bench[0m[2m:[0m [STATS] t=74.1s tick=4443 fps_1s=60.0 avg_fps=60.0
[2m2026-09-26T11:13:06.074476Z[0m [32m INFO[0m [2mgame::bench[0m[2m:[0m [STATS] t=75.1s tick=4504 fps_1s=60.0 avg_fps=60.0
[2m2026-09-26T11:13:07.091136Z[0m [32m INFO[0m [2mgame::bench[0m[2m:[0m [STATS] t=76.2s tick=4565 fps_1s=60.0 avg_fps=60.0
[2m2026-09-26T11:13:08.107881Z[0m [32m INFO[0m [2mgame::bench[0m[2m:[0m [STATS] t=77.2s tick=4626 fps_1s=60.0 avg_fps=60.0
[2m2026-09-26T11:13:09.124629Z[0m [32m INFO[0m [2mgame::bench[0m[2m:[0m [STATS] t=78.2s tick=4687 fps_1s=60.0 avg_fps=60.0
[2m2026-09-26T11:13:10.141165Z[0m [32m INFO[0m [2mgame::bench[0m[2m:[0m [STATS] t=79.2s tick=4748 fps_1s=60.0 avg_fps=60.0
[2m2026-09-26T11:13:11.141147Z[0m [32m INFO[0m [2mgame::bench[0m[2m:[0m [STATS] t=80.2s tick=4808 fps_1s=60.0 avg_fps=60.0
[2m2026-09-26T11:13:12.157975Z[0m [32m INFO[0m [2mgame::bench[0m[2m:[0m [STATS] t=81.2s tick=4869 fps_1s=60.0 avg_fps=60.0
[2m2026-09-26T11:13:13.174512Z[0m [32m INFO[0m [2mgame::bench[0m[2m:[0m [STATS] t=82.2s tick=4930 fps_1s=60.0 avg_fps=60.0
[2m2026-09-26T11:13:14.190723Z[0m [32m INFO[0m [2mgame::bench[0m[2m:[0m [STATS] t=83.3s tick=4991 fps_1s=60.0 avg_fps=60.0
[2m2026-09-26T11:13:15.207283Z[0m [32m INFO[0m [2mgame::bench[0m[2m:[0m [STATS] t=84.3s tick=5052 fps_1s=60.0 avg_fps=60.0
[2m2026-09-26T11:13:16.223920Z[0m [32m INFO[0m [2mgame::bench[0m[2m:[0m [STATS] t=85.3s tick=5113 fps_1s=60.0 avg_fps=60.0
[2m2026-09-26T11:13:17.240852Z[0m [32m INFO[0m [2mgame::bench[0m[2m:[0m [STATS] t=86.3s tick=5174 fps_1s=60.0 avg_fps=60.0
[2m2026-09-26T11:13:18.257248Z[0m [32m INFO[0m [2mgame::bench[0m[2m:[0m [STATS] t=87.3s tick=5235 fps_1s=60.0 avg_fps=60.0
[2m2026-09-26T11:13:19.273836Z[0m [32m INFO[0m [2mgame::bench[0m[2m:[0m [STATS] t=88.3s tick=5296 fps_1s=60.0 avg_fps=60.0
[2m2026-09-26T11:13:20.290431Z[0m [32m INFO[0m [2mgame::bench[0m[2m:[0m [STATS] t=89.4s tick=5357 fps_1s=60.0 avg_fps=60.0
[2m2026-09-26T11:13:21.306965Z[0m [32m INFO[0m [2mgame::bench[0m[2m:[0m [STATS] t=90.4s tick=5418 fps_1s=60.0 avg_fps=60.0
[2m2026-09-26T11:13:22.323618Z[0m [32m INFO[0m [2mgame::bench[0m[2m:[0m [STATS] t=91.4s tick=5479 fps_1s=60.0 avg_fps=60.0
[2m2026-09-26T11:13:23.340334Z[0m [32m INFO[0m [2mgame::bench[0m[2m:[0m [STATS] t=92.4s tick=5540 fps_1s=60.0 avg_fps=60.0
[2m2026-09-26T11:13:24.340516Z[0m [32m INFO[0m [2mgame::bench[0m[2m:[0m [STATS] t=93.4s tick=5600 fps_1s=60.0 avg_fps=60.0
[2m2026-09-26T11:13:25.356889Z[0m [32m INFO[0m [2mgame::bench[0m[2m:[0m [STATS] t=94.4s tick=5661 fps_1s=60.0 avg_fps=60.0
[2m2026-09-26T11:13:26.373572Z[0m [32m INFO[0m [2mgame::bench[0m[2m:[0m [STATS] t=95.4s tick=5722 fps_1s=60.0 avg_fps=60.0
[2m2026-09-26T11:13:27.390276Z[0m [32m INFO[0m [2mgame::bench[0m[2m:[0m [STATS] t=96.5s tick=5783 fps_1s=60.0 avg_fps=60.0
[2m2026-09-26T11:13:28.406598Z[0m [32m INFO[0m [2mgame::bench[0m[2m:[0m [STATS] t=97.5s tick=5844 fps_1s=60.0 avg_fps=60.0
[2m2026-09-26T11:13:29.423184Z[0m [32m INFO[0m [2mgame::bench[0m[2m:[0m [STATS] t=98.5s tick=5905 fps_1s=60.0 avg_fps=60.0
[2m2026-09-26T11:13:30.439745Z[0m [32m INFO[0m [2mgame::bench[0m[2m:[0m [STATS] t=99.5s tick=5966 fps_1s=60.0 avg_fps=60.0
[2m2026-09-26T11:13:31.456460Z[0m [32m INFO[0m [2mgame::bench[0m[2m:[0m [STATS] t=100.5s tick=6027 fps_1s=60.0 avg_fps=60.0
[2m2026-09-26T11:13:32.472976Z[0m [32m INFO[0m [2mgame::bench[0m[2m:[0m [STATS] t=101.5s tick=6088 fps_1s=60.0 avg_fps=60.0
[2m2026-09-26T11:13:33.473036Z[0m [32m INFO[0m [2mgame::bench[0m[2m:[0m [STATS] t=102.5s tick=6148 fps_1s=60.0 avg_fps=60.0
[2m2026-09-26T11:13:34.489570Z[0m [32m INFO[0m [2mgame::bench[0m[2m:[0m [STATS] t=103.6s tick=6209 fps_1s=60.0 avg_fps=60.0
[2m2026-09-26T11:13:35.506118Z[0m [32m INFO[0m [2mgame::bench[0m[2m:[0m [STATS] t=104.6s tick=6270 fps_1s=60.0 avg_fps=60.0
[2m2026-09-26T11:13:36.522790Z[0m [32m INFO[0m [2mgame::bench[0m[2m:[0m [STATS] t=105.6s tick=6331 fps_1s=60.0 avg_fps=60.0
[2m2026-09-26T11:13:37.539554Z[0m [32m INFO[0m [2mgame::bench[0m[2m:[0m [STATS] t=106.6s tick=6392 fps_1s=60.0 avg_fps=60.0
[2m2026-09-26T11:13:38.556052Z[0m [32m INFO[0m [2mgame::bench[0m[2m:[0m [STATS] t=107.6s tick=6453 fps_1s=60.0 avg_fps=60.0
[2m2026-09-26T11:13:39.572745Z[0m [32m INFO[0m [2mgame::bench[0m[2m:[0m [STATS] t=108.6s tick=6514 fps_1s=60.0 avg_fps=60.0
[2m2026-09-26T11:13:40.589383Z[0m [32m INFO[0m [2mgame::bench[0m[2m:[0m [STATS] t=109.7s tick=6575 fps_1s=60.0 avg_fps=60.0
[2m2026-09-26T11:13:41.605846Z[0m [32m INFO[0m [2mgame::bench[0m[2m:[0m [STATS] t=110.7s tick=6636 fps_1s=60.0 avg_fps=60.0
[2m2026-09-26T11:13:42.622648Z[0m [32m INFO[0m [2mgame::bench[0m[2m:[0m [STATS] t=111.7s tick=6697 fps_1s=60.0 avg_fps=60.0
[2m2026-09-26T11:13:43.639737Z[0m [32m INFO[0m [2mgame::bench[0m[2m:[0m [STATS] t=112.7s tick=6758 fps_1s=60.0 avg_fps=60.0
[2m2026-09-26T11:13:44.655546Z[0m [32m INFO[0m [2mgame::bench[0m[2m:[0m [STATS] t=113.7s tick=6819 fps_1s=60.0 avg_fps=60.0
[2m2026-09-26T11:13:45.672231Z[0m [32m INFO[0m [2mgame::bench[0m[2m:[0m [STATS] t=114.7s tick=6880 fps_1s=60.0 avg_fps=60.0
[2m2026-09-26T11:13:46.688869Z[0m [32m INFO[0m [2mgame::bench[0m[2m:[0m [STATS] t=115.8s tick=6941 fps_1s=60.0 avg_fps=60.0
[2m2026-09-26T11:13:47.705383Z[0m [32m INFO[0m [2mgame::bench[0m[2m:[0m [STATS] t=116.8s tick=7002 fps_1s=60.0 avg_fps=60.0
[2m2026-09-26T11:13:48.721903Z[0m [32m INFO[0m [2mgame::bench[0m[2m:[0m [STATS] t=117.8s tick=7063 fps_1s=60.0 avg_fps=60.0
[2m2026-09-26T11:13:49.738554Z[0m [32m INFO[0m [2mgame::bench[0m[2m:[0m [STATS] t=118.8s tick=7124 fps_1s=60.0 avg_fps=60.0
[2m2026-09-26T11:13:50.738794Z[0m [32m INFO[0m [2mgame::bench[0m[2m:[0m [STATS] t=119.8s tick=7184 fps_1s=60.0 avg_fps=60.0
[2m2026-09-26T11:13:51.755271Z[0m [32m INFO[0m [2mgame::bench[0m[2m:[0m [STATS] t=120.8s tick=7245 fps_1s=60.0 avg_fps=60.0
[2m2026-09-26T11:13:52.755138Z[0m [32m INFO[0m [2mgame::bench[0m[2m:[0m [STATS] t=121.8s tick=7305 fps_1s=60.0 avg_fps=60.0
[2m2026-09-26T11:13:53.771588Z[0m [32m INFO[0m [2mgame::bench[0m[2m:[0m [STATS] t=122.8s tick=7366 fps_1s=60.0 avg_fps=60.0
[2m2026-09-26T11:13:54.788328Z[0m [32m INFO[0m [2mgame::bench[0m[2m:[0m [STATS] t=123.9s tick=7427 fps_1s=60.0 avg_fps=60.0
[2m2026-09-26T11:13:55.805024Z[0m [32m INFO[0m [2mgame::bench[0m[2m:[0m [STATS] t=124.9s tick=7488 fps_1s=60.0 avg_fps=60.0
[2m2026-09-26T11:13:56.821384Z[0m [32m INFO[0m [2mgame::bench[0m[2m:[0m [STATS] t=125.9s tick=7549 fps_1s=60.0 avg_fps=60.0
[2m2026-09-26T11:13:57.821475Z[0m [32m INFO[0m [2mgame::bench[0m[2m:[0m [STATS] t=126.9s tick=7609 fps_1s=60.0 avg_fps=60.0
[2m2026-09-26T11:13:58.838187Z[0m [32m INFO[0m [2mgame::bench[0m[2m:[0m [STATS] t=127.9s tick=7670 fps_1s=60.0 avg_fps=60.0
[2m2026-09-26T11:13:59.855306Z[0m [32m INFO[0m [2mgame::bench[0m[2m:[0m [STATS] t=128.9s tick=7731 fps_1s=60.0 avg_fps=60.0
[2m2026-09-26T11:14:00.871116Z[0m [32m INFO[0m [2mgame::bench[0m[2m:[0m [STATS] t=129.9s tick=7792 fps_1s=60.0 avg_fps=60.0
[2m2026-09-26T11:14:01.871153Z[0m [32m INFO[0m [2mgame::bench[0m[2m:[0m [STATS] t=130.9s tick=7852 fps_1s=60.0 avg_fps=60.0
[2m2026-09-26T11:14:02.887856Z[0m [32m INFO[0m [2mgame::bench[0m[2m:[0m [STATS] t=132.0s tick=7913 fps_1s=60.0 avg_fps=60.0
[2m2026-09-26T11:14:03.904551Z[0m [32m INFO[0m [2mgame::bench[0m[2m:[0m [STATS] t=133.0s tick=7974 fps_1s=60.0 avg_fps=60.0
[2m2026-09-26T11:14:04.904385Z[0m [32m INFO[0m [2mgame::bench[0m[2m:[0m [STATS] t=134.0s tick=8034 fps_1s=60.0 avg_fps=60.0
[2m2026-09-26T11:14:05.920859Z[0m [32m INFO[0m [2mgame::bench[0m[2m:[0m [STATS] t=135.0s tick=8095 fps_1s=60.0 avg_fps=60.0
[2m2026-09-26T11:14:06.920896Z[0m [32m INFO[0m [2mgame::bench[0m[2m:[0m [STATS] t=136.0s tick=8155 fps_1s=60.0 avg_fps=60.0
[2m2026-09-26T11:14:07.937611Z[0m [32m INFO[0m [2mgame::bench[0m[2m:[0m [STATS] t=137.0s tick=8216 fps_1s=60.0 avg_fps=60.0
[2m2026-09-26T11:14:08.954427Z[0m [32m INFO[0m [2mgame::bench[0m[2m:[0m [STATS] t=138.0s tick=8277 fps_1s=60.0 avg_fps=60.0
[2m2026-09-26T11:14:09.970890Z[0m [32m INFO[0m [2mgame::bench[0m[2m:[0m [STATS] t=139.0s tick=8338 fps_1s=60.0 avg_fps=60.0
[2m2026-09-26T11:14:10.987431Z[0m [32m INFO[0m [2mgame::bench[0m[2m:[0m [STATS] t=140.1s tick=8399 fps_1s=60.0 avg_fps=60.0
[2m2026-09-26T11:14:12.004318Z[0m [32m INFO[0m [2mgame::bench[0m[2m:[0m [STATS] t=141.1s tick=8460 fps_1s=60.0 avg_fps=60.0
[2m2026-09-26T11:14:13.020870Z[0m [32m INFO[0m [2mgame::bench[0m[2m:[0m [STATS] t=142.1s tick=8521 fps_1s=60.0 avg_fps=60.0
[2m2026-09-26T11:14:14.037348Z[0m [32m INFO[0m [2mgame::bench[0m[2m:[0m [STATS] t=143.1s tick=8582 fps_1s=60.0 avg_fps=60.0
[2m2026-09-26T11:14:15.053691Z[0m [32m INFO[0m [2mgame::bench[0m[2m:[0m [STATS] t=144.1s tick=8643 fps_1s=60.0 avg_fps=60.0
[2m2026-09-26T11:14:16.070295Z[0m [32m INFO[0m [2mgame::bench[0m[2m:[0m [STATS] t=145.1s tick=8704 fps_1s=60.0 avg_fps=60.0
[2m2026-09-26T11:14:17.087221Z[0m [32m INFO[0m [2mgame::bench[0m[2m:[0m [STATS] t=146.2s tick=8765 fps_1s=60.0 avg_fps=60.0
[2m2026-09-26T11:14:18.086947Z[0m [32m INFO[0m [2mgame::bench[0m[2m:[0m [STATS] t=147.2s tick=8825 fps_1s=60.0 avg_fps=60.0
[2m2026-09-26T11:14:19.103503Z[0m [32m INFO[0m [2mgame::bench[0m[2m:[0m [STATS] t=148.2s tick=8886 fps_1s=60.0 avg_fps=60.0
[2m2026-09-26T11:14:20.120434Z[0m [32m INFO[0m [2mgame::bench[0m[2m:[0m [STATS] t=149.2s tick=8947 fps_1s=60.0 avg_fps=60.0
[2m2026-09-26T11:14:21.136974Z[0m [32m INFO[0m [2mgame::bench[0m[2m:[0m [STATS] t=150.2s tick=9008 fps_1s=60.0 avg_fps=60.0
[2m2026-09-26T11:14:22.154694Z[0m [32m INFO[0m [2mgame::bench[0m[2m:[0m [STATS] t=151.2s tick=9069 fps_1s=60.0 avg_fps=60.0
[2m2026-09-26T11:14:23.170091Z[0m [32m INFO[0m [2mgame::bench[0m[2m:[0m [STATS] t=152.2s tick=9130 fps_1s=60.0 avg_fps=60.0
[2m2026-09-26T11:14:24.186980Z[0m [32m INFO[0m [2mgame::bench[0m[2m:[0m [STATS] t=153.3s tick=9191 fps_1s=60.0 avg_fps=60.0
[2m2026-09-26T11:14:25.203083Z[0m [32m INFO[0m [2mgame::bench[0m[2m:[0m [STATS] t=154.3s tick=9252 fps_1s=60.0 avg_fps=60.0
[2m2026-09-26T11:14:26.219604Z[0m [32m INFO[0m [2mgame::bench[0m[2m:[0m [STATS] t=155.3s tick=9313 fps_1s=60.0 avg_fps=60.0
[2m2026-09-26T11:14:27.219623Z[0m [32m INFO[0m [2mgame::bench[0m[2m:[0m [STATS] t=156.3s tick=9373 fps_1s=60.0 avg_fps=60.0
[2m2026-09-26T11:14:28.236212Z[0m [32m INFO[0m [2mgame::bench[0m[2m:[0m [STATS] t=157.3s tick=9434 fps_1s=60.0 avg_fps=60.0
[2m2026-09-26T11:14:29.236203Z[0m [32m INFO[0m [2mgame::bench[0m[2m:[0m [STATS] t=158.3s tick=9494 fps_1s=60.0 avg_fps=60.0
[2m2026-09-26T11:14:30.252889Z[0m [32m INFO[0m [2mgame::bench[0m[2m:[0m [STATS] t=159.3s tick=9555 fps_1s=60.0 avg_fps=60.0
[2m2026-09-26T11:14:31.269501Z[0m [32m INFO[0m [2mgame::bench[0m[2m:[0m [STATS] t=160.3s tick=9616 fps_1s=60.0 avg_fps=60.0
[2m2026-09-26T11:14:32.286005Z[0m [32m INFO[0m [2mgame::bench[0m[2m:[0m [STATS] t=161.4s tick=9677 fps_1s=60.0 avg_fps=60.0
[2m2026-09-26T11:14:33.302594Z[0m [32m INFO[0m [2mgame::bench[0m[2m:[0m [STATS] t=162.4s tick=9738 fps_1s=60.0 avg_fps=60.0
[2m2026-09-26T11:14:34.319216Z[0m [32m INFO[0m [2mgame::bench[0m[2m:[0m [STATS] t=163.4s tick=9799 fps_1s=60.0 avg_fps=60.0
[2m2026-09-26T11:14:35.335906Z[0m [32m INFO[0m [2mgame::bench[0m[2m:[0m [STATS] t=164.4s tick=9860 fps_1s=60.0 avg_fps=60.0
[2m2026-09-26T11:14:36.352626Z[0m [32m INFO[0m [2mgame::bench[0m[2m:[0m [STATS] t=165.4s tick=9921 fps_1s=60.0 avg_fps=60.0
[2m2026-09-26T11:14:37.369242Z[0m [32m INFO[0m [2mgame::bench[0m[2m:[0m [STATS] t=166.4s tick=9982 fps_1s=60.0 avg_fps=60.0
[2m2026-09-26T11:14:38.385664Z[0m [32m INFO[0m [2mgame::bench[0m[2m:[0m [STATS] t=167.5s tick=10043 fps_1s=60.0 avg_fps=60.0
[2m2026-09-26T11:14:39.402375Z[0m [32m INFO[0m [2mgame::bench[0m[2m:[0m [STATS] t=168.5s tick=10104 fps_1s=60.0 avg_fps=60.0
[2m2026-09-26T11:14:40.419108Z[0m [32m INFO[0m [2mgame::bench[0m[2m:[0m [STATS] t=169.5s tick=10165 fps_1s=60.0 avg_fps=60.0
[2m2026-09-26T11:14:41.435571Z[0m [32m INFO[0m [2mgame::bench[0m[2m:[0m [STATS] t=170.5s tick=10226 fps_1s=60.0 avg_fps=60.0
[2m2026-09-26T11:14:42.452213Z[0m [32m INFO[0m [2mgame::bench[0m[2m:[0m [STATS] t=171.5s tick=10287 fps_1s=60.0 avg_fps=60.0
[2m2026-09-26T11:14:43.468828Z[0m [32m INFO[0m [2mgame::bench[0m[2m:[0m [STATS] t=172.5s tick=10348 fps_1s=60.0 avg_fps=60.0
[2m2026-09-26T11:14:44.485226Z[0m [32m INFO[0m [2mgame::bench[0m[2m:[0m [STATS] t=173.6s tick=10409 fps_1s=60.0 avg_fps=60.0
[2m2026-09-26T11:14:45.501900Z[0m [32m INFO[0m [2mgame::bench[0m[2m:[0m [STATS] t=174.6s tick=10470 fps_1s=60.0 avg_fps=60.0
[2m2026-09-26T11:14:46.519312Z[0m [32m INFO[0m [2mgame::bench[0m[2m:[0m [STATS] t=175.6s tick=10531 fps_1s=60.0 avg_fps=60.0
[2m2026-09-26T11:14:47.534940Z[0m [32m INFO[0m [2mgame::bench[0m[2m:[0m [STATS] t=176.6s tick=10592 fps_1s=60.0 avg_fps=60.0
[2m2026-09-26T11:14:48.551564Z[0m [32m INFO[0m [2mgame::bench[0m[2m:[0m [STATS] t=177.6s tick=10653 fps_1s=60.0 avg_fps=60.0
[2m2026-09-26T11:14:49.568600Z[0m [32m INFO[0m [2mgame::bench[0m[2m:[0m [STATS] t=178.6s tick=10714 fps_1s=60.0 avg_fps=60.0
[2m2026-09-26T11:14:50.585175Z[0m [32m INFO[0m [2mgame::bench[0m[2m:[0m [STATS] t=179.7s tick=10775 fps_1s=60.0 avg_fps=60.0
[2m2026-09-26T11:14:51.601450Z[0m [32m INFO[0m [2mgame::bench[0m[2m:[0m [STATS] t=180.7s tick=10836 fps_1s=60.0 avg_fps=60.0
[2m2026-09-26T11:14:52.618069Z[0m [32m INFO[0m [2mgame::bench[0m[2m:[0m [STATS] t=181.7s tick=10897 fps_1s=60.0 avg_fps=60.0
[2m2026-09-26T11:14:53.634657Z[0m [32m INFO[0m [2mgame::bench[0m[2m:[0m [STATS] t=182.7s tick=10958 fps_1s=60.0 avg_fps=60.0
[2m2026-09-26T11:14:54.651326Z[0m [32m INFO[0m [2mgame::bench[0m[2m:[0m [STATS] t=183.7s tick=11019 fps_1s=60.0 avg_fps=60.0
[2m2026-09-26T11:14:55.668004Z[0m [32m INFO[0m [2mgame::bench[0m[2m:[0m [STATS] t=184.7s tick=11080 fps_1s=60.0 avg_fps=60.0
[2m2026-09-26T11:14:56.684515Z[0m [32m INFO[0m [2mgame::bench[0m[2m:[0m [STATS] t=185.8s tick=11141 fps_1s=60.0 avg_fps=60.0
[2m2026-09-26T11:14:57.701584Z[0m [32m INFO[0m [2mgame::bench[0m[2m:[0m [STATS] t=186.8s tick=11202 fps_1s=60.0 avg_fps=60.0
[2m2026-09-26T11:14:58.718278Z[0m [32m INFO[0m [2mgame::bench[0m[2m:[0m [STATS] t=187.8s tick=11263 fps_1s=60.0 avg_fps=60.0
[2m2026-09-26T11:14:59.734563Z[0m [32m INFO[0m [2mgame::bench[0m[2m:[0m [STATS] t=188.8s tick=11324 fps_1s=60.0 avg_fps=60.0
[2m2026-09-26T11:15:00.751486Z[0m [32m INFO[0m [2mgame::bench[0m[2m:[0m [STATS] t=189.8s tick=11385 fps_1s=60.0 avg_fps=60.0
[2m2026-09-26T11:15:01.768665Z[0m [32m INFO[0m [2mgame::bench[0m[2m:[0m [STATS] t=190.8s tick=11446 fps_1s=60.0 avg_fps=60.0
[2m2026-09-26T11:15:02.784165Z[0m [32m INFO[0m [2mgame::bench[0m[2m:[0m [STATS] t=191.9s tick=11507 fps_1s=60.0 avg_fps=60.0
[2m2026-09-26T11:15:03.800749Z[0m [32m INFO[0m [2mgame::bench[0m[2m:[0m [STATS] t=192.9s tick=11568 fps_1s=60.0 avg_fps=60.0
[2m2026-09-26T11:15:04.817462Z[0m [32m INFO[0m [2mgame::bench[0m[2m:[0m [STATS] t=193.9s tick=11629 fps_1s=60.0 avg_fps=60.0
[2m2026-09-26T11:15:05.834000Z[0m [32m INFO[0m [2mgame::bench[0m[2m:[0m [STATS] t=194.9s tick=11690 fps_1s=60.0 avg_fps=60.0
[2m2026-09-26T11:15:06.850679Z[0m [32m INFO[0m [2mgame::bench[0m[2m:[0m [STATS] t=195.9s tick=11751 fps_1s=60.0 avg_fps=60.0
[2m2026-09-26T11:15:07.867202Z[0m [32m INFO[0m [2mgame::bench[0m[2m:[0m [STATS] t=196.9s tick=11812 fps_1s=60.0 avg_fps=60.0
[2m2026-09-26T11:15:08.883830Z[0m [32m INFO[0m [2mgame::bench[0m[2m:[0m [STATS] t=198.0s tick=11873 fps_1s=60.0 avg_fps=60.0
[2m2026-09-26T11:15:09.900307Z[0m [32m INFO[0m [2mgame::bench[0m[2m:[0m [STATS] t=199.0s tick=11934 fps_1s=60.0 avg_fps=60.0
[2m2026-09-26T11:15:10.916973Z[0m [32m INFO[0m [2mgame::bench[0m[2m:[0m [STATS] t=200.0s tick=11995 fps_1s=60.0 avg_fps=60.0
[2m2026-09-26T11:15:11.933685Z[0m [32m INFO[0m [2mgame::bench[0m[2m:[0m [STATS] t=201.0s tick=12056 fps_1s=60.0 avg_fps=60.0
[2m2026-09-26T11:15:12.950294Z[0m [32m INFO[0m [2mgame::bench[0m[2m:[0m [STATS] t=202.0s tick=12117 fps_1s=60.0 avg_fps=60.0
[2m2026-09-26T11:15:13.966719Z[0m [32m INFO[0m [2mgame::bench[0m[2m:[0m [STATS] t=203.0s tick=12178 fps_1s=60.0 avg_fps=60.0
[2m2026-09-26T11:15:14.983439Z[0m [32m INFO[0m [2mgame::bench[0m[2m:[0m [STATS] t=204.1s tick=12239 fps_1s=60.0 avg_fps=60.0
[2m2026-09-26T11:15:16.000208Z[0m [32m INFO[0m [2mgame::bench[0m[2m:[0m [STATS] t=205.1s tick=12300 fps_1s=60.0 avg_fps=60.0
[2m2026-09-26T11:15:17.018166Z[0m [32m INFO[0m [2mgame::bench[0m[2m:[0m [STATS] t=206.1s tick=12361 fps_1s=59.9 avg_fps=60.0
[2m2026-09-26T11:15:18.033607Z[0m [32m INFO[0m [2mgame::bench[0m[2m:[0m [STATS] t=207.1s tick=12422 fps_1s=60.1 avg_fps=60.0
[2m2026-09-26T11:15:19.049996Z[0m [32m INFO[0m [2mgame::bench[0m[2m:[0m [STATS] t=208.1s tick=12483 fps_1s=60.0 avg_fps=60.0
[2m2026-09-26T11:15:20.066822Z[0m [32m INFO[0m [2mgame::bench[0m[2m:[0m [STATS] t=209.1s tick=12544 fps_1s=60.0 avg_fps=60.0
[2m2026-09-26T11:15:21.083252Z[0m [32m INFO[0m [2mgame::bench[0m[2m:[0m [STATS] t=210.2s tick=12605 fps_1s=60.0 avg_fps=60.0
[2m2026-09-26T11:15:22.099629Z[0m [32m INFO[0m [2mgame::bench[0m[2m:[0m [STATS] t=211.2s tick=12666 fps_1s=60.0 avg_fps=60.0
[2m2026-09-26T11:15:23.116409Z[0m [32m INFO[0m [2mgame::bench[0m[2m:[0m [STATS] t=212.2s tick=12727 fps_1s=60.0 avg_fps=60.0
[2m2026-09-26T11:15:24.132907Z[0m [32m INFO[0m [2mgame::bench[0m[2m:[0m [STATS] t=213.2s tick=12788 fps_1s=60.0 avg_fps=60.0
[2m2026-09-26T11:15:25.149710Z[0m [32m INFO[0m [2mgame::bench[0m[2m:[0m [STATS] t=214.2s tick=12849 fps_1s=60.0 avg_fps=60.0
[2m2026-09-26T11:15:26.166240Z[0m [32m INFO[0m [2mgame::bench[0m[2m:[0m [STATS] t=215.2s tick=12910 fps_1s=60.0 avg_fps=60.0
[2m2026-09-26T11:15:27.182751Z[0m [32m INFO[0m [2mgame::bench[0m[2m:[0m [STATS] t=216.3s tick=12971 fps_1s=60.0 avg_fps=60.0
[2m2026-09-26T11:15:28.199298Z[0m [32m INFO[0m [2mgame::bench[0m[2m:[0m [STATS] t=217.3s tick=13032 fps_1s=60.0 avg_fps=60.0
[2m2026-09-26T11:15:29.215949Z[0m [32m INFO[0m [2mgame::bench[0m[2m:[0m [STATS] t=218.3s tick=13093 fps_1s=60.0 avg_fps=60.0
[2m2026-09-26T11:15:30.232643Z[0m [32m INFO[0m [2mgame::bench[0m[2m:[0m [STATS] t=219.3s tick=13154 fps_1s=60.0 avg_fps=60.0
[2m2026-09-26T11:15:31.249173Z[0m [32m INFO[0m [2mgame::bench[0m[2m:[0m [STATS] t=220.3s tick=13215 fps_1s=60.0 avg_fps=60.0
[2m2026-09-26T11:15:32.265774Z[0m [32m INFO[0m [2mgame::bench[0m[2m:[0m [STATS] t=221.3s tick=13276 fps_1s=60.0 avg_fps=60.0
[2m2026-09-26T11:15:33.282334Z[0m [32m INFO[0m [2mgame::bench[0m[2m:[0m [STATS] t=222.4s tick=13337 fps_1s=60.0 avg_fps=60.0
[2m2026-09-26T11:15:34.298807Z[0m [32m INFO[0m [2mgame::bench[0m[2m:[0m [STATS] t=223.4s tick=13398 fps_1s=60.0 avg_fps=60.0
[2m2026-09-26T11:15:35.299439Z[0m [32m INFO[0m [2mgame::bench[0m[2m:[0m [STATS] t=224.4s tick=13458 fps_1s=60.0 avg_fps=60.0
[2m2026-09-26T11:15:36.315345Z[0m [32m INFO[0m [2mgame::bench[0m[2m:[0m [STATS] t=225.4s tick=13519 fps_1s=60.0 avg_fps=60.0
[2m2026-09-26T11:15:37.315434Z[0m [32m INFO[0m [2mgame::bench[0m[2m:[0m [STATS] t=226.4s tick=13579 fps_1s=60.0 avg_fps=60.0
[2m2026-09-26T11:15:38.333386Z[0m [32m INFO[0m [2mgame::bench[0m[2m:[0m [STATS] t=227.4s tick=13640 fps_1s=60.0 avg_fps=60.0
[2m2026-09-26T11:15:39.349045Z[0m [32m INFO[0m [2mgame::bench[0m[2m:[0m [STATS] t=228.4s tick=13701 fps_1s=60.0 avg_fps=60.0
[2m2026-09-26T11:15:40.365679Z[0m [32m INFO[0m [2mgame::bench[0m[2m:[0m [STATS] t=229.4s tick=13762 fps_1s=60.0 avg_fps=60.0
[2m2026-09-26T11:15:41.382343Z[0m [32m INFO[0m [2mgame::bench[0m[2m:[0m [STATS] t=230.5s tick=13823 fps_1s=60.0 avg_fps=60.0
[2m2026-09-26T11:15:42.398642Z[0m [32m INFO[0m [2mgame::bench[0m[2m:[0m [STATS] t=231.5s tick=13884 fps_1s=60.0 avg_fps=60.0
[2m2026-09-26T11:15:43.415437Z[0m [32m INFO[0m [2mgame::bench[0m[2m:[0m [STATS] t=232.5s tick=13945 fps_1s=60.0 avg_fps=60.0
[2m2026-09-26T11:15:44.431594Z[0m [32m INFO[0m [2mgame::bench[0m[2m:[0m [STATS] t=233.5s tick=14006 fps_1s=60.0 avg_fps=60.0
[2m2026-09-26T11:15:45.448372Z[0m [32m INFO[0m [2mgame::bench[0m[2m:[0m [STATS] t=234.5s tick=14067 fps_1s=60.0 avg_fps=60.0
[2m2026-09-26T11:15:46.464908Z[0m [32m INFO[0m [2mgame::bench[0m[2m:[0m [STATS] t=235.5s tick=14128 fps_1s=60.0 avg_fps=60.0
[2m2026-09-26T11:15:47.481563Z[0m [32m INFO[0m [2mgame::bench[0m[2m:[0m [STATS] t=236.6s tick=14189 fps_1s=60.0 avg_fps=60.0
[2m2026-09-26T11:15:48.498312Z[0m [32m INFO[0m [2mgame::bench[0m[2m:[0m [STATS] t=237.6s tick=14250 fps_1s=60.0 avg_fps=60.0
[2m2026-09-26T11:15:49.514642Z[0m [32m INFO[0m [2mgame::bench[0m[2m:[0m [STATS] t=238.6s tick=14311 fps_1s=60.0 avg_fps=60.0
[2m2026-09-26T11:15:50.531118Z[0m [32m INFO[0m [2mgame::bench[0m[2m:[0m [STATS] t=239.6s tick=14372 fps_1s=60.0 avg_fps=60.0
[2m2026-09-26T11:15:51.531194Z[0m [32m INFO[0m [2mgame::bench[0m[2m:[0m [STATS] t=240.6s tick=14432 fps_1s=60.0 avg_fps=60.0
[2m2026-09-26T11:15:52.547757Z[0m [32m INFO[0m [2mgame::bench[0m[2m:[0m [STATS] t=241.6s tick=14493 fps_1s=60.0 avg_fps=60.0
[2m2026-09-26T11:15:53.547655Z[0m [32m INFO[0m [2mgame::bench[0m[2m:[0m [STATS] t=242.6s tick=14553 fps_1s=60.0 avg_fps=60.0
[2m2026-09-26T11:15:54.564434Z[0m [32m INFO[0m [2mgame::bench[0m[2m:[0m [STATS] t=243.6s tick=14614 fps_1s=60.0 avg_fps=60.0
[2m2026-09-26T11:15:55.581003Z[0m [32m INFO[0m [2mgame::bench[0m[2m:[0m [STATS] t=244.6s tick=14675 fps_1s=60.0 avg_fps=60.0
[2m2026-09-26T11:15:56.597645Z[0m [32m INFO[0m [2mgame::bench[0m[2m:[0m [STATS] t=245.7s tick=14736 fps_1s=60.0 avg_fps=60.0
[2m2026-09-26T11:15:57.614289Z[0m [32m INFO[0m [2mgame::bench[0m[2m:[0m [STATS] t=246.7s tick=14797 fps_1s=60.0 avg_fps=60.0
[2m2026-09-26T11:15:58.630962Z[0m [32m INFO[0m [2mgame::bench[0m[2m:[0m [STATS] t=247.7s tick=14858 fps_1s=60.0 avg_fps=60.0
[2m2026-09-26T11:15:59.647602Z[0m [32m INFO[0m [2mgame::bench[0m[2m:[0m [STATS] t=248.7s tick=14919 fps_1s=60.0 avg_fps=60.0
[2m2026-09-26T11:16:00.664180Z[0m [32m INFO[0m [2mgame::bench[0m[2m:[0m [STATS] t=249.7s tick=14980 fps_1s=60.0 avg_fps=60.0
[2m2026-09-26T11:16:01.680836Z[0m [32m INFO[0m [2mgame::bench[0m[2m:[0m [STATS] t=250.7s tick=15041 fps_1s=60.0 avg_fps=60.0
[2m2026-09-26T11:16:02.697145Z[0m [32m INFO[0m [2mgame::bench[0m[2m:[0m [STATS] t=251.8s tick=15102 fps_1s=60.0 avg_fps=60.0
[2m2026-09-26T11:16:03.697266Z[0m [32m INFO[0m [2mgame::bench[0m[2m:[0m [STATS] t=252.8s tick=15162 fps_1s=60.0 avg_fps=60.0
[2m2026-09-26T11:16:04.713745Z[0m [32m INFO[0m [2mgame::bench[0m[2m:[0m [STATS] t=253.8s tick=15223 fps_1s=60.0 avg_fps=60.0
[2m2026-09-26T11:16:05.730300Z[0m [32m INFO[0m [2mgame::bench[0m[2m:[0m [STATS] t=254.8s tick=15284 fps_1s=60.0 avg_fps=60.0
[2m2026-09-26T11:16:06.730294Z[0m [32m INFO[0m [2mgame::bench[0m[2m:[0m [STATS] t=255.8s tick=15344 fps_1s=60.0 avg_fps=60.0
[2m2026-09-26T11:16:07.730349Z[0m [32m INFO[0m [2mgame::bench[0m[2m:[0m [STATS] t=256.8s tick=15404 fps_1s=60.0 avg_fps=60.0
[2m2026-09-26T11:16:08.746910Z[0m [32m INFO[0m [2mgame::bench[0m[2m:[0m [STATS] t=257.8s tick=15465 fps_1s=60.0 avg_fps=60.0
[2m2026-09-26T11:16:09.763516Z[0m [32m INFO[0m [2mgame::bench[0m[2m:[0m [STATS] t=258.8s tick=15526 fps_1s=60.0 avg_fps=60.0
[2m2026-09-26T11:16:10.780065Z[0m [32m INFO[0m [2mgame::bench[0m[2m:[0m [STATS] t=259.8s tick=15587 fps_1s=60.0 avg_fps=60.0
[2m2026-09-26T11:16:11.796758Z[0m [32m INFO[0m [2mgame::bench[0m[2m:[0m [STATS] t=260.9s tick=15648 fps_1s=60.0 avg_fps=60.0
[2m2026-09-26T11:16:12.814038Z[0m [32m INFO[0m [2mgame::bench[0m[2m:[0m [STATS] t=261.9s tick=15709 fps_1s=60.0 avg_fps=60.0
[2m2026-09-26T11:16:13.830040Z[0m [32m INFO[0m [2mgame::bench[0m[2m:[0m [STATS] t=262.9s tick=15770 fps_1s=60.0 avg_fps=60.0
[2m2026-09-26T11:16:14.846699Z[0m [32m INFO[0m [2mgame::bench[0m[2m:[0m [STATS] t=263.9s tick=15831 fps_1s=60.0 avg_fps=60.0
[2m2026-09-26T11:16:15.863282Z[0m [32m INFO[0m [2mgame::bench[0m[2m:[0m [STATS] t=264.9s tick=15892 fps_1s=60.0 avg_fps=60.0
[2m2026-09-26T11:16:16.879889Z[0m [32m INFO[0m [2mgame::bench[0m[2m:[0m [STATS] t=265.9s tick=15953 fps_1s=60.0 avg_fps=60.0
[2m2026-09-26T11:16:17.896556Z[0m [32m INFO[0m [2mgame::bench[0m[2m:[0m [STATS] t=267.0s tick=16014 fps_1s=60.0 avg_fps=60.0
[2m2026-09-26T11:16:18.912966Z[0m [32m INFO[0m [2mgame::bench[0m[2m:[0m [STATS] t=268.0s tick=16075 fps_1s=60.0 avg_fps=60.0
[2m2026-09-26T11:16:19.930449Z[0m [32m INFO[0m [2mgame::bench[0m[2m:[0m [STATS] t=269.0s tick=16136 fps_1s=60.0 avg_fps=60.0
[2m2026-09-26T11:16:20.946017Z[0m [32m INFO[0m [2mgame::bench[0m[2m:[0m [STATS] t=270.0s tick=16197 fps_1s=60.0 avg_fps=60.0
[2m2026-09-26T11:16:21.962846Z[0m [32m INFO[0m [2mgame::bench[0m[2m:[0m [STATS] t=271.0s tick=16258 fps_1s=60.0 avg_fps=60.0
[2m2026-09-26T11:16:22.979207Z[0m [32m INFO[0m [2mgame::bench[0m[2m:[0m [STATS] t=272.0s tick=16319 fps_1s=60.0 avg_fps=60.0
[2m2026-09-26T11:16:23.995902Z[0m [32m INFO[0m [2mgame::bench[0m[2m:[0m [STATS] t=273.1s tick=16380 fps_1s=60.0 avg_fps=60.0
[2m2026-09-26T11:16:25.012635Z[0m [32m INFO[0m [2mgame::bench[0m[2m:[0m [STATS] t=274.1s tick=16441 fps_1s=60.0 avg_fps=60.0
[2m2026-09-26T11:16:26.029144Z[0m [32m INFO[0m [2mgame::bench[0m[2m:[0m [STATS] t=275.1s tick=16502 fps_1s=60.0 avg_fps=60.0
[2m2026-09-26T11:16:27.045823Z[0m [32m INFO[0m [2mgame::bench[0m[2m:[0m [STATS] t=276.1s tick=16563 fps_1s=60.0 avg_fps=60.0
[2m2026-09-26T11:16:28.062457Z[0m [32m INFO[0m [2mgame::bench[0m[2m:[0m [STATS] t=277.1s tick=16624 fps_1s=60.0 avg_fps=60.0
[2m2026-09-26T11:16:29.062222Z[0m [32m INFO[0m [2mgame::bench[0m[2m:[0m [STATS] t=278.1s tick=16684 fps_1s=60.0 avg_fps=60.0
[2m2026-09-26T11:16:30.078753Z[0m [32m INFO[0m [2mgame::bench[0m[2m:[0m [STATS] t=279.1s tick=16745 fps_1s=60.0 avg_fps=60.0
[2m2026-09-26T11:16:31.078817Z[0m [32m INFO[0m [2mgame::bench[0m[2m:[0m [STATS] t=280.1s tick=16805 fps_1s=60.0 avg_fps=60.0
[2m2026-09-26T11:16:32.095257Z[0m [32m INFO[0m [2mgame::bench[0m[2m:[0m [STATS] t=281.2s tick=16866 fps_1s=60.0 avg_fps=60.0
[2m2026-09-26T11:16:33.095293Z[0m [32m INFO[0m [2mgame::bench[0m[2m:[0m [STATS] t=282.2s tick=16926 fps_1s=60.0 avg_fps=60.0
[2m2026-09-26T11:16:34.111948Z[0m [32m INFO[0m [2mgame::bench[0m[2m:[0m [STATS] t=283.2s tick=16987 fps_1s=60.0 avg_fps=60.0
[2m2026-09-26T11:16:35.128763Z[0m [32m INFO[0m [2mgame::bench[0m[2m:[0m [STATS] t=284.2s tick=17048 fps_1s=60.0 avg_fps=60.0
[2m2026-09-26T11:16:36.145482Z[0m [32m INFO[0m [2mgame::bench[0m[2m:[0m [STATS] t=285.2s tick=17109 fps_1s=60.0 avg_fps=60.0
[2m2026-09-26T11:16:37.161954Z[0m [32m INFO[0m [2mgame::bench[0m[2m:[0m [STATS] t=286.2s tick=17170 fps_1s=60.0 avg_fps=60.0
[2m2026-09-26T11:16:38.178783Z[0m [32m INFO[0m [2mgame::bench[0m[2m:[0m [STATS] t=287.2s tick=17231 fps_1s=60.0 avg_fps=60.0
[2m2026-09-26T11:16:39.195131Z[0m [32m INFO[0m [2mgame::bench[0m[2m:[0m [STATS] t=288.3s tick=17292 fps_1s=60.0 avg_fps=60.0
[2m2026-09-26T11:16:40.211628Z[0m [32m INFO[0m [2mgame::bench[0m[2m:[0m [STATS] t=289.3s tick=17353 fps_1s=60.0 avg_fps=60.0
[2m2026-09-26T11:16:41.228309Z[0m [32m INFO[0m [2mgame::bench[0m[2m:[0m [STATS] t=290.3s tick=17414 fps_1s=60.0 avg_fps=60.0
[2m2026-09-26T11:16:42.244736Z[0m [32m INFO[0m [2mgame::bench[0m[2m:[0m [STATS] t=291.3s tick=17475 fps_1s=60.0 avg_fps=60.0
[2m2026-09-26T11:16:43.261413Z[0m [32m INFO[0m [2mgame::bench[0m[2m:[0m [STATS] t=292.3s tick=17536 fps_1s=60.0 avg_fps=60.0
[2m2026-09-26T11:16:44.278104Z[0m [32m INFO[0m [2mgame::bench[0m[2m:[0m [STATS] t=293.3s tick=17597 fps_1s=60.0 avg_fps=60.0
[2m2026-09-26T11:16:45.294647Z[0m [32m INFO[0m [2mgame::bench[0m[2m:[0m [STATS] t=294.4s tick=17658 fps_1s=60.0 avg_fps=60.0
[2m2026-09-26T11:16:46.311179Z[0m [32m INFO[0m [2mgame::bench[0m[2m:[0m [STATS] t=295.4s tick=17719 fps_1s=60.0 avg_fps=60.0
[2m2026-09-26T11:16:47.328363Z[0m [32m INFO[0m [2mgame::bench[0m[2m:[0m [STATS] t=296.4s tick=17780 fps_1s=60.0 avg_fps=60.0
[2m2026-09-26T11:16:48.344904Z[0m [32m INFO[0m [2mgame::bench[0m[2m:[0m [STATS] t=297.4s tick=17841 fps_1s=60.0 avg_fps=60.0
[2m2026-09-26T11:16:49.361260Z[0m [32m INFO[0m [2mgame::bench[0m[2m:[0m [STATS] t=298.4s tick=17902 fps_1s=60.0 avg_fps=60.0
[2m2026-09-26T11:16:50.377789Z[0m [32m INFO[0m [2mgame::bench[0m[2m:[0m [STATS] t=299.4s tick=17963 fps_1s=60.0 avg_fps=60.0
[2m2026-09-26T11:16:51.394101Z[0m [32m INFO[0m [2mgame::bench[0m[2m:[0m [STATS] t=300.5s tick=18024 fps_1s=60.0 avg_fps=60.0
[2m2026-09-26T11:16:52.394240Z[0m [32m INFO[0m [2mgame::bench[0m[2m:[0m [STATS] t=301.5s tick=18084 fps_1s=60.0 avg_fps=60.0
[2m2026-09-26T11:16:53.410914Z[0m [32m INFO[0m [2mgame::bench[0m[2m:[0m [STATS] t=302.5s tick=18145 fps_1s=60.0 avg_fps=60.0
[2m2026-09-26T11:16:54.410692Z[0m [32m INFO[0m [2mgame::bench[0m[2m:[0m [STATS] t=303.5s tick=18205 fps_1s=60.0 avg_fps=60.0
[2m2026-09-26T11:16:55.427406Z[0m [32m INFO[0m [2mgame::bench[0m[2m:[0m [STATS] t=304.5s tick=18266 fps_1s=60.0 avg_fps=60.0
[2m2026-09-26T11:16:56.443904Z[0m [32m INFO[0m [2mgame::bench[0m[2m:[0m [STATS] t=305.5s tick=18327 fps_1s=60.0 avg_fps=60.0
[2m2026-09-26T11:16:57.460793Z[0m [32m INFO[0m [2mgame::bench[0m[2m:[0m [STATS] t=306.5s tick=18388 fps_1s=60.0 avg_fps=60.0
[2m2026-09-26T11:16:58.477299Z[0m [32m INFO[0m [2mgame::bench[0m[2m:[0m [STATS] t=307.5s tick=18449 fps_1s=60.0 avg_fps=60.0
[2m2026-09-26T11:16:59.493938Z[0m [32m INFO[0m [2mgame::bench[0m[2m:[0m [STATS] t=308.6s tick=18510 fps_1s=60.0 avg_fps=60.0
[2m2026-09-26T11:17:00.510558Z[0m [32m INFO[0m [2mgame::bench[0m[2m:[0m [STATS] t=309.6s tick=18571 fps_1s=60.0 avg_fps=60.0
[2m2026-09-26T11:17:01.527240Z[0m [32m INFO[0m [2mgame::bench[0m[2m:[0m [STATS] t=310.6s tick=18632 fps_1s=60.0 avg_fps=60.0
[2m2026-09-26T11:17:02.543613Z[0m [32m INFO[0m [2mgame::bench[0m[2m:[0m [STATS] t=311.6s tick=18693 fps_1s=60.0 avg_fps=60.0
[2m2026-09-26T11:17:03.560141Z[0m [32m INFO[0m [2mgame::bench[0m[2m:[0m [STATS] t=312.6s tick=18754 fps_1s=60.0 avg_fps=60.0
[2m2026-09-26T11:17:04.560268Z[0m [32m INFO[0m [2mgame::bench[0m[2m:[0m [STATS] t=313.6s tick=18814 fps_1s=60.0 avg_fps=60.0
[2m2026-09-26T11:17:05.576770Z[0m [32m INFO[0m [2mgame::bench[0m[2m:[0m [STATS] t=314.6s tick=18875 fps_1s=60.0 avg_fps=60.0
[2m2026-09-26T11:17:06.593301Z[0m [32m INFO[0m [2mgame::bench[0m[2m:[0m [STATS] t=315.7s tick=18936 fps_1s=60.0 avg_fps=60.0
[2m2026-09-26T11:17:07.610132Z[0m [32m INFO[0m [2mgame::bench[0m[2m:[0m [STATS] t=316.7s tick=18997 fps_1s=60.0 avg_fps=60.0
[2m2026-09-26T11:17:08.626890Z[0m [32m INFO[0m [2mgame::bench[0m[2m:[0m [STATS] t=317.7s tick=19058 fps_1s=60.0 avg_fps=60.0
[2m2026-09-26T11:17:09.643549Z[0m [32m INFO[0m [2mgame::bench[0m[2m:[0m [STATS] t=318.7s tick=19119 fps_1s=60.0 avg_fps=60.0
[2m2026-09-26T11:17:10.659947Z[0m [32m INFO[0m [2mgame::bench[0m[2m:[0m [STATS] t=319.7s tick=19180 fps_1s=60.0 avg_fps=60.0
[2m2026-09-26T11:17:11.676539Z[0m [32m INFO[0m [2mgame::bench[0m[2m:[0m [STATS] t=320.7s tick=19241 fps_1s=60.0 avg_fps=60.0
[2m2026-09-26T11:17:12.693051Z[0m [32m INFO[0m [2mgame::bench[0m[2m:[0m [STATS] t=321.8s tick=19302 fps_1s=60.0 avg_fps=60.0
[2m2026-09-26T11:17:13.709607Z[0m [32m INFO[0m [2mgame::bench[0m[2m:[0m [STATS] t=322.8s tick=19363 fps_1s=60.0 avg_fps=60.0
[2m2026-09-26T11:17:14.726058Z[0m [32m INFO[0m [2mgame::bench[0m[2m:[0m [STATS] t=323.8s tick=19424 fps_1s=60.0 avg_fps=60.0
[2m2026-09-26T11:17:15.726217Z[0m [32m INFO[0m [2mgame::bench[0m[2m:[0m [STATS] t=324.8s tick=19484 fps_1s=60.0 avg_fps=60.0
[2m2026-09-26T11:17:16.742699Z[0m [32m INFO[0m [2mgame::bench[0m[2m:[0m [STATS] t=325.8s tick=19545 fps_1s=60.0 avg_fps=60.0
[2m2026-09-26T11:17:17.742774Z[0m [32m INFO[0m [2mgame::bench[0m[2m:[0m [STATS] t=326.8s tick=19605 fps_1s=60.0 avg_fps=60.0
[2m2026-09-26T11:17:18.759417Z[0m [32m INFO[0m [2mgame::bench[0m[2m:[0m [STATS] t=327.8s tick=19666 fps_1s=60.0 avg_fps=60.0
[2m2026-09-26T11:17:19.775967Z[0m [32m INFO[0m [2mgame::bench[0m[2m:[0m [STATS] t=328.8s tick=19727 fps_1s=60.0 avg_fps=60.0
[2m2026-09-26T11:17:20.792389Z[0m [32m INFO[0m [2mgame::bench[0m[2m:[0m [STATS] t=329.9s tick=19788 fps_1s=60.0 avg_fps=60.0
[2m2026-09-26T11:17:21.792450Z[0m [32m INFO[0m [2mgame::bench[0m[2m:[0m [STATS] t=330.9s tick=19848 fps_1s=60.0 avg_fps=60.0
[2m2026-09-26T11:17:22.808893Z[0m [32m INFO[0m [2mgame::bench[0m[2m:[0m [STATS] t=331.9s tick=19909 fps_1s=60.0 avg_fps=60.0
[2m2026-09-26T11:17:23.809359Z[0m [32m INFO[0m [2mgame::bench[0m[2m:[0m [STATS] t=332.9s tick=19969 fps_1s=60.0 avg_fps=60.0
[2m2026-09-26T11:17:24.825837Z[0m [32m INFO[0m [2mgame::bench[0m[2m:[0m [STATS] t=333.9s tick=20030 fps_1s=60.0 avg_fps=60.0
[2m2026-09-26T11:17:25.842361Z[0m [32m INFO[0m [2mgame::bench[0m[2m:[0m [STATS] t=334.9s tick=20091 fps_1s=60.0 avg_fps=60.0
[2m2026-09-26T11:17:26.842465Z[0m [32m INFO[0m [2mgame::bench[0m[2m:[0m [STATS] t=335.9s tick=20151 fps_1s=60.0 avg_fps=60.0
[2m2026-09-26T11:17:27.858896Z[0m [32m INFO[0m [2mgame::bench[0m[2m:[0m [STATS] t=336.9s tick=20212 fps_1s=60.0 avg_fps=60.0
[2m2026-09-26T11:17:28.875324Z[0m [32m INFO[0m [2mgame::bench[0m[2m:[0m [STATS] t=337.9s tick=20273 fps_1s=60.0 avg_fps=60.0
[2m2026-09-26T11:17:29.892138Z[0m [32m INFO[0m [2mgame::bench[0m[2m:[0m [STATS] t=339.0s tick=20334 fps_1s=60.0 avg_fps=60.0
[2m2026-09-26T11:17:30.908570Z[0m [32m INFO[0m [2mgame::bench[0m[2m:[0m [STATS] t=340.0s tick=20395 fps_1s=60.0 avg_fps=60.0
[2m2026-09-26T11:17:31.925090Z[0m [32m INFO[0m [2mgame::bench[0m[2m:[0m [STATS] t=341.0s tick=20456 fps_1s=60.0 avg_fps=60.0
[2m2026-09-26T11:17:32.941790Z[0m [32m INFO[0m [2mgame::bench[0m[2m:[0m [STATS] t=342.0s tick=20517 fps_1s=60.0 avg_fps=60.0
[2m2026-09-26T11:17:33.958376Z[0m [32m INFO[0m [2mgame::bench[0m[2m:[0m [STATS] t=343.0s tick=20578 fps_1s=60.0 avg_fps=60.0
[2m2026-09-26T11:17:34.974957Z[0m [32m INFO[0m [2mgame::bench[0m[2m:[0m [STATS] t=344.0s tick=20639 fps_1s=60.0 avg_fps=60.0
[2m2026-09-26T11:17:35.991808Z[0m [32m INFO[0m [2mgame::bench[0m[2m:[0m [STATS] t=345.1s tick=20700 fps_1s=60.0 avg_fps=60.0
[2m2026-09-26T11:17:37.008373Z[0m [32m INFO[0m [2mgame::bench[0m[2m:[0m [STATS] t=346.1s tick=20761 fps_1s=60.0 avg_fps=60.0
[2m2026-09-26T11:17:38.024991Z[0m [32m INFO[0m [2mgame::bench[0m[2m:[0m [STATS] t=347.1s tick=20822 fps_1s=60.0 avg_fps=60.0
[2m2026-09-26T11:17:39.041652Z[0m [32m INFO[0m [2mgame::bench[0m[2m:[0m [STATS] t=348.1s tick=20883 fps_1s=60.0 avg_fps=60.0
[2m2026-09-26T11:17:40.058198Z[0m [32m INFO[0m [2mgame::bench[0m[2m:[0m [STATS] t=349.1s tick=20944 fps_1s=60.0 avg_fps=60.0
[2m2026-09-26T11:17:41.074762Z[0m [32m INFO[0m [2mgame::bench[0m[2m:[0m [STATS] t=350.1s tick=21005 fps_1s=60.0 avg_fps=60.0
[2m2026-09-26T11:17:42.091486Z[0m [32m INFO[0m [2mgame::bench[0m[2m:[0m [STATS] t=351.2s tick=21066 fps_1s=60.0 avg_fps=60.0
[2m2026-09-26T11:17:43.108177Z[0m [32m INFO[0m [2mgame::bench[0m[2m:[0m [STATS] t=352.2s tick=21127 fps_1s=60.0 avg_fps=60.0
[2m2026-09-26T11:17:44.124779Z[0m [32m INFO[0m [2mgame::bench[0m[2m:[0m [STATS] t=353.2s tick=21188 fps_1s=60.0 avg_fps=60.0
[2m2026-09-26T11:17:45.140937Z[0m [32m INFO[0m [2mgame::bench[0m[2m:[0m [STATS] t=354.2s tick=21249 fps_1s=60.0 avg_fps=60.0
[2m2026-09-26T11:17:46.157582Z[0m [32m INFO[0m [2mgame::bench[0m[2m:[0m [STATS] t=355.2s tick=21310 fps_1s=60.0 avg_fps=60.0
[2m2026-09-26T11:17:47.174183Z[0m [32m INFO[0m [2mgame::bench[0m[2m:[0m [STATS] t=356.2s tick=21371 fps_1s=60.0 avg_fps=60.0
[2m2026-09-26T11:17:48.190922Z[0m [32m INFO[0m [2mgame::bench[0m[2m:[0m [STATS] t=357.3s tick=21432 fps_1s=60.0 avg_fps=60.0
[2m2026-09-26T11:17:49.207491Z[0m [32m INFO[0m [2mgame::bench[0m[2m:[0m [STATS] t=358.3s tick=21493 fps_1s=60.0 avg_fps=60.0
[2m2026-09-26T11:17:50.224157Z[0m [32m INFO[0m [2mgame::bench[0m[2m:[0m [STATS] t=359.3s tick=21554 fps_1s=60.0 avg_fps=60.0
[2m2026-09-26T11:17:51.240643Z[0m [32m INFO[0m [2mgame::bench[0m[2m:[0m [STATS] t=360.3s tick=21615 fps_1s=60.0 avg_fps=60.0
[2m2026-09-26T11:17:52.257296Z[0m [32m INFO[0m [2mgame::bench[0m[2m:[0m [STATS] t=361.3s tick=21676 fps_1s=60.0 avg_fps=60.0
[2m2026-09-26T11:17:53.273848Z[0m [32m INFO[0m [2mgame::bench[0m[2m:[0m [STATS] t=362.3s tick=21737 fps_1s=60.0 avg_fps=60.0
[2m2026-09-26T11:17:54.291258Z[0m [32m INFO[0m [2mgame::bench[0m[2m:[0m [STATS] t=363.4s tick=21798 fps_1s=60.0 avg_fps=60.0
[2m2026-09-26T11:17:55.307170Z[0m [32m INFO[0m [2mgame::bench[0m[2m:[0m [STATS] t=364.4s tick=21859 fps_1s=60.0 avg_fps=60.0
[2m2026-09-26T11:17:56.307163Z[0m [32m INFO[0m [2mgame::bench[0m[2m:[0m [STATS] t=365.4s tick=21919 fps_1s=60.0 avg_fps=60.0
[2m2026-09-26T11:17:57.323567Z[0m [32m INFO[0m [2mgame::bench[0m[2m:[0m [STATS] t=366.4s tick=21980 fps_1s=60.0 avg_fps=60.0
[2m2026-09-26T11:17:58.340441Z[0m [32m INFO[0m [2mgame::bench[0m[2m:[0m [STATS] t=367.4s tick=22041 fps_1s=60.0 avg_fps=60.0
[2m2026-09-26T11:17:59.357073Z[0m [32m INFO[0m [2mgame::bench[0m[2m:[0m [STATS] t=368.4s tick=22102 fps_1s=60.0 avg_fps=60.0
[2m2026-09-26T11:18:00.373594Z[0m [32m INFO[0m [2mgame::bench[0m[2m:[0m [STATS] t=369.4s tick=22163 fps_1s=60.0 avg_fps=60.0
[2m2026-09-26T11:18:01.390336Z[0m [32m INFO[0m [2mgame::bench[0m[2m:[0m [STATS] t=370.5s tick=22224 fps_1s=60.0 avg_fps=60.0
[2m2026-09-26T11:18:02.406749Z[0m [32m INFO[0m [2mgame::bench[0m[2m:[0m [STATS] t=371.5s tick=22285 fps_1s=60.0 avg_fps=60.0
[2m2026-09-26T11:18:03.423360Z[0m [32m INFO[0m [2mgame::bench[0m[2m:[0m [STATS] t=372.5s tick=22346 fps_1s=60.0 avg_fps=60.0
[2m2026-09-26T11:18:04.423277Z[0m [32m INFO[0m [2mgame::bench[0m[2m:[0m [STATS] t=373.5s tick=22406 fps_1s=60.0 avg_fps=60.0
[2m2026-09-26T11:18:05.439871Z[0m [32m INFO[0m [2mgame::bench[0m[2m:[0m [STATS] t=374.5s tick=22467 fps_1s=60.0 avg_fps=60.0
[2m2026-09-26T11:18:06.456351Z[0m [32m INFO[0m [2mgame::bench[0m[2m:[0m [STATS] t=375.5s tick=22528 fps_1s=60.0 avg_fps=60.0
[2m2026-09-26T11:18:07.473064Z[0m [32m INFO[0m [2mgame::bench[0m[2m:[0m [STATS] t=376.5s tick=22589 fps_1s=60.0 avg_fps=60.0
[2m2026-09-26T11:18:08.489412Z[0m [32m INFO[0m [2mgame::bench[0m[2m:[0m [STATS] t=377.6s tick=22650 fps_1s=60.0 avg_fps=60.0
[2m2026-09-26T11:18:09.506222Z[0m [32m INFO[0m [2mgame::bench[0m[2m:[0m [STATS] t=378.6s tick=22711 fps_1s=60.0 avg_fps=60.0
[2m2026-09-26T11:18:10.522761Z[0m [32m INFO[0m [2mgame::bench[0m[2m:[0m [STATS] t=379.6s tick=22772 fps_1s=60.0 avg_fps=60.0
[2m2026-09-26T11:18:11.539404Z[0m [32m INFO[0m [2mgame::bench[0m[2m:[0m [STATS] t=380.6s tick=22833 fps_1s=60.0 avg_fps=60.0
[2m2026-09-26T11:18:12.555948Z[0m [32m INFO[0m [2mgame::bench[0m[2m:[0m [STATS] t=381.6s tick=22894 fps_1s=60.0 avg_fps=60.0
[2m2026-09-26T11:18:13.572533Z[0m [32m INFO[0m [2mgame::bench[0m[2m:[0m [STATS] t=382.6s tick=22955 fps_1s=60.0 avg_fps=60.0
[2m2026-09-26T11:18:14.572568Z[0m [32m INFO[0m [2mgame::bench[0m[2m:[0m [STATS] t=383.6s tick=23015 fps_1s=60.0 avg_fps=60.0
[2m2026-09-26T11:18:15.589116Z[0m [32m INFO[0m [2mgame::bench[0m[2m:[0m [STATS] t=384.7s tick=23076 fps_1s=60.0 avg_fps=60.0
[2m2026-09-26T11:18:16.606482Z[0m [32m INFO[0m [2mgame::bench[0m[2m:[0m [STATS] t=385.7s tick=23137 fps_1s=60.0 avg_fps=60.0
[2m2026-09-26T11:18:17.622807Z[0m [32m INFO[0m [2mgame::bench[0m[2m:[0m [STATS] t=386.7s tick=23198 fps_1s=60.0 avg_fps=60.0
[2m2026-09-26T11:18:18.639089Z[0m [32m INFO[0m [2mgame::bench[0m[2m:[0m [STATS] t=387.7s tick=23259 fps_1s=60.0 avg_fps=60.0
[2m2026-09-26T11:18:19.655831Z[0m [32m INFO[0m [2mgame::bench[0m[2m:[0m [STATS] t=388.7s tick=23320 fps_1s=60.0 avg_fps=60.0
[2m2026-09-26T11:18:20.672333Z[0m [32m INFO[0m [2mgame::bench[0m[2m:[0m [STATS] t=389.7s tick=23381 fps_1s=60.0 avg_fps=60.0
[2m2026-09-26T11:18:21.688877Z[0m [32m INFO[0m [2mgame::bench[0m[2m:[0m [STATS] t=390.8s tick=23442 fps_1s=60.0 avg_fps=60.0
[2m2026-09-26T11:18:22.705456Z[0m [32m INFO[0m [2mgame::bench[0m[2m:[0m [STATS] t=391.8s tick=23503 fps_1s=60.0 avg_fps=60.0
[2m2026-09-26T11:18:23.722142Z[0m [32m INFO[0m [2mgame::bench[0m[2m:[0m [STATS] t=392.8s tick=23564 fps_1s=60.0 avg_fps=60.0
[2m2026-09-26T11:18:24.738534Z[0m [32m INFO[0m [2mgame::bench[0m[2m:[0m [STATS] t=393.8s tick=23625 fps_1s=60.0 avg_fps=60.0
[2m2026-09-26T11:18:25.755247Z[0m [32m INFO[0m [2mgame::bench[0m[2m:[0m [STATS] t=394.8s tick=23686 fps_1s=60.0 avg_fps=60.0
[2m2026-09-26T11:18:26.771861Z[0m [32m INFO[0m [2mgame::bench[0m[2m:[0m [STATS] t=395.8s tick=23747 fps_1s=60.0 avg_fps=60.0
[2m2026-09-26T11:18:27.788376Z[0m [32m INFO[0m [2mgame::bench[0m[2m:[0m [STATS] t=396.9s tick=23808 fps_1s=60.0 avg_fps=60.0
[2m2026-09-26T11:18:28.805214Z[0m [32m INFO[0m [2mgame::bench[0m[2m:[0m [STATS] t=397.9s tick=23869 fps_1s=60.0 avg_fps=60.0
[2m2026-09-26T11:18:29.804989Z[0m [32m INFO[0m [2mgame::bench[0m[2m:[0m [STATS] t=398.9s tick=23929 fps_1s=60.0 avg_fps=60.0
[2m2026-09-26T11:18:30.821753Z[0m [32m INFO[0m [2mgame::bench[0m[2m:[0m [STATS] t=399.9s tick=23990 fps_1s=60.0 avg_fps=60.0
[2m2026-09-26T11:18:31.838275Z[0m [32m INFO[0m [2mgame::bench[0m[2m:[0m [STATS] t=400.9s tick=24051 fps_1s=60.0 avg_fps=60.0
[2m2026-09-26T11:18:32.855065Z[0m [32m INFO[0m [2mgame::bench[0m[2m:[0m [STATS] t=401.9s tick=24112 fps_1s=60.0 avg_fps=60.0
[2m2026-09-26T11:18:33.855184Z[0m [32m INFO[0m [2mgame::bench[0m[2m:[0m [STATS] t=402.9s tick=24172 fps_1s=60.0 avg_fps=60.0
[2m2026-09-26T11:18:34.871704Z[0m [32m INFO[0m [2mgame::bench[0m[2m:[0m [STATS] t=403.9s tick=24233 fps_1s=60.0 avg_fps=60.0
[2m2026-09-26T11:18:35.888233Z[0m [32m INFO[0m [2mgame::bench[0m[2m:[0m [STATS] t=405.0s tick=24294 fps_1s=60.0 avg_fps=60.0
[2m2026-09-26T11:18:36.904766Z[0m [32m INFO[0m [2mgame::bench[0m[2m:[0m [STATS] t=406.0s tick=24355 fps_1s=60.0 avg_fps=60.0
[2m2026-09-26T11:18:37.921283Z[0m [32m INFO[0m [2mgame::bench[0m[2m:[0m [STATS] t=407.0s tick=24416 fps_1s=60.0 avg_fps=60.0
[2m2026-09-26T11:18:38.937756Z[0m [32m INFO[0m [2mgame::bench[0m[2m:[0m [STATS] t=408.0s tick=24477 fps_1s=60.0 avg_fps=60.0
[2m2026-09-26T11:18:39.954420Z[0m [32m INFO[0m [2mgame::bench[0m[2m:[0m [STATS] t=409.0s tick=24538 fps_1s=60.0 avg_fps=60.0
[2m2026-09-26T11:18:40.970897Z[0m [32m INFO[0m [2mgame::bench[0m[2m:[0m [STATS] t=410.0s tick=24599 fps_1s=60.0 avg_fps=60.0
[2m2026-09-26T11:18:41.987561Z[0m [32m INFO[0m [2mgame::bench[0m[2m:[0m [STATS] t=411.1s tick=24660 fps_1s=60.0 avg_fps=60.0
[2m2026-09-26T11:18:43.004345Z[0m [32m INFO[0m [2mgame::bench[0m[2m:[0m [STATS] t=412.1s tick=24721 fps_1s=60.0 avg_fps=60.0
[2m2026-09-26T11:18:44.020786Z[0m [32m INFO[0m [2mgame::bench[0m[2m:[0m [STATS] t=413.1s tick=24782 fps_1s=60.0 avg_fps=60.0
[2m2026-09-26T11:18:45.037478Z[0m [32m INFO[0m [2mgame::bench[0m[2m:[0m [STATS] t=414.1s tick=24843 fps_1s=60.0 avg_fps=60.0
[2m2026-09-26T11:18:46.053956Z[0m [32m INFO[0m [2mgame::bench[0m[2m:[0m [STATS] t=415.1s tick=24904 fps_1s=60.0 avg_fps=60.0
[2m2026-09-26T11:18:47.070460Z[0m [32m INFO[0m [2mgame::bench[0m[2m:[0m [STATS] t=416.1s tick=24965 fps_1s=60.0 avg_fps=60.0
[2m2026-09-26T11:18:48.070557Z[0m [32m INFO[0m [2mgame::bench[0m[2m:[0m [STATS] t=417.1s tick=25025 fps_1s=60.0 avg_fps=60.0
[2m2026-09-26T11:18:49.087136Z[0m [32m INFO[0m [2mgame::bench[0m[2m:[0m [STATS] t=418.2s tick=25086 fps_1s=60.0 avg_fps=60.0
[2m2026-09-26T11:18:50.103926Z[0m [32m INFO[0m [2mgame::bench[0m[2m:[0m [STATS] t=419.2s tick=25147 fps_1s=60.0 avg_fps=60.0
[2m2026-09-26T11:18:51.120612Z[0m [32m INFO[0m [2mgame::bench[0m[2m:[0m [STATS] t=420.2s tick=25208 fps_1s=60.0 avg_fps=60.0
[2m2026-09-26T11:18:52.136977Z[0m [32m INFO[0m [2mgame::bench[0m[2m:[0m [STATS] t=421.2s tick=25269 fps_1s=60.0 avg_fps=60.0
[2m2026-09-26T11:18:53.136865Z[0m [32m INFO[0m [2mgame::bench[0m[2m:[0m [STATS] t=422.2s tick=25329 fps_1s=60.0 avg_fps=60.0
[2m2026-09-26T11:18:54.153744Z[0m [32m INFO[0m [2mgame::bench[0m[2m:[0m [STATS] t=423.2s tick=25390 fps_1s=60.0 avg_fps=60.0
[2m2026-09-26T11:18:55.170450Z[0m [32m INFO[0m [2mgame::bench[0m[2m:[0m [STATS] t=424.2s tick=25451 fps_1s=60.0 avg_fps=60.0
[2m2026-09-26T11:18:56.186721Z[0m [32m INFO[0m [2mgame::bench[0m[2m:[0m [STATS] t=425.3s tick=25512 fps_1s=60.0 avg_fps=60.0
[2m2026-09-26T11:18:57.186624Z[0m [32m INFO[0m [2mgame::bench[0m[2m:[0m [STATS] t=426.3s tick=25572 fps_1s=60.0 avg_fps=60.0
[2m2026-09-26T11:18:58.203378Z[0m [32m INFO[0m [2mgame::bench[0m[2m:[0m [STATS] t=427.3s tick=25633 fps_1s=60.0 avg_fps=60.0
[2m2026-09-26T11:18:59.219880Z[0m [32m INFO[0m [2mgame::bench[0m[2m:[0m [STATS] t=428.3s tick=25694 fps_1s=60.0 avg_fps=60.0
[2m2026-09-26T11:19:00.236435Z[0m [32m INFO[0m [2mgame::bench[0m[2m:[0m [STATS] t=429.3s tick=25755 fps_1s=60.0 avg_fps=60.0
[2m2026-09-26T11:19:01.236438Z[0m [32m INFO[0m [2mgame::bench[0m[2m:[0m [STATS] t=430.3s tick=25815 fps_1s=60.0 avg_fps=60.0
[2m2026-09-26T11:19:02.253134Z[0m [32m INFO[0m [2mgame::bench[0m[2m:[0m [STATS] t=431.3s tick=25876 fps_1s=60.0 avg_fps=60.0
[2m2026-09-26T11:19:03.269712Z[0m [32m INFO[0m [2mgame::bench[0m[2m:[0m [STATS] t=432.3s tick=25937 fps_1s=60.0 avg_fps=60.0
[2m2026-09-26T11:19:04.286348Z[0m [32m INFO[0m [2mgame::bench[0m[2m:[0m [STATS] t=433.4s tick=25998 fps_1s=60.0 avg_fps=60.0
[2m2026-09-26T11:19:05.302939Z[0m [32m INFO[0m [2mgame::bench[0m[2m:[0m [STATS] t=434.4s tick=26059 fps_1s=60.0 avg_fps=60.0
[2m2026-09-26T11:19:06.319654Z[0m [32m INFO[0m [2mgame::bench[0m[2m:[0m [STATS] t=435.4s tick=26120 fps_1s=60.0 avg_fps=60.0
[2m2026-09-26T11:19:07.337001Z[0m [32m INFO[0m [2mgame::bench[0m[2m:[0m [STATS] t=436.4s tick=26181 fps_1s=60.0 avg_fps=60.0
[2m2026-09-26T11:19:08.352774Z[0m [32m INFO[0m [2mgame::bench[0m[2m:[0m [STATS] t=437.4s tick=26242 fps_1s=60.0 avg_fps=60.0
[2m2026-09-26T11:19:09.369114Z[0m [32m INFO[0m [2mgame::bench[0m[2m:[0m [STATS] t=438.4s tick=26303 fps_1s=60.0 avg_fps=60.0
[2m2026-09-26T11:19:10.369204Z[0m [32m INFO[0m [2mgame::bench[0m[2m:[0m [STATS] t=439.4s tick=26363 fps_1s=60.0 avg_fps=60.0
[2m2026-09-26T11:19:11.385703Z[0m [32m INFO[0m [2mgame::bench[0m[2m:[0m [STATS] t=440.5s tick=26424 fps_1s=60.0 avg_fps=60.0
[2m2026-09-26T11:19:12.402301Z[0m [32m INFO[0m [2mgame::bench[0m[2m:[0m [STATS] t=441.5s tick=26485 fps_1s=60.0 avg_fps=60.0
[2m2026-09-26T11:19:13.418899Z[0m [32m INFO[0m [2mgame::bench[0m[2m:[0m [STATS] t=442.5s tick=26546 fps_1s=60.0 avg_fps=60.0
[2m2026-09-26T11:19:14.436188Z[0m [32m INFO[0m [2mgame::bench[0m[2m:[0m [STATS] t=443.5s tick=26607 fps_1s=60.0 avg_fps=60.0
[2m2026-09-26T11:19:15.452412Z[0m [32m INFO[0m [2mgame::bench[0m[2m:[0m [STATS] t=444.5s tick=26668 fps_1s=60.0 avg_fps=60.0
[2m2026-09-26T11:19:16.469221Z[0m [32m INFO[0m [2mgame::bench[0m[2m:[0m [STATS] t=445.5s tick=26729 fps_1s=60.0 avg_fps=60.0
[2m2026-09-26T11:19:17.469220Z[0m [32m INFO[0m [2mgame::bench[0m[2m:[0m [STATS] t=446.5s tick=26789 fps_1s=60.0 avg_fps=60.0
[2m2026-09-26T11:19:18.486031Z[0m [32m INFO[0m [2mgame::bench[0m[2m:[0m [STATS] t=447.6s tick=26850 fps_1s=60.0 avg_fps=60.0
[2m2026-09-26T11:19:19.502260Z[0m [32m INFO[0m [2mgame::bench[0m[2m:[0m [STATS] t=448.6s tick=26911 fps_1s=60.0 avg_fps=60.0
[2m2026-09-26T11:19:20.518435Z[0m [32m INFO[0m [2mgame::bench[0m[2m:[0m [STATS] t=449.6s tick=26972 fps_1s=60.0 avg_fps=60.0
[2m2026-09-26T11:19:21.535329Z[0m [32m INFO[0m [2mgame::bench[0m[2m:[0m [STATS] t=450.6s tick=27033 fps_1s=60.0 avg_fps=60.0
[2m2026-09-26T11:19:22.551690Z[0m [32m INFO[0m [2mgame::bench[0m[2m:[0m [STATS] t=451.6s tick=27094 fps_1s=60.0 avg_fps=60.0
[2m2026-09-26T11:19:23.568228Z[0m [32m INFO[0m [2mgame::bench[0m[2m:[0m [STATS] t=452.6s tick=27155 fps_1s=60.0 avg_fps=60.0
[2m2026-09-26T11:19:24.585119Z[0m [32m INFO[0m [2mgame::bench[0m[2m:[0m [STATS] t=453.7s tick=27216 fps_1s=60.0 avg_fps=60.0
[2m2026-09-26T11:19:25.601428Z[0m [32m INFO[0m [2mgame::bench[0m[2m:[0m [STATS] t=454.7s tick=27277 fps_1s=60.0 avg_fps=60.0
[2m2026-09-26T11:19:26.601840Z[0m [32m INFO[0m [2mgame::bench[0m[2m:[0m [STATS] t=455.7s tick=27337 fps_1s=60.0 avg_fps=60.0
[2m2026-09-26T11:19:27.601959Z[0m [32m INFO[0m [2mgame::bench[0m[2m:[0m [STATS] t=456.7s tick=27397 fps_1s=60.0 avg_fps=60.0
[2m2026-09-26T11:19:28.617972Z[0m [32m INFO[0m [2mgame::bench[0m[2m:[0m [STATS] t=457.7s tick=27458 fps_1s=60.0 avg_fps=60.0
[2m2026-09-26T11:19:29.618279Z[0m [32m INFO[0m [2mgame::bench[0m[2m:[0m [STATS] t=458.7s tick=27518 fps_1s=60.0 avg_fps=60.0
[2m2026-09-26T11:19:30.634974Z[0m [32m INFO[0m [2mgame::bench[0m[2m:[0m [STATS] t=459.7s tick=27579 fps_1s=60.0 avg_fps=60.0
[2m2026-09-26T11:19:31.651313Z[0m [32m INFO[0m [2mgame::bench[0m[2m:[0m [STATS] t=460.7s tick=27640 fps_1s=60.0 avg_fps=60.0
[2m2026-09-26T11:19:32.667951Z[0m [32m INFO[0m [2mgame::bench[0m[2m:[0m [STATS] t=461.7s tick=27701 fps_1s=60.0 avg_fps=60.0
[2m2026-09-26T11:19:33.684897Z[0m [32m INFO[0m [2mgame::bench[0m[2m:[0m [STATS] t=462.8s tick=27762 fps_1s=60.0 avg_fps=60.0
[2m2026-09-26T11:19:34.701291Z[0m [32m INFO[0m [2mgame::bench[0m[2m:[0m [STATS] t=463.8s tick=27823 fps_1s=60.0 avg_fps=60.0
[2m2026-09-26T11:19:35.718202Z[0m [32m INFO[0m [2mgame::bench[0m[2m:[0m [STATS] t=464.8s tick=27884 fps_1s=60.0 avg_fps=60.0
[2m2026-09-26T11:19:36.734572Z[0m [32m INFO[0m [2mgame::bench[0m[2m:[0m [STATS] t=465.8s tick=27945 fps_1s=60.0 avg_fps=60.0
[2m2026-09-26T11:19:37.751807Z[0m [32m INFO[0m [2mgame::bench[0m[2m:[0m [STATS] t=466.8s tick=28006 fps_1s=60.0 avg_fps=60.0
[2m2026-09-26T11:19:38.767800Z[0m [32m INFO[0m [2mgame::bench[0m[2m:[0m [STATS] t=467.8s tick=28067 fps_1s=60.0 avg_fps=60.0
[2m2026-09-26T11:19:39.768436Z[0m [32m INFO[0m [2mgame::bench[0m[2m:[0m [STATS] t=468.8s tick=28127 fps_1s=60.0 avg_fps=60.0
[2m2026-09-26T11:19:40.780973Z[0m [32m INFO[0m [2mgame::bench[0m[2m:[0m [STATS] t=469.8s tick=28187 fps_1s=59.3 avg_fps=60.0
[2m2026-09-26T11:19:41.787851Z[0m [32m INFO[0m [2mgame::bench[0m[2m:[0m [STATS] t=470.9s tick=28240 fps_1s=52.7 avg_fps=60.0
[2m2026-09-26T11:19:42.815380Z[0m [32m INFO[0m [2mgame::bench[0m[2m:[0m [STATS] t=471.9s tick=28292 fps_1s=50.6 avg_fps=60.0
[2m2026-09-26T11:19:43.835828Z[0m [32m INFO[0m [2mgame::bench[0m[2m:[0m [STATS] t=472.9s tick=28343 fps_1s=50.0 avg_fps=59.9
[2m2026-09-26T11:19:44.841135Z[0m [32m INFO[0m [2mgame::bench[0m[2m:[0m [STATS] t=473.9s tick=28391 fps_1s=47.7 avg_fps=59.9
[2m2026-09-26T11:19:45.848533Z[0m [32m INFO[0m [2mgame::bench[0m[2m:[0m [STATS] t=474.9s tick=28440 fps_1s=48.6 avg_fps=59.9
[2m2026-09-26T11:19:46.859235Z[0m [32m INFO[0m [2mgame::bench[0m[2m:[0m [STATS] t=475.9s tick=28492 fps_1s=51.7 avg_fps=59.9
[2m2026-09-26T11:19:47.861966Z[0m [32m INFO[0m [2mgame::bench[0m[2m:[0m [STATS] t=476.9s tick=28527 fps_1s=34.8 avg_fps=59.8
[2m2026-09-26T11:19:48.867663Z[0m [32m INFO[0m [2mgame::bench[0m[2m:[0m [STATS] t=477.9s tick=28573 fps_1s=45.7 avg_fps=59.8
[2m2026-09-26T11:19:49.871584Z[0m [32m INFO[0m [2mgame::bench[0m[2m:[0m [STATS] t=478.9s tick=28629 fps_1s=55.8 avg_fps=59.8
[2m2026-09-26T11:19:50.925429Z[0m [32m INFO[0m [2mgame::bench[0m[2m:[0m [STATS] t=480.0s tick=28670 fps_1s=39.0 avg_fps=59.7
[2m2026-09-26T11:19:51.933326Z[0m [32m INFO[0m [2mgame::bench[0m[2m:[0m [STATS] t=481.0s tick=28706 fps_1s=35.6 avg_fps=59.7
[2m2026-09-26T11:19:52.940334Z[0m [32m INFO[0m [2mgame::bench[0m[2m:[0m [STATS] t=482.0s tick=28743 fps_1s=36.8 avg_fps=59.6
[2m2026-09-26T11:19:53.955113Z[0m [32m INFO[0m [2mgame::bench[0m[2m:[0m [STATS] t=483.0s tick=28782 fps_1s=38.6 avg_fps=59.6
[2m2026-09-26T11:19:54.968108Z[0m [32m INFO[0m [2mgame::bench[0m[2m:[0m [STATS] t=484.0s tick=28822 fps_1s=39.4 avg_fps=59.6
[2m2026-09-26T11:19:56.013125Z[0m [32m INFO[0m [2mgame::bench[0m[2m:[0m [STATS] t=485.1s tick=28857 fps_1s=33.4 avg_fps=59.5
[2m2026-09-26T11:19:57.020970Z[0m [32m INFO[0m [2mgame::bench[0m[2m:[0m [STATS] t=486.1s tick=28890 fps_1s=32.7 avg_fps=59.4
[2m2026-09-26T11:19:58.029354Z[0m [32m INFO[0m [2mgame::bench[0m[2m:[0m [STATS] t=487.1s tick=28921 fps_1s=30.7 avg_fps=59.4
[2m2026-09-26T11:19:59.033730Z[0m [32m INFO[0m [2mgame::bench[0m[2m:[0m [STATS] t=488.1s tick=28965 fps_1s=43.8 avg_fps=59.3
[2m2026-09-26T11:20:00.062375Z[0m [32m INFO[0m [2mgame::bench[0m[2m:[0m [STATS] t=489.1s tick=29004 fps_1s=38.1 avg_fps=59.3
[2m2026-09-26T11:20:01.072870Z[0m [32m INFO[0m [2mgame::bench[0m[2m:[0m [STATS] t=490.1s tick=29049 fps_1s=44.4 avg_fps=59.3
[2m2026-09-26T11:20:02.099757Z[0m [32m INFO[0m [2mgame::bench[0m[2m:[0m [STATS] t=491.2s tick=29092 fps_1s=41.9 avg_fps=59.2
[2m2026-09-26T11:20:03.132197Z[0m [32m INFO[0m [2mgame::bench[0m[2m:[0m [STATS] t=492.2s tick=29128 fps_1s=34.8 avg_fps=59.2
[2m2026-09-26T11:20:04.169327Z[0m [32m INFO[0m [2mgame::bench[0m[2m:[0m [STATS] t=493.2s tick=29164 fps_1s=34.8 avg_fps=59.1
[2m2026-09-26T11:20:05.207788Z[0m [32m INFO[0m [2mgame::bench[0m[2m:[0m [STATS] t=494.3s tick=29202 fps_1s=36.9 avg_fps=59.1
[2m2026-09-26T11:20:06.305089Z[0m [32m INFO[0m [2mgame::bench[0m[2m:[0m [STATS] t=495.4s tick=29234 fps_1s=29.0 avg_fps=59.0
[2m2026-09-26T11:20:07.303400Z[0m [32m INFO[0m [2mgame::bench[0m[2m:[0m [STATS] t=496.4s tick=29266 fps_1s=31.9 avg_fps=59.0
[2m2026-09-26T11:20:08.341442Z[0m [32m INFO[0m [2mgame::bench[0m[2m:[0m [STATS] t=497.4s tick=29298 fps_1s=30.8 avg_fps=58.9
[2m2026-09-26T11:20:09.362996Z[0m [32m INFO[0m [2mgame::bench[0m[2m:[0m [STATS] t=498.4s tick=29337 fps_1s=38.3 avg_fps=58.9
[2m2026-09-26T11:20:10.379729Z[0m [32m INFO[0m [2mgame::bench[0m[2m:[0m [STATS] t=499.4s tick=29368 fps_1s=30.4 avg_fps=58.8
[2m2026-09-26T11:20:11.391054Z[0m [32m INFO[0m [2mgame::bench[0m[2m:[0m [STATS] t=500.5s tick=29401 fps_1s=32.7 avg_fps=58.8
[2m2026-09-26T11:20:12.399190Z[0m [32m INFO[0m [2mgame::bench[0m[2m:[0m [STATS] t=501.5s tick=29433 fps_1s=31.7 avg_fps=58.7
[2m2026-09-26T11:20:13.411012Z[0m [32m INFO[0m [2mgame::bench[0m[2m:[0m [STATS] t=502.5s tick=29474 fps_1s=40.6 avg_fps=58.7
[2m2026-09-26T11:20:14.418948Z[0m [32m INFO[0m [2mgame::bench[0m[2m:[0m [STATS] t=503.5s tick=29507 fps_1s=32.7 avg_fps=58.6
[2m2026-09-26T11:20:15.449409Z[0m [32m INFO[0m [2mgame::bench[0m[2m:[0m [STATS] t=504.5s tick=29548 fps_1s=39.9 avg_fps=58.6
[2m2026-09-26T11:20:16.569651Z[0m [32m INFO[0m [2mgame::bench[0m[2m:[0m [STATS] t=505.6s tick=29577 fps_1s=25.8 avg_fps=58.5
[2m2026-09-26T11:20:17.618395Z[0m [32m INFO[0m [2mgame::bench[0m[2m:[0m [STATS] t=506.7s tick=29600 fps_1s=22.5 avg_fps=58.4
[2m2026-09-26T11:20:18.636978Z[0m [32m INFO[0m [2mgame::bench[0m[2m:[0m [STATS] t=507.7s tick=29627 fps_1s=25.9 avg_fps=58.4
[2m2026-09-26T11:20:19.666839Z[0m [32m INFO[0m [2mgame::bench[0m[2m:[0m [STATS] t=508.7s tick=29648 fps_1s=20.6 avg_fps=58.3
[2m2026-09-26T11:20:20.669987Z[0m [32m INFO[0m [2mgame::bench[0m[2m:[0m [STATS] t=509.7s tick=29666 fps_1s=17.7 avg_fps=58.2
[2m2026-09-26T11:20:21.692924Z[0m [32m INFO[0m [2mgame::bench[0m[2m:[0m [STATS] t=510.8s tick=29683 fps_1s=16.8 avg_fps=58.1
[2m2026-09-26T11:20:22.843170Z[0m [32m INFO[0m [2mgame::bench[0m[2m:[0m [STATS] t=511.8s tick=29705 fps_1s=21.9 avg_fps=58.0
[2m2026-09-26T11:20:23.857673Z[0m [32m INFO[0m [2mgame::bench[0m[2m:[0m [STATS] t=512.8s tick=29730 fps_1s=24.9 avg_fps=58.0
[2m2026-09-26T11:20:25.040452Z[0m [32m INFO[0m [2mgame::bench[0m[2m:[0m [STATS] t=513.8s tick=29747 fps_1s=15.8 avg_fps=57.9
[2m2026-09-26T11:20:26.047335Z[0m [32m INFO[0m [2mgame::bench[0m[2m:[0m [STATS] t=514.8s tick=29769 fps_1s=21.9 avg_fps=57.8
[2m2026-09-26T11:20:27.107434Z[0m [32m INFO[0m [2mgame::bench[0m[2m:[0m [STATS] t=515.9s tick=29788 fps_1s=18.3 avg_fps=57.7
[2m2026-09-26T11:20:28.176581Z[0m [32m INFO[0m [2mgame::bench[0m[2m:[0m [STATS] t=517.0s tick=29811 fps_1s=21.5 avg_fps=57.7
[2m2026-09-26T11:20:29.182798Z[0m [32m INFO[0m [2mgame::bench[0m[2m:[0m [STATS] t=518.0s tick=29831 fps_1s=19.9 avg_fps=57.6
[2m2026-09-26T11:20:30.190924Z[0m [32m INFO[0m [2mgame::bench[0m[2m:[0m [STATS] t=519.0s tick=29865 fps_1s=33.7 avg_fps=57.5
[2m2026-09-26T11:20:31.212424Z[0m [32m INFO[0m [2mgame::bench[0m[2m:[0m [STATS] t=520.0s tick=29889 fps_1s=23.8 avg_fps=57.5
[2m2026-09-26T11:20:32.209780Z[0m [32m INFO[0m [2mgame::bench[0m[2m:[0m [STATS] t=521.0s tick=29911 fps_1s=21.8 avg_fps=57.4
[2m2026-09-26T11:20:33.256133Z[0m [32m INFO[0m [2mgame::bench[0m[2m:[0m [STATS] t=522.0s tick=29948 fps_1s=36.0 avg_fps=57.4
[2m2026-09-26T11:20:34.256296Z[0m [32m INFO[0m [2mgame::bench[0m[2m:[0m [STATS] t=523.0s tick=29982 fps_1s=33.4 avg_fps=57.3
[2m2026-09-26T11:20:35.266630Z[0m [32m INFO[0m [2mgame::bench[0m[2m:[0m [STATS] t=524.0s tick=30014 fps_1s=31.7 avg_fps=57.3
[2m2026-09-26T11:20:36.375189Z[0m [32m INFO[0m [2mgame::bench[0m[2m:[0m [STATS] t=525.1s tick=30032 fps_1s=17.5 avg_fps=57.2
[2m2026-09-26T11:20:37.382136Z[0m [32m INFO[0m [2mgame::bench[0m[2m:[0m [STATS] t=526.1s tick=30059 fps_1s=26.4 avg_fps=57.1
[2m2026-09-26T11:20:38.391444Z[0m [32m INFO[0m [2mgame::bench[0m[2m:[0m [STATS] t=527.1s tick=30086 fps_1s=26.9 avg_fps=57.1
[2m2026-09-26T11:20:39.516855Z[0m [32m INFO[0m [2mgame::bench[0m[2m:[0m [STATS] t=528.2s tick=30104 fps_1s=15.9 avg_fps=57.0
[2m2026-09-26T11:20:40.541890Z[0m [32m INFO[0m [2mgame::bench[0m[2m:[0m [STATS] t=529.2s tick=30127 fps_1s=22.6 avg_fps=56.9
[2m2026-09-26T11:20:41.536424Z[0m [32m INFO[0m [2mgame::bench[0m[2m:[0m [STATS] t=530.2s tick=30159 fps_1s=32.0 avg_fps=56.9
[2m2026-09-26T11:20:42.568612Z[0m [32m INFO[0m [2mgame::bench[0m[2m:[0m [STATS] t=531.3s tick=30192 fps_1s=32.1 avg_fps=56.8
[2m2026-09-26T11:20:43.696826Z[0m [32m INFO[0m [2mgame::bench[0m[2m:[0m [STATS] t=532.4s tick=30207 fps_1s=13.7 avg_fps=56.8
[2m2026-09-26T11:20:44.730774Z[0m [32m INFO[0m [2mgame::bench[0m[2m:[0m [STATS] t=533.4s tick=30227 fps_1s=19.4 avg_fps=56.7
[2m2026-09-26T11:20:45.870117Z[0m [32m INFO[0m [2mgame::bench[0m[2m:[0m [STATS] t=534.5s tick=30251 fps_1s=21.6 avg_fps=56.6
[2m2026-09-26T11:20:46.916083Z[0m [32m INFO[0m [2mgame::bench[0m[2m:[0m [STATS] t=535.6s tick=30269 fps_1s=17.2 avg_fps=56.5
[2m2026-09-26T11:20:48.215688Z[0m [32m INFO[0m [2mgame::bench[0m[2m:[0m [STATS] t=536.6s tick=30284 fps_1s=14.6 avg_fps=56.4
[2m2026-09-26T11:20:49.184062Z[0m [32m INFO[0m [2mgame::bench[0m[2m:[0m [STATS] t=537.6s tick=30307 fps_1s=22.7 avg_fps=56.4
[2m2026-09-26T11:20:50.238047Z[0m [32m INFO[0m [2mgame::bench[0m[2m:[0m [STATS] t=538.7s tick=30330 fps_1s=21.9 avg_fps=56.3
[2m2026-09-26T11:20:51.249794Z[0m [32m INFO[0m [2mgame::bench[0m[2m:[0m [STATS] t=539.7s tick=30353 fps_1s=22.6 avg_fps=56.2
[2m2026-09-26T11:20:52.297756Z[0m [32m INFO[0m [2mgame::bench[0m[2m:[0m [STATS] t=540.7s tick=30375 fps_1s=21.0 avg_fps=56.2
[2m2026-09-26T11:20:53.379092Z[0m [32m INFO[0m [2mgame::bench[0m[2m:[0m [STATS] t=541.8s tick=30393 fps_1s=16.7 avg_fps=56.1
[2m2026-09-26T11:20:54.422866Z[0m [32m INFO[0m [2mgame::bench[0m[2m:[0m [STATS] t=542.8s tick=30418 fps_1s=24.1 avg_fps=56.0
[2m2026-09-26T11:20:55.420964Z[0m [32m INFO[0m [2mgame::bench[0m[2m:[0m [STATS] t=543.8s tick=30443 fps_1s=24.9 avg_fps=56.0
[2m2026-09-26T11:20:56.535199Z[0m [32m INFO[0m [2mgame::bench[0m[2m:[0m [STATS] t=545.0s tick=30457 fps_1s=12.6 avg_fps=55.9
[2m2026-09-26T11:20:57.562064Z[0m [32m INFO[0m [2mgame::bench[0m[2m:[0m [STATS] t=546.0s tick=30476 fps_1s=18.5 avg_fps=55.8
[2m2026-09-26T11:20:58.566465Z[0m [32m INFO[0m [2mgame::bench[0m[2m:[0m [STATS] t=547.0s tick=30495 fps_1s=18.9 avg_fps=55.7
[2m2026-09-26T11:20:59.593896Z[0m [32m INFO[0m [2mgame::bench[0m[2m:[0m [STATS] t=548.0s tick=30517 fps_1s=21.6 avg_fps=55.7
[2m2026-09-26T11:21:00.631197Z[0m [32m INFO[0m [2mgame::bench[0m[2m:[0m [STATS] t=549.1s tick=30539 fps_1s=21.0 avg_fps=55.6
[2m2026-09-26T11:21:01.639275Z[0m [32m INFO[0m [2mgame::bench[0m[2m:[0m [STATS] t=550.1s tick=30558 fps_1s=18.8 avg_fps=55.5
[2m2026-09-26T11:21:02.657321Z[0m [32m INFO[0m [2mgame::bench[0m[2m:[0m [STATS] t=551.1s tick=30577 fps_1s=18.9 avg_fps=55.5
[2m2026-09-26T11:21:03.671334Z[0m [32m INFO[0m [2mgame::bench[0m[2m:[0m [STATS] t=552.1s tick=30596 fps_1s=18.5 avg_fps=55.4
[2m2026-09-26T11:21:04.704524Z[0m [32m INFO[0m [2mgame::bench[0m[2m:[0m [STATS] t=553.1s tick=30611 fps_1s=14.9 avg_fps=55.3
[2m2026-09-26T11:21:05.683770Z[0m [32m INFO[0m [2mgame::bench[0m[2m:[0m [STATS] t=554.1s tick=30631 fps_1s=19.9 avg_fps=55.3
[2m2026-09-26T11:21:06.691877Z[0m [32m INFO[0m [2mgame::bench[0m[2m:[0m [STATS] t=555.1s tick=30645 fps_1s=14.0 avg_fps=55.2
[2m2026-09-26T11:21:07.876229Z[0m [32m INFO[0m [2mgame::bench[0m[2m:[0m [STATS] t=556.1s tick=30659 fps_1s=13.7 avg_fps=55.1
[2m2026-09-26T11:21:08.886598Z[0m [32m INFO[0m [2mgame::bench[0m[2m:[0m [STATS] t=557.1s tick=30681 fps_1s=21.8 avg_fps=55.1
[2m2026-09-26T11:21:09.910440Z[0m [32m INFO[0m [2mgame::bench[0m[2m:[0m [STATS] t=558.2s tick=30699 fps_1s=17.7 avg_fps=55.0
[2m2026-09-26T11:21:10.961508Z[0m [32m INFO[0m [2mgame::bench[0m[2m:[0m [STATS] t=559.2s tick=30715 fps_1s=15.9 avg_fps=54.9
[2m2026-09-26T11:21:11.995460Z[0m [32m INFO[0m [2mgame::bench[0m[2m:[0m [STATS] t=560.2s tick=30734 fps_1s=18.5 avg_fps=54.9
[2m2026-09-26T11:21:13.023253Z[0m [32m INFO[0m [2mgame::bench[0m[2m:[0m [STATS] t=561.2s tick=30754 fps_1s=19.3 avg_fps=54.8
[2m2026-09-26T11:21:14.101929Z[0m [32m INFO[0m [2mgame::bench[0m[2m:[0m [STATS] t=562.3s tick=30771 fps_1s=15.8 avg_fps=54.7
[2m2026-09-26T11:21:15.386990Z[0m [32m INFO[0m [2mgame::bench[0m[2m:[0m [STATS] t=563.4s tick=30783 fps_1s=11.4 avg_fps=54.6
[2m2026-09-26T11:21:16.408527Z[0m [32m INFO[0m [2mgame::bench[0m[2m:[0m [STATS] t=564.4s tick=30807 fps_1s=23.5 avg_fps=54.6
[2m2026-09-26T11:21:17.435780Z[0m [32m INFO[0m [2mgame::bench[0m[2m:[0m [STATS] t=565.4s tick=30826 fps_1s=18.7 avg_fps=54.5
[2m2026-09-26T11:21:18.442018Z[0m [32m INFO[0m [2mgame::bench[0m[2m:[0m [STATS] t=566.4s tick=30850 fps_1s=23.6 avg_fps=54.5
[2m2026-09-26T11:21:19.478722Z[0m [32m INFO[0m [2mgame::bench[0m[2m:[0m [STATS] t=567.4s tick=30879 fps_1s=27.9 avg_fps=54.4
[2m2026-09-26T11:21:20.506548Z[0m [32m INFO[0m [2mgame::bench[0m[2m:[0m [STATS] t=568.5s tick=30905 fps_1s=25.2 avg_fps=54.4
[2m2026-09-26T11:21:21.509197Z[0m [32m INFO[0m [2mgame::bench[0m[2m:[0m [STATS] t=569.5s tick=30922 fps_1s=17.0 avg_fps=54.3
[2m2026-09-26T11:21:22.527601Z[0m [32m INFO[0m [2mgame::bench[0m[2m:[0m [STATS] t=570.5s tick=30949 fps_1s=26.5 avg_fps=54.2
[2m2026-09-26T11:21:23.534476Z[0m [32m INFO[0m [2mgame::bench[0m[2m:[0m [STATS] t=571.5s tick=30985 fps_1s=35.7 avg_fps=54.2
[2m2026-09-26T11:21:24.560842Z[0m [32m INFO[0m [2mgame::bench[0m[2m:[0m [STATS] t=572.5s tick=31009 fps_1s=23.4 avg_fps=54.2
[2m2026-09-26T11:21:25.615871Z[0m [32m INFO[0m [2mgame::bench[0m[2m:[0m [STATS] t=573.6s tick=31041 fps_1s=30.3 avg_fps=54.1
[2m2026-09-26T11:21:26.630464Z[0m [32m INFO[0m [2mgame::bench[0m[2m:[0m [STATS] t=574.6s tick=31065 fps_1s=23.7 avg_fps=54.1
[2m2026-09-26T11:21:27.655130Z[0m [32m INFO[0m [2mgame::bench[0m[2m:[0m [STATS] t=575.6s tick=31089 fps_1s=23.5 avg_fps=54.0
[2m2026-09-26T11:21:28.682910Z[0m [32m INFO[0m [2mgame::bench[0m[2m:[0m [STATS] t=576.7s tick=31113 fps_1s=23.3 avg_fps=53.9
[2m2026-09-26T11:21:29.691752Z[0m [32m INFO[0m [2mgame::bench[0m[2m:[0m [STATS] t=577.7s tick=31142 fps_1s=28.8 avg_fps=53.9
[2m2026-09-26T11:21:30.891009Z[0m [32m INFO[0m [2mgame::bench[0m[2m:[0m [STATS] t=578.8s tick=31163 fps_1s=18.5 avg_fps=53.8
[2m2026-09-26T11:21:31.863064Z[0m [32m INFO[0m [2mgame::bench[0m[2m:[0m [STATS] t=579.8s tick=31187 fps_1s=23.8 avg_fps=53.8
[2m2026-09-26T11:21:32.914398Z[0m [32m INFO[0m [2mgame::bench[0m[2m:[0m [STATS] t=580.9s tick=31223 fps_1s=34.2 avg_fps=53.8
[2m2026-09-26T11:21:33.921185Z[0m [32m INFO[0m [2mgame::bench[0m[2m:[0m [STATS] t=581.9s tick=31250 fps_1s=27.0 avg_fps=53.7
[2m2026-09-26T11:21:35.188570Z[0m [32m INFO[0m [2mgame::bench[0m[2m:[0m [STATS] t=583.1s tick=31278 fps_1s=23.3 avg_fps=53.7
[2m2026-09-26T11:21:36.250295Z[0m [32m INFO[0m [2mgame::bench[0m[2m:[0m [STATS] t=584.1s tick=31300 fps_1s=21.3 avg_fps=53.6
[2m2026-09-26T11:21:37.286846Z[0m [32m INFO[0m [2mgame::bench[0m[2m:[0m [STATS] t=585.1s tick=31320 fps_1s=19.7 avg_fps=53.5
[2m2026-09-26T11:21:38.295097Z[0m [32m INFO[0m [2mgame::bench[0m[2m:[0m [STATS] t=586.1s tick=31344 fps_1s=23.8 avg_fps=53.5
[2m2026-09-26T11:21:39.298450Z[0m [32m INFO[0m [2mgame::bench[0m[2m:[0m [STATS] t=587.1s tick=31369 fps_1s=24.9 avg_fps=53.4
[2m2026-09-26T11:21:40.338358Z[0m [32m INFO[0m [2mgame::bench[0m[2m:[0m [STATS] t=588.1s tick=31405 fps_1s=35.6 avg_fps=53.4
[2m2026-09-26T11:21:41.328311Z[0m [32m INFO[0m [2mgame::bench[0m[2m:[0m [STATS] t=589.2s tick=31435 fps_1s=29.5 avg_fps=53.3
[2m2026-09-26T11:21:42.355821Z[0m [32m INFO[0m [2mgame::bench[0m[2m:[0m [STATS] t=590.2s tick=31457 fps_1s=21.6 avg_fps=53.3
[2m2026-09-26T11:21:43.374535Z[0m [32m INFO[0m [2mgame::bench[0m[2m:[0m [STATS] t=591.2s tick=31485 fps_1s=27.8 avg_fps=53.2
[2m2026-09-26T11:21:44.455016Z[0m [32m INFO[0m [2mgame::bench[0m[2m:[0m [STATS] t=592.2s tick=31513 fps_1s=26.8 avg_fps=53.2
[2m2026-09-26T11:21:45.520017Z[0m [32m INFO[0m [2mgame::bench[0m[2m:[0m [STATS] t=593.3s tick=31546 fps_1s=31.0 avg_fps=53.2
[2m2026-09-26T11:21:46.529656Z[0m [32m INFO[0m [2mgame::bench[0m[2m:[0m [STATS] t=594.3s tick=31572 fps_1s=25.8 avg_fps=53.1
[2m2026-09-26T11:21:47.557714Z[0m [32m INFO[0m [2mgame::bench[0m[2m:[0m [STATS] t=595.3s tick=31604 fps_1s=31.5 avg_fps=53.1
[2m2026-09-26T11:21:48.586075Z[0m [32m INFO[0m [2mgame::bench[0m[2m:[0m [STATS] t=596.4s tick=31642 fps_1s=36.6 avg_fps=53.0
[2m2026-09-26T11:21:49.651742Z[0m [32m INFO[0m [2mgame::bench[0m[2m:[0m [STATS] t=597.4s tick=31684 fps_1s=40.5 avg_fps=53.0
[2m2026-09-26T11:21:50.697344Z[0m [32m INFO[0m [2mgame::bench[0m[2m:[0m [STATS] t=598.5s tick=31718 fps_1s=31.8 avg_fps=53.0
[2m2026-09-26T11:21:51.725948Z[0m [32m INFO[0m [2mgame::bench[0m[2m:[0m [STATS] t=599.5s tick=31753 fps_1s=33.9 avg_fps=53.0
[2m2026-09-26T11:21:52.735032Z[0m [32m INFO[0m [2mgame::bench[0m[2m:[0m [STATS] t=600.5s tick=31783 fps_1s=29.7 avg_fps=52.9
[2m2026-09-26T11:21:53.782640Z[0m [32m INFO[0m [2mgame::bench[0m[2m:[0m [STATS] t=601.5s tick=31816 fps_1s=31.5 avg_fps=52.9
[2m2026-09-26T11:21:54.788037Z[0m [32m INFO[0m [2mgame::bench[0m[2m:[0m [STATS] t=602.6s tick=31842 fps_1s=25.9 avg_fps=52.8
[2m2026-09-26T11:21:55.885384Z[0m [32m INFO[0m [2mgame::bench[0m[2m:[0m [STATS] t=603.6s tick=31873 fps_1s=28.8 avg_fps=52.8
[2m2026-09-26T11:21:56.888158Z[0m [32m INFO[0m [2mgame::bench[0m[2m:[0m [STATS] t=604.6s tick=31903 fps_1s=29.8 avg_fps=52.7
[2m2026-09-26T11:21:57.908701Z[0m [32m INFO[0m [2mgame::bench[0m[2m:[0m [STATS] t=605.7s tick=31933 fps_1s=28.9 avg_fps=52.7
[2m2026-09-26T11:21:58.982088Z[0m [32m INFO[0m [2mgame::bench[0m[2m:[0m [STATS] t=606.7s tick=31965 fps_1s=30.3 avg_fps=52.7
[2m2026-09-26T11:22:00.081918Z[0m [32m INFO[0m [2mgame::bench[0m[2m:[0m [STATS] t=607.8s tick=32002 fps_1s=33.2 avg_fps=52.6
[2m2026-09-26T11:22:01.126895Z[0m [32m INFO[0m [2mgame::bench[0m[2m:[0m [STATS] t=608.9s tick=32039 fps_1s=35.3 avg_fps=52.6
[2m2026-09-26T11:22:02.132465Z[0m [32m INFO[0m [2mgame::bench[0m[2m:[0m [STATS] t=609.9s tick=32077 fps_1s=37.8 avg_fps=52.6
[2m2026-09-26T11:22:03.165845Z[0m [32m INFO[0m [2mgame::bench[0m[2m:[0m [STATS] t=610.9s tick=32106 fps_1s=28.4 avg_fps=52.5
[2m2026-09-26T11:22:04.168210Z[0m [32m INFO[0m [2mgame::bench[0m[2m:[0m [STATS] t=611.9s tick=32142 fps_1s=35.5 avg_fps=52.5
[2m2026-09-26T11:22:05.181433Z[0m [32m INFO[0m [2mgame::bench[0m[2m:[0m [STATS] t=612.9s tick=32178 fps_1s=35.6 avg_fps=52.5
[2m2026-09-26T11:22:06.248278Z[0m [32m INFO[0m [2mgame::bench[0m[2m:[0m [STATS] t=614.0s tick=32223 fps_1s=42.6 avg_fps=52.5
[2m2026-09-26T11:22:07.271505Z[0m [32m INFO[0m [2mgame::bench[0m[2m:[0m [STATS] t=615.0s tick=32268 fps_1s=43.4 avg_fps=52.5
[2m2026-09-26T11:22:08.285378Z[0m [32m INFO[0m [2mgame::bench[0m[2m:[0m [STATS] t=616.0s tick=32287 fps_1s=18.9 avg_fps=52.4
[2m2026-09-26T11:22:09.344099Z[0m [32m INFO[0m [2mgame::bench[0m[2m:[0m [STATS] t=617.1s tick=32310 fps_1s=22.7 avg_fps=52.4
[2m2026-09-26T11:22:10.361928Z[0m [32m INFO[0m [2mgame::bench[0m[2m:[0m [STATS] t=618.1s tick=32338 fps_1s=27.6 avg_fps=52.3
[2m2026-09-26T11:22:11.364714Z[0m [32m INFO[0m [2mgame::bench[0m[2m:[0m [STATS] t=619.1s tick=32369 fps_1s=30.8 avg_fps=52.3
[2m2026-09-26T11:22:12.382048Z[0m [32m INFO[0m [2mgame::bench[0m[2m:[0m [STATS] t=620.1s tick=32398 fps_1s=28.7 avg_fps=52.2
[2m2026-09-26T11:22:13.393178Z[0m [32m INFO[0m [2mgame::bench[0m[2m:[0m [STATS] t=621.1s tick=32432 fps_1s=33.5 avg_fps=52.2
[2m2026-09-26T11:22:14.431618Z[0m [32m INFO[0m [2mgame::bench[0m[2m:[0m [STATS] t=622.1s tick=32468 fps_1s=35.3 avg_fps=52.2
[2m2026-09-26T11:22:15.438303Z[0m [32m INFO[0m [2mgame::bench[0m[2m:[0m [STATS] t=623.1s tick=32499 fps_1s=30.2 avg_fps=52.1
[2m2026-09-26T11:22:16.479323Z[0m [32m INFO[0m [2mgame::bench[0m[2m:[0m [STATS] t=624.2s tick=32534 fps_1s=33.6 avg_fps=52.1
[2m2026-09-26T11:22:17.487801Z[0m [32m INFO[0m [2mgame::bench[0m[2m:[0m [STATS] t=625.2s tick=32566 fps_1s=31.7 avg_fps=52.1
[2m2026-09-26T11:22:18.491649Z[0m [32m INFO[0m [2mgame::bench[0m[2m:[0m [STATS] t=626.2s tick=32609 fps_1s=42.8 avg_fps=52.1
[2m2026-09-26T11:22:19.521775Z[0m [32m INFO[0m [2mgame::bench[0m[2m:[0m [STATS] t=627.2s tick=32649 fps_1s=39.3 avg_fps=52.0
[2m2026-09-26T11:22:20.575674Z[0m [32m INFO[0m [2mgame::bench[0m[2m:[0m [STATS] t=628.2s tick=32678 fps_1s=28.8 avg_fps=52.0
[2m2026-09-26T11:22:21.755954Z[0m [32m INFO[0m [2mgame::bench[0m[2m:[0m [STATS] t=629.3s tick=32707 fps_1s=26.5 avg_fps=52.0
[2m2026-09-26T11:22:22.794340Z[0m [32m INFO[0m [2mgame::bench[0m[2m:[0m [STATS] t=630.4s tick=32743 fps_1s=34.6 avg_fps=51.9
[2m2026-09-26T11:22:24.027355Z[0m [32m INFO[0m [2mgame::bench[0m[2m:[0m [STATS] t=631.4s tick=32776 fps_1s=31.8 avg_fps=51.9
[2m2026-09-26T11:22:25.070496Z[0m [32m INFO[0m [2mgame::bench[0m[2m:[0m [STATS] t=632.4s tick=32813 fps_1s=35.7 avg_fps=51.9
[2m2026-09-26T11:22:26.087192Z[0m [32m INFO[0m [2mgame::bench[0m[2m:[0m [STATS] t=633.4s tick=32849 fps_1s=35.5 avg_fps=51.8
[2m2026-09-26T11:22:27.099911Z[0m [32m INFO[0m [2mgame::bench[0m[2m:[0m [STATS] t=634.5s tick=32892 fps_1s=42.0 avg_fps=51.8
[2m2026-09-26T11:22:28.105363Z[0m [32m INFO[0m [2mgame::bench[0m[2m:[0m [STATS] t=635.5s tick=32925 fps_1s=32.8 avg_fps=51.8
[2m2026-09-26T11:22:29.158288Z[0m [32m INFO[0m [2mgame::bench[0m[2m:[0m [STATS] t=636.5s tick=32963 fps_1s=36.1 avg_fps=51.8
[2m2026-09-26T11:22:30.166329Z[0m [32m INFO[0m [2mgame::bench[0m[2m:[0m [STATS] t=637.5s tick=32996 fps_1s=32.8 avg_fps=51.7
[2m2026-09-26T11:22:31.181043Z[0m [32m INFO[0m [2mgame::bench[0m[2m:[0m [STATS] t=638.6s tick=33039 fps_1s=42.4 avg_fps=51.7
[2m2026-09-26T11:22:32.199938Z[0m [32m INFO[0m [2mgame::bench[0m[2m:[0m [STATS] t=639.6s tick=33076 fps_1s=36.3 avg_fps=51.7
[2m2026-09-26T11:22:33.211543Z[0m [32m INFO[0m [2mgame::bench[0m[2m:[0m [STATS] t=640.6s tick=33118 fps_1s=41.7 avg_fps=51.7
[2m2026-09-26T11:22:34.256860Z[0m [32m INFO[0m [2mgame::bench[0m[2m:[0m [STATS] t=641.6s tick=33158 fps_1s=38.1 avg_fps=51.7
[2m2026-09-26T11:22:35.274551Z[0m [32m INFO[0m [2mgame::bench[0m[2m:[0m [STATS] t=642.6s tick=33182 fps_1s=23.6 avg_fps=51.6
[2m2026-09-26T11:22:36.295495Z[0m [32m INFO[0m [2mgame::bench[0m[2m:[0m [STATS] t=643.7s tick=33211 fps_1s=28.5 avg_fps=51.6
[2m2026-09-26T11:22:37.320558Z[0m [32m INFO[0m [2mgame::bench[0m[2m:[0m [STATS] t=644.7s tick=33251 fps_1s=39.1 avg_fps=51.6
[2m2026-09-26T11:22:38.324328Z[0m [32m INFO[0m [2mgame::bench[0m[2m:[0m [STATS] t=645.7s tick=33297 fps_1s=45.6 avg_fps=51.5
[2m2026-09-26T11:22:39.337999Z[0m [32m INFO[0m [2mgame::bench[0m[2m:[0m [STATS] t=646.7s tick=33332 fps_1s=34.6 avg_fps=51.5
[2m2026-09-26T11:22:40.353276Z[0m [32m INFO[0m [2mgame::bench[0m[2m:[0m [STATS] t=647.7s tick=33368 fps_1s=35.4 avg_fps=51.5
[2m2026-09-26T11:22:41.371258Z[0m [32m INFO[0m [2mgame::bench[0m[2m:[0m [STATS] t=648.7s tick=33402 fps_1s=33.5 avg_fps=51.5
[2m2026-09-26T11:22:42.506964Z[0m [32m INFO[0m [2mgame::bench[0m[2m:[0m [STATS] t=649.7s tick=33445 fps_1s=42.7 avg_fps=51.5
[2m2026-09-26T11:22:43.528635Z[0m [32m INFO[0m [2mgame::bench[0m[2m:[0m [STATS] t=650.8s tick=33485 fps_1s=39.2 avg_fps=51.4
[2m2026-09-26T11:22:44.543707Z[0m [32m INFO[0m [2mgame::bench[0m[2m:[0m [STATS] t=651.8s tick=33522 fps_1s=36.6 avg_fps=51.4
[2m2026-09-26T11:22:45.543778Z[0m [32m INFO[0m [2mgame::bench[0m[2m:[0m [STATS] t=652.8s tick=33571 fps_1s=48.9 avg_fps=51.4
[2m2026-09-26T11:22:46.576419Z[0m [32m INFO[0m [2mgame::bench[0m[2m:[0m [STATS] t=653.8s tick=33601 fps_1s=29.4 avg_fps=51.4
[2m2026-09-26T11:22:47.579910Z[0m [32m INFO[0m [2mgame::bench[0m[2m:[0m [STATS] t=654.8s tick=33645 fps_1s=43.2 avg_fps=51.4
[2m2026-09-26T11:22:48.629443Z[0m [32m INFO[0m [2mgame::bench[0m[2m:[0m [STATS] t=655.9s tick=33673 fps_1s=26.7 avg_fps=51.3
[2m2026-09-26T11:22:49.651785Z[0m [32m INFO[0m [2mgame::bench[0m[2m:[0m [STATS] t=656.9s tick=33713 fps_1s=39.2 avg_fps=51.3
[2m2026-09-26T11:22:50.668238Z[0m [32m INFO[0m [2mgame::bench[0m[2m:[0m [STATS] t=657.9s tick=33747 fps_1s=34.0 avg_fps=51.3
[2m2026-09-26T11:22:51.690252Z[0m [32m INFO[0m [2mgame::bench[0m[2m:[0m [STATS] t=658.9s tick=33790 fps_1s=41.4 avg_fps=51.3
[2m2026-09-26T11:22:52.717830Z[0m [32m INFO[0m [2mgame::bench[0m[2m:[0m [STATS] t=659.9s tick=33827 fps_1s=36.5 avg_fps=51.2
[2m2026-09-26T11:22:53.728531Z[0m [32m INFO[0m [2mgame::bench[0m[2m:[0m [STATS] t=661.0s tick=33872 fps_1s=44.3 avg_fps=51.2
[2m2026-09-26T11:22:54.745769Z[0m [32m INFO[0m [2mgame::bench[0m[2m:[0m [STATS] t=662.0s tick=33906 fps_1s=33.1 avg_fps=51.2
[2m2026-09-26T11:22:55.795793Z[0m [32m INFO[0m [2mgame::bench[0m[2m:[0m [STATS] t=663.0s tick=33934 fps_1s=26.7 avg_fps=51.2
[2m2026-09-26T11:22:56.802314Z[0m [32m INFO[0m [2mgame::bench[0m[2m:[0m [STATS] t=664.0s tick=33977 fps_1s=42.7 avg_fps=51.1
[2m2026-09-26T11:22:57.810004Z[0m [32m INFO[0m [2mgame::bench[0m[2m:[0m [STATS] t=665.0s tick=34011 fps_1s=33.8 avg_fps=51.1
[2m2026-09-26T11:22:59.094072Z[0m [32m INFO[0m [2mgame::bench[0m[2m:[0m [STATS] t=666.0s tick=34030 fps_1s=19.0 avg_fps=51.1
[2m2026-09-26T11:23:00.697143Z[0m [32m INFO[0m [2mgame::bench[0m[2m:[0m [STATS] t=667.2s tick=34045 fps_1s=12.5 avg_fps=51.0
[2m2026-09-26T11:23:03.006781Z[0m [32m INFO[0m [2mgame::bench[0m[2m:[0m [STATS] t=668.3s tick=34055 fps_1s=9.9 avg_fps=50.9
[2m2026-09-26T11:23:04.007632Z[0m [32m INFO[0m [2mgame::bench[0m[2m:[0m [STATS] t=669.3s tick=34099 fps_1s=43.9 avg_fps=50.9
[2m2026-09-26T11:23:05.059333Z[0m [32m INFO[0m [2mgame::bench[0m[2m:[0m [STATS] t=670.3s tick=34135 fps_1s=34.2 avg_fps=50.9
[2m2026-09-26T11:23:06.170657Z[0m [32m INFO[0m [2mgame::bench[0m[2m:[0m [STATS] t=671.4s tick=34174 fps_1s=35.1 avg_fps=50.9
[2m2026-09-26T11:23:07.225407Z[0m [32m INFO[0m [2mgame::bench[0m[2m:[0m [STATS] t=672.5s tick=34217 fps_1s=41.9 avg_fps=50.9
[2m2026-09-26T11:23:08.213195Z[0m [32m INFO[0m [2mgame::bench[0m[2m:[0m [STATS] t=673.5s tick=34258 fps_1s=40.4 avg_fps=50.8
[2m2026-09-26T11:23:09.222884Z[0m [32m INFO[0m [2mgame::bench[0m[2m:[0m [STATS] t=674.5s tick=34297 fps_1s=38.6 avg_fps=50.8
[2m2026-09-26T11:23:10.248119Z[0m [32m INFO[0m [2mgame::bench[0m[2m:[0m [STATS] t=675.5s tick=34337 fps_1s=39.2 avg_fps=50.8
[2m2026-09-26T11:23:11.285153Z[0m [32m INFO[0m [2mgame::bench[0m[2m:[0m [STATS] t=676.5s tick=34373 fps_1s=34.8 avg_fps=50.8
[2m2026-09-26T11:23:12.304131Z[0m [32m INFO[0m [2mgame::bench[0m[2m:[0m [STATS] t=677.5s tick=34416 fps_1s=42.5 avg_fps=50.8
[2m2026-09-26T11:23:13.306432Z[0m [32m INFO[0m [2mgame::bench[0m[2m:[0m [STATS] t=678.6s tick=34458 fps_1s=41.3 avg_fps=50.8
[2m2026-09-26T11:23:14.377586Z[0m [32m INFO[0m [2mgame::bench[0m[2m:[0m [STATS] t=679.6s tick=34491 fps_1s=30.8 avg_fps=50.7
[2m2026-09-26T11:23:15.384114Z[0m [32m INFO[0m [2mgame::bench[0m[2m:[0m [STATS] t=680.6s tick=34529 fps_1s=37.9 avg_fps=50.7
[2m2026-09-26T11:23:16.404717Z[0m [32m INFO[0m [2mgame::bench[0m[2m:[0m [STATS] t=681.7s tick=34555 fps_1s=25.4 avg_fps=50.7
[2m2026-09-26T11:23:17.420952Z[0m [32m INFO[0m [2mgame::bench[0m[2m:[0m [STATS] t=682.7s tick=34589 fps_1s=33.5 avg_fps=50.6
[2m2026-09-26T11:23:18.587971Z[0m [32m INFO[0m [2mgame::bench[0m[2m:[0m [STATS] t=683.8s tick=34615 fps_1s=22.3 avg_fps=50.6
[2m2026-09-26T11:23:19.610310Z[0m [32m INFO[0m [2mgame::bench[0m[2m:[0m [STATS] t=684.9s tick=34646 fps_1s=30.3 avg_fps=50.6
[2m2026-09-26T11:23:20.633139Z[0m [32m INFO[0m [2mgame::bench[0m[2m:[0m [STATS] t=685.9s tick=34674 fps_1s=27.3 avg_fps=50.5
[2m2026-09-26T11:23:21.641440Z[0m [32m INFO[0m [2mgame::bench[0m[2m:[0m [STATS] t=686.9s tick=34697 fps_1s=22.9 avg_fps=50.5
[2m2026-09-26T11:23:22.655675Z[0m [32m INFO[0m [2mgame::bench[0m[2m:[0m [STATS] t=687.9s tick=34731 fps_1s=33.5 avg_fps=50.5
[2m2026-09-26T11:23:23.679185Z[0m [32m INFO[0m [2mgame::bench[0m[2m:[0m [STATS] t=688.9s tick=34754 fps_1s=22.5 avg_fps=50.4
[2m2026-09-26T11:23:24.689058Z[0m [32m INFO[0m [2mgame::bench[0m[2m:[0m [STATS] t=689.9s tick=34788 fps_1s=33.7 avg_fps=50.4
[2m2026-09-26T11:23:25.703359Z[0m [32m INFO[0m [2mgame::bench[0m[2m:[0m [STATS] t=691.0s tick=34805 fps_1s=16.8 avg_fps=50.4
[2m2026-09-26T11:23:26.754774Z[0m [32m INFO[0m [2mgame::bench[0m[2m:[0m [STATS] t=692.0s tick=34828 fps_1s=22.4 avg_fps=50.3
[2m2026-09-26T11:23:27.786050Z[0m [32m INFO[0m [2mgame::bench[0m[2m:[0m [STATS] t=693.0s tick=34846 fps_1s=17.7 avg_fps=50.3
[2m2026-09-26T11:23:28.813919Z[0m [32m INFO[0m [2mgame::bench[0m[2m:[0m [STATS] t=694.0s tick=34871 fps_1s=24.3 avg_fps=50.2
[2m2026-09-26T11:23:29.967933Z[0m [32m INFO[0m [2mgame::bench[0m[2m:[0m [STATS] t=695.1s tick=34894 fps_1s=22.1 avg_fps=50.2
[2m2026-09-26T11:23:30.971307Z[0m [32m INFO[0m [2mgame::bench[0m[2m:[0m [STATS] t=696.1s tick=34925 fps_1s=30.9 avg_fps=50.2
[2m2026-09-26T11:23:31.977007Z[0m [32m INFO[0m [2mgame::bench[0m[2m:[0m [STATS] t=697.1s tick=34952 fps_1s=26.8 avg_fps=50.1
[2m2026-09-26T11:23:32.988938Z[0m [32m INFO[0m [2mgame::bench[0m[2m:[0m [STATS] t=698.1s tick=34989 fps_1s=36.5 avg_fps=50.1
[2m2026-09-26T11:23:34.003945Z[0m [32m INFO[0m [2mgame::bench[0m[2m:[0m [STATS] t=699.1s tick=35033 fps_1s=43.3 avg_fps=50.1
[2m2026-09-26T11:23:35.054029Z[0m [32m INFO[0m [2mgame::bench[0m[2m:[0m [STATS] t=700.1s tick=35070 fps_1s=36.8 avg_fps=50.1
[2m2026-09-26T11:23:36.188441Z[0m [32m INFO[0m [2mgame::bench[0m[2m:[0m [STATS] t=701.3s tick=35112 fps_1s=37.0 avg_fps=50.1
[2m2026-09-26T11:23:37.203715Z[0m [32m INFO[0m [2mgame::bench[0m[2m:[0m [STATS] t=702.3s tick=35154 fps_1s=41.4 avg_fps=50.0
[2m2026-09-26T11:23:38.245870Z[0m [32m INFO[0m [2mgame::bench[0m[2m:[0m [STATS] t=703.3s tick=35194 fps_1s=39.0 avg_fps=50.0
[2m2026-09-26T11:23:39.237144Z[0m [32m INFO[0m [2mgame::bench[0m[2m:[0m [STATS] t=704.3s tick=35226 fps_1s=31.7 avg_fps=50.0
[2m2026-09-26T11:23:40.253447Z[0m [32m INFO[0m [2mgame::bench[0m[2m:[0m [STATS] t=705.3s tick=35272 fps_1s=45.5 avg_fps=50.0
[2m2026-09-26T11:23:41.287933Z[0m [32m INFO[0m [2mgame::bench[0m[2m:[0m [STATS] t=706.3s tick=35304 fps_1s=30.9 avg_fps=50.0
[2m2026-09-26T11:23:42.331503Z[0m [32m INFO[0m [2mgame::bench[0m[2m:[0m [STATS] t=707.4s tick=35327 fps_1s=22.3 avg_fps=49.9
[2m2026-09-26T11:23:43.368241Z[0m [32m INFO[0m [2mgame::bench[0m[2m:[0m [STATS] t=708.4s tick=35355 fps_1s=26.7 avg_fps=49.9
[2m2026-09-26T11:23:44.389331Z[0m [32m INFO[0m [2mgame::bench[0m[2m:[0m [STATS] t=709.4s tick=35380 fps_1s=24.5 avg_fps=49.9
[2m2026-09-26T11:23:45.463483Z[0m [32m INFO[0m [2mgame::bench[0m[2m:[0m [STATS] t=710.5s tick=35418 fps_1s=35.4 avg_fps=49.8
[2m2026-09-26T11:23:46.491719Z[0m [32m INFO[0m [2mgame::bench[0m[2m:[0m [STATS] t=711.5s tick=35448 fps_1s=29.2 avg_fps=49.8
[2m2026-09-26T11:23:47.628554Z[0m [32m INFO[0m [2mgame::bench[0m[2m:[0m [STATS] t=712.6s tick=35484 fps_1s=34.4 avg_fps=49.8
[2m2026-09-26T11:23:48.654194Z[0m [32m INFO[0m [2mgame::bench[0m[2m:[0m [STATS] t=713.6s tick=35516 fps_1s=31.9 avg_fps=49.7
[2m2026-09-26T11:23:49.657262Z[0m [32m INFO[0m [2mgame::bench[0m[2m:[0m [STATS] t=714.6s tick=35563 fps_1s=46.8 avg_fps=49.7
[2m2026-09-26T11:23:50.683184Z[0m [32m INFO[0m [2mgame::bench[0m[2m:[0m [STATS] t=715.6s tick=35604 fps_1s=40.3 avg_fps=49.7
[2m2026-09-26T11:23:51.803482Z[0m [32m INFO[0m [2mgame::bench[0m[2m:[0m [STATS] t=716.6s tick=35632 fps_1s=27.7 avg_fps=49.7
[2m2026-09-26T11:23:53.368194Z[0m [32m INFO[0m [2mgame::bench[0m[2m:[0m [STATS] t=717.7s tick=35654 fps_1s=20.5 avg_fps=49.7
[2m2026-09-26T11:23:54.406233Z[0m [32m INFO[0m [2mgame::bench[0m[2m:[0m [STATS] t=718.7s tick=35695 fps_1s=39.3 avg_fps=49.6
[2m2026-09-26T11:23:55.415393Z[0m [32m INFO[0m [2mgame::bench[0m[2m:[0m [STATS] t=719.8s tick=35726 fps_1s=30.8 avg_fps=49.6
[2m2026-09-26T11:23:56.463477Z[0m [32m INFO[0m [2mgame::bench[0m[2m:[0m [STATS] t=720.8s tick=35753 fps_1s=25.6 avg_fps=49.6
[2m2026-09-26T11:23:57.702469Z[0m [32m INFO[0m [2mgame::bench[0m[2m:[0m [STATS] t=721.9s tick=35776 fps_1s=22.0 avg_fps=49.6
[2m2026-09-26T11:23:58.703188Z[0m [32m INFO[0m [2mgame::bench[0m[2m:[0m [STATS] t=722.9s tick=35810 fps_1s=33.7 avg_fps=49.5
[2m2026-09-26T11:23:59.750966Z[0m [32m INFO[0m [2mgame::bench[0m[2m:[0m [STATS] t=723.9s tick=35843 fps_1s=32.2 avg_fps=49.5
[2m2026-09-26T11:24:00.919841Z[0m [32m INFO[0m [2mgame::bench[0m[2m:[0m [STATS] t=724.9s tick=35870 fps_1s=26.8 avg_fps=49.5
[2m2026-09-26T11:24:01.961836Z[0m [32m INFO[0m [2mgame::bench[0m[2m:[0m [STATS] t=725.9s tick=35907 fps_1s=35.7 avg_fps=49.4
[2m2026-09-26T11:24:02.963550Z[0m [32m INFO[0m [2mgame::bench[0m[2m:[0m [STATS] t=726.9s tick=35943 fps_1s=35.9 avg_fps=49.4
[2m2026-09-26T11:24:03.983821Z[0m [32m INFO[0m [2mgame::bench[0m[2m:[0m [STATS] t=728.0s tick=35977 fps_1s=33.4 avg_fps=49.4
[2m2026-09-26T11:24:04.993859Z[0m [32m INFO[0m [2mgame::bench[0m[2m:[0m [STATS] t=729.0s tick=36015 fps_1s=37.6 avg_fps=49.4
[2m2026-09-26T11:24:06.043583Z[0m [32m INFO[0m [2mgame::bench[0m[2m:[0m [STATS] t=730.0s tick=36047 fps_1s=30.4 avg_fps=49.4
[2m2026-09-26T11:24:07.077654Z[0m [32m INFO[0m [2mgame::bench[0m[2m:[0m [STATS] t=731.0s tick=36080 fps_1s=32.1 avg_fps=49.3
[2m2026-09-26T11:24:08.157913Z[0m [32m INFO[0m [2mgame::bench[0m[2m:[0m [STATS] t=732.1s tick=36112 fps_1s=30.7 avg_fps=49.3
[2m2026-09-26T11:24:09.182940Z[0m [32m INFO[0m [2mgame::bench[0m[2m:[0m [STATS] t=733.1s tick=36148 fps_1s=35.2 avg_fps=49.3
[2m2026-09-26T11:24:10.338473Z[0m [32m INFO[0m [2mgame::bench[0m[2m:[0m [STATS] t=734.1s tick=36184 fps_1s=35.6 avg_fps=49.3
[2m2026-09-26T11:24:11.418914Z[0m [32m INFO[0m [2mgame::bench[0m[2m:[0m [STATS] t=735.1s tick=36218 fps_1s=33.5 avg_fps=49.2
[2m2026-09-26T11:24:12.434832Z[0m [32m INFO[0m [2mgame::bench[0m[2m:[0m [STATS] t=736.1s tick=36246 fps_1s=27.5 avg_fps=49.2
[2m2026-09-26T11:24:13.451991Z[0m [32m INFO[0m [2mgame::bench[0m[2m:[0m [STATS] t=737.2s tick=36274 fps_1s=27.7 avg_fps=49.2
[2m2026-09-26T11:24:14.468389Z[0m [32m INFO[0m [2mgame::bench[0m[2m:[0m [STATS] t=738.2s tick=36308 fps_1s=33.4 avg_fps=49.2
[2m2026-09-26T11:24:15.509856Z[0m [32m INFO[0m [2mgame::bench[0m[2m:[0m [STATS] t=739.2s tick=36346 fps_1s=36.8 avg_fps=49.1
[2m2026-09-26T11:24:16.634541Z[0m [32m INFO[0m [2mgame::bench[0m[2m:[0m [STATS] t=740.2s tick=36383 fps_1s=36.6 avg_fps=49.1
[2m2026-09-26T11:24:17.636414Z[0m [32m INFO[0m [2mgame::bench[0m[2m:[0m [STATS] t=741.2s tick=36414 fps_1s=31.0 avg_fps=49.1
[2m2026-09-26T11:24:18.651396Z[0m [32m INFO[0m [2mgame::bench[0m[2m:[0m [STATS] t=742.2s tick=36448 fps_1s=33.9 avg_fps=49.1
[2m2026-09-26T11:24:19.671857Z[0m [32m INFO[0m [2mgame::bench[0m[2m:[0m [STATS] t=743.2s tick=36486 fps_1s=37.3 avg_fps=49.1
[2m2026-09-26T11:24:20.769639Z[0m [32m INFO[0m [2mgame::bench[0m[2m:[0m [STATS] t=744.3s tick=36520 fps_1s=31.5 avg_fps=49.0
[2m2026-09-26T11:24:21.901331Z[0m [32m INFO[0m [2mgame::bench[0m[2m:[0m [STATS] t=745.3s tick=36555 fps_1s=34.7 avg_fps=49.0
[2m2026-09-26T11:24:22.932871Z[0m [32m INFO[0m [2mgame::bench[0m[2m:[0m [STATS] t=746.4s tick=36614 fps_1s=57.2 avg_fps=49.0
[2m2026-09-26T11:24:23.934189Z[0m [32m INFO[0m [2mgame::bench[0m[2m:[0m [STATS] t=747.4s tick=36666 fps_1s=51.9 avg_fps=49.0
[2m2026-09-26T11:24:24.959414Z[0m [32m INFO[0m [2mgame::bench[0m[2m:[0m [STATS] t=748.4s tick=36727 fps_1s=59.5 avg_fps=49.1
[2m2026-09-26T11:24:25.967230Z[0m [32m INFO[0m [2mgame::bench[0m[2m:[0m [STATS] t=749.4s tick=36788 fps_1s=60.5 avg_fps=49.1
[2m2026-09-26T11:24:26.986465Z[0m [32m INFO[0m [2mgame::bench[0m[2m:[0m [STATS] t=750.4s tick=36849 fps_1s=60.0 avg_fps=49.1
[2m2026-09-26T11:24:28.006056Z[0m [32m INFO[0m [2mgame::bench[0m[2m:[0m [STATS] t=751.4s tick=36904 fps_1s=53.8 avg_fps=49.1
[2m2026-09-26T11:24:29.007851Z[0m [32m INFO[0m [2mgame::bench[0m[2m:[0m [STATS] t=752.4s tick=36957 fps_1s=52.9 avg_fps=49.1
[2m2026-09-26T11:24:30.026427Z[0m [32m INFO[0m [2mgame::bench[0m[2m:[0m [STATS] t=753.4s tick=37006 fps_1s=48.5 avg_fps=49.1
[2m2026-09-26T11:24:31.017209Z[0m [32m INFO[0m [2mgame::bench[0m[2m:[0m [STATS] t=754.4s tick=37060 fps_1s=54.0 avg_fps=49.1
[2m2026-09-26T11:24:32.034053Z[0m [32m INFO[0m [2mgame::bench[0m[2m:[0m [STATS] t=755.5s tick=37119 fps_1s=58.0 avg_fps=49.1
[2m2026-09-26T11:24:33.050245Z[0m [32m INFO[0m [2mgame::bench[0m[2m:[0m [STATS] t=756.5s tick=37170 fps_1s=50.2 avg_fps=49.1
[2m2026-09-26T11:24:34.053301Z[0m [32m INFO[0m [2mgame::bench[0m[2m:[0m [STATS] t=757.5s tick=37224 fps_1s=53.8 avg_fps=49.1
[2m2026-09-26T11:24:35.061490Z[0m [32m INFO[0m [2mgame::bench[0m[2m:[0m [STATS] t=758.5s tick=37265 fps_1s=40.7 avg_fps=49.1
[2m2026-09-26T11:24:36.112213Z[0m [32m INFO[0m [2mgame::bench[0m[2m:[0m [STATS] t=759.5s tick=37298 fps_1s=31.4 avg_fps=49.1
[2m2026-09-26T11:24:37.117307Z[0m [32m INFO[0m [2mgame::bench[0m[2m:[0m [STATS] t=760.5s tick=37348 fps_1s=49.7 avg_fps=49.1
[2m2026-09-26T11:24:38.124279Z[0m [32m INFO[0m [2mgame::bench[0m[2m:[0m [STATS] t=761.6s tick=37406 fps_1s=57.6 avg_fps=49.1
[2m2026-09-26T11:24:39.144484Z[0m [32m INFO[0m [2mgame::bench[0m[2m:[0m [STATS] t=762.6s tick=37461 fps_1s=53.9 avg_fps=49.1
[2m2026-09-26T11:24:40.149838Z[0m [32m INFO[0m [2mgame::bench[0m[2m:[0m [STATS] t=763.6s tick=37517 fps_1s=55.7 avg_fps=49.1
[2m2026-09-26T11:24:41.166108Z[0m [32m INFO[0m [2mgame::bench[0m[2m:[0m [STATS] t=764.6s tick=37578 fps_1s=60.0 avg_fps=49.1
[2m2026-09-26T11:24:42.183079Z[0m [32m INFO[0m [2mgame::bench[0m[2m:[0m [STATS] t=765.6s tick=37639 fps_1s=60.0 avg_fps=49.1
[2m2026-09-26T11:24:43.187194Z[0m [32m INFO[0m [2mgame::bench[0m[2m:[0m [STATS] t=766.6s tick=37696 fps_1s=56.8 avg_fps=49.2
[2m2026-09-26T11:24:44.200361Z[0m [32m INFO[0m [2mgame::bench[0m[2m:[0m [STATS] t=767.6s tick=37745 fps_1s=48.4 avg_fps=49.1
[2m2026-09-26T11:24:45.414533Z[0m [32m INFO[0m [2mgame::bench[0m[2m:[0m [STATS] t=768.7s tick=37769 fps_1s=23.3 avg_fps=49.1
[2m2026-09-26T11:24:46.363317Z[0m [32m INFO[0m [2mgame::bench[0m[2m:[0m [STATS] t=769.7s tick=37803 fps_1s=33.5 avg_fps=49.1
[2m2026-09-26T11:24:47.365778Z[0m [32m INFO[0m [2mgame::bench[0m[2m:[0m [STATS] t=770.7s tick=37853 fps_1s=49.8 avg_fps=49.1
[2m2026-09-26T11:24:48.386555Z[0m [32m INFO[0m [2mgame::bench[0m[2m:[0m [STATS] t=771.7s tick=37901 fps_1s=47.1 avg_fps=49.1
[2m2026-09-26T11:24:49.386721Z[0m [32m INFO[0m [2mgame::bench[0m[2m:[0m [STATS] t=772.7s tick=37936 fps_1s=35.0 avg_fps=49.1
[2m2026-09-26T11:24:50.399027Z[0m [32m INFO[0m [2mgame::bench[0m[2m:[0m [STATS] t=773.7s tick=37996 fps_1s=59.3 avg_fps=49.1
[2m2026-09-26T11:24:51.415456Z[0m [32m INFO[0m [2mgame::bench[0m[2m:[0m [STATS] t=774.7s tick=38057 fps_1s=60.0 avg_fps=49.1
[2m2026-09-26T11:24:52.431989Z[0m [32m INFO[0m [2mgame::bench[0m[2m:[0m [STATS] t=775.7s tick=38118 fps_1s=60.0 avg_fps=49.1
[2m2026-09-26T11:24:53.448710Z[0m [32m INFO[0m [2mgame::bench[0m[2m:[0m [STATS] t=776.8s tick=38179 fps_1s=60.0 avg_fps=49.1
[2m2026-09-26T11:24:54.466138Z[0m [32m INFO[0m [2mgame::bench[0m[2m:[0m [STATS] t=777.8s tick=38240 fps_1s=60.0 avg_fps=49.1
[2m2026-09-26T11:24:55.465196Z[0m [32m INFO[0m [2mgame::bench[0m[2m:[0m [STATS] t=778.8s tick=38300 fps_1s=60.0 avg_fps=49.2
[2m2026-09-26T11:24:56.481784Z[0m [32m INFO[0m [2mgame::bench[0m[2m:[0m [STATS] t=779.8s tick=38361 fps_1s=60.0 avg_fps=49.2
[2m2026-09-26T11:24:57.498320Z[0m [32m INFO[0m [2mgame::bench[0m[2m:[0m [STATS] t=780.8s tick=38422 fps_1s=60.0 avg_fps=49.2
[2m2026-09-26T11:24:58.515037Z[0m [32m INFO[0m [2mgame::bench[0m[2m:[0m [STATS] t=781.8s tick=38483 fps_1s=60.0 avg_fps=49.2
[2m2026-09-26T11:24:59.531489Z[0m [32m INFO[0m [2mgame::bench[0m[2m:[0m [STATS] t=782.8s tick=38544 fps_1s=60.0 avg_fps=49.2
[2m2026-09-26T11:25:00.548072Z[0m [32m INFO[0m [2mgame::bench[0m[2m:[0m [STATS] t=783.9s tick=38605 fps_1s=60.0 avg_fps=49.2
[2m2026-09-26T11:25:01.564729Z[0m [32m INFO[0m [2mgame::bench[0m[2m:[0m [STATS] t=784.9s tick=38666 fps_1s=60.0 avg_fps=49.2
[2m2026-09-26T11:25:02.581310Z[0m [32m INFO[0m [2mgame::bench[0m[2m:[0m [STATS] t=785.9s tick=38727 fps_1s=60.0 avg_fps=49.3
[2m2026-09-26T11:25:03.597819Z[0m [32m INFO[0m [2mgame::bench[0m[2m:[0m [STATS] t=786.9s tick=38788 fps_1s=60.0 avg_fps=49.3
[2m2026-09-26T11:25:04.614607Z[0m [32m INFO[0m [2mgame::bench[0m[2m:[0m [STATS] t=787.9s tick=38849 fps_1s=60.0 avg_fps=49.3
[2m2026-09-26T11:25:05.631071Z[0m [32m INFO[0m [2mgame::bench[0m[2m:[0m [STATS] t=788.9s tick=38910 fps_1s=60.0 avg_fps=49.3
[2m2026-09-26T11:25:06.647685Z[0m [32m INFO[0m [2mgame::bench[0m[2m:[0m [STATS] t=790.0s tick=38971 fps_1s=60.0 avg_fps=49.3
[2m2026-09-26T11:25:07.664319Z[0m [32m INFO[0m [2mgame::bench[0m[2m:[0m [STATS] t=791.0s tick=39032 fps_1s=60.0 avg_fps=49.3
[2m2026-09-26T11:25:08.680875Z[0m [32m INFO[0m [2mgame::bench[0m[2m:[0m [STATS] t=792.0s tick=39093 fps_1s=60.0 avg_fps=49.3
[2m2026-09-26T11:25:09.697489Z[0m [32m INFO[0m [2mgame::bench[0m[2m:[0m [STATS] t=793.0s tick=39154 fps_1s=60.0 avg_fps=49.4
[2m2026-09-26T11:25:10.714533Z[0m [32m INFO[0m [2mgame::bench[0m[2m:[0m [STATS] t=794.0s tick=39215 fps_1s=60.0 avg_fps=49.4
[2m2026-09-26T11:25:11.730942Z[0m [32m INFO[0m [2mgame::bench[0m[2m:[0m [STATS] t=795.0s tick=39276 fps_1s=60.0 avg_fps=49.4
[2m2026-09-26T11:25:12.731264Z[0m [32m INFO[0m [2mgame::bench[0m[2m:[0m [STATS] t=796.0s tick=39336 fps_1s=60.0 avg_fps=49.4
[2m2026-09-26T11:25:13.749043Z[0m [32m INFO[0m [2mgame::bench[0m[2m:[0m [STATS] t=797.1s tick=39397 fps_1s=60.0 avg_fps=49.4
[2m2026-09-26T11:25:14.973864Z[0m [32m INFO[0m [2mgame::bench[0m[2m:[0m [STATS] t=798.3s tick=39446 fps_1s=40.9 avg_fps=49.4
[2m2026-09-26T11:25:16.785046Z[0m [32m INFO[0m [2mgame::bench[0m[2m:[0m [STATS] t=799.3s tick=39460 fps_1s=12.9 avg_fps=49.4
[2m2026-09-26T11:25:18.921455Z[0m [32m INFO[0m [2mgame::bench[0m[2m:[0m [STATS] t=800.5s tick=39471 fps_1s=9.7 avg_fps=49.3
[2m2026-09-26T11:25:20.561993Z[0m [32m INFO[0m [2mgame::bench[0m[2m:[0m [STATS] t=801.6s tick=39487 fps_1s=14.0 avg_fps=49.3
[2m2026-09-26T11:25:21.564052Z[0m [32m INFO[0m [2mgame::bench[0m[2m:[0m [STATS] t=802.6s tick=39528 fps_1s=40.8 avg_fps=49.2
[2m2026-09-26T11:25:22.580509Z[0m [32m INFO[0m [2mgame::bench[0m[2m:[0m [STATS] t=803.6s tick=39589 fps_1s=60.0 avg_fps=49.2
[2m2026-09-26T11:25:23.580518Z[0m [32m INFO[0m [2mgame::bench[0m[2m:[0m [STATS] t=804.6s tick=39649 fps_1s=60.0 avg_fps=49.3
[2m2026-09-26T11:25:24.591081Z[0m [32m INFO[0m [2mgame::bench[0m[2m:[0m [STATS] t=805.7s tick=39705 fps_1s=55.5 avg_fps=49.3
[2m2026-09-26T11:25:25.597285Z[0m [32m INFO[0m [2mgame::bench[0m[2m:[0m [STATS] t=806.7s tick=39764 fps_1s=58.5 avg_fps=49.3
[2m2026-09-26T11:25:26.613574Z[0m [32m INFO[0m [2mgame::bench[0m[2m:[0m [STATS] t=807.7s tick=39822 fps_1s=57.1 avg_fps=49.3
[2m2026-09-26T11:25:27.655008Z[0m [32m INFO[0m [2mgame::bench[0m[2m:[0m [STATS] t=808.7s tick=39881 fps_1s=56.7 avg_fps=49.3
[2m2026-09-26T11:25:28.661850Z[0m [32m INFO[0m [2mgame::bench[0m[2m:[0m [STATS] t=809.7s tick=39927 fps_1s=45.7 avg_fps=49.3
[2m2026-09-26T11:25:29.675674Z[0m [32m INFO[0m [2mgame::bench[0m[2m:[0m [STATS] t=810.7s tick=39974 fps_1s=46.9 avg_fps=49.3
[2m2026-09-26T11:25:30.943902Z[0m [32m INFO[0m [2mgame::bench[0m[2m:[0m [STATS] t=811.9s tick=39999 fps_1s=20.5 avg_fps=49.3
[2m2026-09-26T11:25:31.929900Z[0m [32m INFO[0m [2mgame::bench[0m[2m:[0m [STATS] t=812.9s tick=40041 fps_1s=42.0 avg_fps=49.2
[2m2026-09-26T11:25:32.933897Z[0m [32m INFO[0m [2mgame::bench[0m[2m:[0m [STATS] t=813.9s tick=40085 fps_1s=44.0 avg_fps=49.2
[2m2026-09-26T11:25:33.946759Z[0m [32m INFO[0m [2mgame::bench[0m[2m:[0m [STATS] t=815.0s tick=40122 fps_1s=36.4 avg_fps=49.2
[2m2026-09-26T11:25:35.181843Z[0m [32m INFO[0m [2mgame::bench[0m[2m:[0m [STATS] t=816.0s tick=40165 fps_1s=40.4 avg_fps=49.2
[2m2026-09-26T11:25:36.363088Z[0m [32m INFO[0m [2mgame::bench[0m[2m:[0m [STATS] t=817.1s tick=40183 fps_1s=17.4 avg_fps=49.2
[2m2026-09-26T11:25:37.382490Z[0m [32m INFO[0m [2mgame::bench[0m[2m:[0m [STATS] t=818.1s tick=40201 fps_1s=17.6 avg_fps=49.1
[2m2026-09-26T11:25:38.436483Z[0m [32m INFO[0m [2mgame::bench[0m[2m:[0m [STATS] t=819.1s tick=40234 fps_1s=31.3 avg_fps=49.1
[2m2026-09-26T11:25:39.466358Z[0m [32m INFO[0m [2mgame::bench[0m[2m:[0m [STATS] t=820.2s tick=40257 fps_1s=22.6 avg_fps=49.1
[2m2026-09-26T11:25:40.462819Z[0m [32m INFO[0m [2mgame::bench[0m[2m:[0m [STATS] t=821.2s tick=40279 fps_1s=21.8 avg_fps=49.0
[2m2026-09-26T11:25:41.574819Z[0m [32m INFO[0m [2mgame::bench[0m[2m:[0m [STATS] t=822.2s tick=40301 fps_1s=21.0 avg_fps=49.0
[2m2026-09-26T11:25:42.633723Z[0m [32m INFO[0m [2mgame::bench[0m[2m:[0m [STATS] t=823.3s tick=40329 fps_1s=26.5 avg_fps=49.0
[2m2026-09-26T11:25:43.781160Z[0m [32m INFO[0m [2mgame::bench[0m[2m:[0m [STATS] t=824.3s tick=40345 fps_1s=14.8 avg_fps=48.9
[2m2026-09-26T11:25:44.783907Z[0m [32m INFO[0m [2mgame::bench[0m[2m:[0m [STATS] t=825.4s tick=40377 fps_1s=31.6 avg_fps=48.9
[2m2026-09-26T11:25:45.796755Z[0m [32m INFO[0m [2mgame::bench[0m[2m:[0m [STATS] t=826.4s tick=40401 fps_1s=23.8 avg_fps=48.9
[2m2026-09-26T11:25:46.798818Z[0m [32m INFO[0m [2mgame::bench[0m[2m:[0m [STATS] t=827.4s tick=40427 fps_1s=25.9 avg_fps=48.8
[2m2026-09-26T11:25:48.229762Z[0m [32m INFO[0m [2mgame::bench[0m[2m:[0m [STATS] t=828.5s tick=40444 fps_1s=15.5 avg_fps=48.8
[2m2026-09-26T11:25:49.333271Z[0m [32m INFO[0m [2mgame::bench[0m[2m:[0m [STATS] t=829.5s tick=40463 fps_1s=18.1 avg_fps=48.8
[2m2026-09-26T11:25:51.193627Z[0m [32m INFO[0m [2mgame::bench[0m[2m:[0m [STATS] t=830.6s tick=40481 fps_1s=17.5 avg_fps=48.7
[2m2026-09-26T11:25:52.186179Z[0m [32m INFO[0m [2mgame::bench[0m[2m:[0m [STATS] t=831.6s tick=40510 fps_1s=28.9 avg_fps=48.7
[2m2026-09-26T11:25:53.799306Z[0m [32m INFO[0m [2mgame::bench[0m[2m:[0m [STATS] t=832.7s tick=40526 fps_1s=14.6 avg_fps=48.7
[2m2026-09-26T11:25:54.811830Z[0m [32m INFO[0m [2mgame::bench[0m[2m:[0m [STATS] t=833.7s tick=40587 fps_1s=60.2 avg_fps=48.7
[2m2026-09-26T11:25:55.828411Z[0m [32m INFO[0m [2mgame::bench[0m[2m:[0m [STATS] t=834.7s tick=40648 fps_1s=60.0 avg_fps=48.7
[2m2026-09-26T11:25:56.845145Z[0m [32m INFO[0m [2mgame::bench[0m[2m:[0m [STATS] t=835.7s tick=40709 fps_1s=60.0 avg_fps=48.7
[2m2026-09-26T11:25:57.861525Z[0m [32m INFO[0m [2mgame::bench[0m[2m:[0m [STATS] t=836.7s tick=40770 fps_1s=60.0 avg_fps=48.7
[2m2026-09-26T11:25:58.878049Z[0m [32m INFO[0m [2mgame::bench[0m[2m:[0m [STATS] t=837.7s tick=40831 fps_1s=60.0 avg_fps=48.7
[2m2026-09-26T11:25:59.894620Z[0m [32m INFO[0m [2mgame::bench[0m[2m:[0m [STATS] t=838.8s tick=40892 fps_1s=60.0 avg_fps=48.7
[2m2026-09-26T11:26:00.910964Z[0m [32m INFO[0m [2mgame::bench[0m[2m:[0m [STATS] t=839.8s tick=40953 fps_1s=60.0 avg_fps=48.7
[2m2026-09-26T11:26:01.927620Z[0m [32m INFO[0m [2mgame::bench[0m[2m:[0m [STATS] t=840.8s tick=41014 fps_1s=60.0 avg_fps=48.8
[2m2026-09-26T11:26:02.944187Z[0m [32m INFO[0m [2mgame::bench[0m[2m:[0m [STATS] t=841.8s tick=41075 fps_1s=60.0 avg_fps=48.8
[2m2026-09-26T11:26:03.960844Z[0m [32m INFO[0m [2mgame::bench[0m[2m:[0m [STATS] t=842.8s tick=41136 fps_1s=60.0 avg_fps=48.8
[2m2026-09-26T11:26:04.977642Z[0m [32m INFO[0m [2mgame::bench[0m[2m:[0m [STATS] t=843.8s tick=41197 fps_1s=60.0 avg_fps=48.8
[2m2026-09-26T11:26:05.994089Z[0m [32m INFO[0m [2mgame::bench[0m[2m:[0m [STATS] t=844.9s tick=41258 fps_1s=60.0 avg_fps=48.8
[2m2026-09-26T11:26:06.994386Z[0m [32m INFO[0m [2mgame::bench[0m[2m:[0m [STATS] t=845.9s tick=41318 fps_1s=60.0 avg_fps=48.8
[2m2026-09-26T11:26:08.279529Z[0m [32m INFO[0m [2mgame::bench[0m[2m:[0m [STATS] t=846.9s tick=41373 fps_1s=50.6 avg_fps=48.8
[2m2026-09-26T11:26:09.389707Z[0m [32m INFO[0m [2mgame::bench[0m[2m:[0m [STATS] t=848.1s tick=41386 fps_1s=11.1 avg_fps=48.8
[2m2026-09-26T11:26:10.378164Z[0m [32m INFO[0m [2mgame::bench[0m[2m:[0m [STATS] t=849.1s tick=41419 fps_1s=32.9 avg_fps=48.8
[2m2026-09-26T11:26:11.394205Z[0m [32m INFO[0m [2mgame::bench[0m[2m:[0m [STATS] t=850.1s tick=41480 fps_1s=60.0 avg_fps=48.8
[2m2026-09-26T11:26:12.410276Z[0m [32m INFO[0m [2mgame::bench[0m[2m:[0m [STATS] t=851.2s tick=41541 fps_1s=60.0 avg_fps=48.8
[2m2026-09-26T11:26:14.193911Z[0m [32m INFO[0m [2mgame::bench[0m[2m:[0m [STATS] t=852.2s tick=41574 fps_1s=30.8 avg_fps=48.8
[2m2026-09-26T11:26:15.861813Z[0m [32m INFO[0m [2mgame::bench[0m[2m:[0m [STATS] t=853.2s tick=41600 fps_1s=25.8 avg_fps=48.7
[2m2026-09-26T11:26:16.878398Z[0m [32m INFO[0m [2mgame::bench[0m[2m:[0m [STATS] t=854.2s tick=41648 fps_1s=47.2 avg_fps=48.7
[2m2026-09-26T11:26:17.877386Z[0m [32m INFO[0m [2mgame::bench[0m[2m:[0m [STATS] t=855.2s tick=41707 fps_1s=59.0 avg_fps=48.7
[2m2026-09-26T11:26:18.893673Z[0m [32m INFO[0m [2mgame::bench[0m[2m:[0m [STATS] t=856.3s tick=41768 fps_1s=60.0 avg_fps=48.8
[2m2026-09-26T11:26:19.910338Z[0m [32m INFO[0m [2mgame::bench[0m[2m:[0m [STATS] t=857.3s tick=41829 fps_1s=60.0 avg_fps=48.8
[2m2026-09-26T11:26:20.926523Z[0m [32m INFO[0m [2mgame::bench[0m[2m:[0m [STATS] t=858.3s tick=41890 fps_1s=60.0 avg_fps=48.8
[2m2026-09-26T11:26:21.943253Z[0m [32m INFO[0m [2mgame::bench[0m[2m:[0m [STATS] t=859.3s tick=41951 fps_1s=60.0 avg_fps=48.8
[2m2026-09-26T11:26:22.959770Z[0m [32m INFO[0m [2mgame::bench[0m[2m:[0m [STATS] t=860.3s tick=42012 fps_1s=60.0 avg_fps=48.8
[2m2026-09-26T11:26:23.976769Z[0m [32m INFO[0m [2mgame::bench[0m[2m:[0m [STATS] t=861.3s tick=42073 fps_1s=60.0 avg_fps=48.8
[2m2026-09-26T11:26:24.992793Z[0m [32m INFO[0m [2mgame::bench[0m[2m:[0m [STATS] t=862.4s tick=42134 fps_1s=60.0 avg_fps=48.8
[2m2026-09-26T11:26:25.993710Z[0m [32m INFO[0m [2mgame::bench[0m[2m:[0m [STATS] t=863.4s tick=42194 fps_1s=60.0 avg_fps=48.9
[2m2026-09-26T11:26:26.994619Z[0m [32m INFO[0m [2mgame::bench[0m[2m:[0m [STATS] t=864.4s tick=42254 fps_1s=60.0 avg_fps=48.9
[2m2026-09-26T11:26:28.009264Z[0m [32m INFO[0m [2mgame::bench[0m[2m:[0m [STATS] t=865.4s tick=42315 fps_1s=60.0 avg_fps=48.9
[2m2026-09-26T11:26:29.025836Z[0m [32m INFO[0m [2mgame::bench[0m[2m:[0m [STATS] t=866.4s tick=42376 fps_1s=60.0 avg_fps=48.9
[2m2026-09-26T11:26:30.026120Z[0m [32m INFO[0m [2mgame::bench[0m[2m:[0m [STATS] t=867.4s tick=42436 fps_1s=60.0 avg_fps=48.9
[2m2026-09-26T11:26:31.043082Z[0m [32m INFO[0m [2mgame::bench[0m[2m:[0m [STATS] t=868.4s tick=42497 fps_1s=60.0 avg_fps=48.9
[2m2026-09-26T11:26:32.059160Z[0m [32m INFO[0m [2mgame::bench[0m[2m:[0m [STATS] t=869.4s tick=42558 fps_1s=60.0 avg_fps=48.9
[2m2026-09-26T11:26:33.076579Z[0m [32m INFO[0m [2mgame::bench[0m[2m:[0m [STATS] t=870.4s tick=42619 fps_1s=60.0 avg_fps=48.9
[2m2026-09-26T11:26:34.092559Z[0m [32m INFO[0m [2mgame::bench[0m[2m:[0m [STATS] t=871.5s tick=42680 fps_1s=60.0 avg_fps=49.0
[2m2026-09-26T11:26:35.109006Z[0m [32m INFO[0m [2mgame::bench[0m[2m:[0m [STATS] t=872.5s tick=42741 fps_1s=60.0 avg_fps=49.0
[2m2026-09-26T11:26:36.125639Z[0m [32m INFO[0m [2mgame::bench[0m[2m:[0m [STATS] t=873.5s tick=42802 fps_1s=60.0 avg_fps=49.0
[2m2026-09-26T11:26:37.142355Z[0m [32m INFO[0m [2mgame::bench[0m[2m:[0m [STATS] t=874.5s tick=42863 fps_1s=60.0 avg_fps=49.0
[2m2026-09-26T11:26:38.158970Z[0m [32m INFO[0m [2mgame::bench[0m[2m:[0m [STATS] t=875.5s tick=42924 fps_1s=60.0 avg_fps=49.0
[2m2026-09-26T11:26:39.175224Z[0m [32m INFO[0m [2mgame::bench[0m[2m:[0m [STATS] t=876.5s tick=42985 fps_1s=60.0 avg_fps=49.0
[2m2026-09-26T11:26:40.191977Z[0m [32m INFO[0m [2mgame::bench[0m[2m:[0m [STATS] t=877.6s tick=43046 fps_1s=60.0 avg_fps=49.0
[2m2026-09-26T11:26:41.208565Z[0m [32m INFO[0m [2mgame::bench[0m[2m:[0m [STATS] t=878.6s tick=43107 fps_1s=60.0 avg_fps=49.0
[2m2026-09-26T11:26:42.225160Z[0m [32m INFO[0m [2mgame::bench[0m[2m:[0m [STATS] t=879.6s tick=43168 fps_1s=60.0 avg_fps=49.1
[2m2026-09-26T11:26:43.241908Z[0m [32m INFO[0m [2mgame::bench[0m[2m:[0m [STATS] t=880.6s tick=43229 fps_1s=60.0 avg_fps=49.1
[2m2026-09-26T11:26:44.258483Z[0m [32m INFO[0m [2mgame::bench[0m[2m:[0m [STATS] t=881.6s tick=43290 fps_1s=60.0 avg_fps=49.1
[2m2026-09-26T11:26:45.276181Z[0m [32m INFO[0m [2mgame::bench[0m[2m:[0m [STATS] t=882.6s tick=43351 fps_1s=60.0 avg_fps=49.1
[2m2026-09-26T11:26:46.291659Z[0m [32m INFO[0m [2mgame::bench[0m[2m:[0m [STATS] t=883.7s tick=43412 fps_1s=60.0 avg_fps=49.1
[2m2026-09-26T11:26:47.308279Z[0m [32m INFO[0m [2mgame::bench[0m[2m:[0m [STATS] t=884.7s tick=43473 fps_1s=60.0 avg_fps=49.1
[2m2026-09-26T11:26:48.324780Z[0m [32m INFO[0m [2mgame::bench[0m[2m:[0m [STATS] t=885.7s tick=43534 fps_1s=60.0 avg_fps=49.1
[2m2026-09-26T11:26:49.341499Z[0m [32m INFO[0m [2mgame::bench[0m[2m:[0m [STATS] t=886.7s tick=43595 fps_1s=60.0 avg_fps=49.1
[2m2026-09-26T11:26:50.357981Z[0m [32m INFO[0m [2mgame::bench[0m[2m:[0m [STATS] t=887.7s tick=43656 fps_1s=60.0 avg_fps=49.2
[2m2026-09-26T11:26:51.374535Z[0m [32m INFO[0m [2mgame::bench[0m[2m:[0m [STATS] t=888.7s tick=43717 fps_1s=60.0 avg_fps=49.2
[2m2026-09-26T11:26:52.391212Z[0m [32m INFO[0m [2mgame::bench[0m[2m:[0m [STATS] t=889.8s tick=43778 fps_1s=60.0 avg_fps=49.2
[2m2026-09-26T11:26:53.407814Z[0m [32m INFO[0m [2mgame::bench[0m[2m:[0m [STATS] t=890.8s tick=43839 fps_1s=60.0 avg_fps=49.2
[2m2026-09-26T11:26:54.424328Z[0m [32m INFO[0m [2mgame::bench[0m[2m:[0m [STATS] t=891.8s tick=43900 fps_1s=60.0 avg_fps=49.2
[2m2026-09-26T11:26:55.441164Z[0m [32m INFO[0m [2mgame::bench[0m[2m:[0m [STATS] t=892.8s tick=43961 fps_1s=60.0 avg_fps=49.2
[2m2026-09-26T11:26:56.441115Z[0m [32m INFO[0m [2mgame::bench[0m[2m:[0m [STATS] t=893.8s tick=44021 fps_1s=60.0 avg_fps=49.2
[2m2026-09-26T11:26:57.457623Z[0m [32m INFO[0m [2mgame::bench[0m[2m:[0m [STATS] t=894.8s tick=44082 fps_1s=60.0 avg_fps=49.2
[2m2026-09-26T11:26:58.474108Z[0m [32m INFO[0m [2mgame::bench[0m[2m:[0m [STATS] t=895.8s tick=44143 fps_1s=60.0 avg_fps=49.3
[2m2026-09-26T11:26:59.490825Z[0m [32m INFO[0m [2mgame::bench[0m[2m:[0m [STATS] t=896.9s tick=44204 fps_1s=60.0 avg_fps=49.3
[2m2026-09-26T11:27:00.507331Z[0m [32m INFO[0m [2mgame::bench[0m[2m:[0m [STATS] t=897.9s tick=44265 fps_1s=60.0 avg_fps=49.3
[2m2026-09-26T11:27:01.507409Z[0m [32m INFO[0m [2mgame::bench[0m[2m:[0m [STATS] t=898.9s tick=44325 fps_1s=60.0 avg_fps=49.3
[2m2026-09-26T11:27:02.524014Z[0m [32m INFO[0m [2mgame::bench[0m[2m:[0m [STATS] t=899.9s tick=44386 fps_1s=60.0 avg_fps=49.3
[2m2026-09-26T11:27:03.524162Z[0m [32m INFO[0m [2mgame::bench[0m[2m:[0m [STATS] t=900.9s tick=44446 fps_1s=60.0 avg_fps=49.3
[2m2026-09-26T11:27:04.540541Z[0m [32m INFO[0m [2mgame::bench[0m[2m:[0m [STATS] t=901.9s tick=44507 fps_1s=60.0 avg_fps=49.3
[2m2026-09-26T11:27:05.557166Z[0m [32m INFO[0m [2mgame::bench[0m[2m:[0m [STATS] t=902.9s tick=44568 fps_1s=60.0 avg_fps=49.3
[2m2026-09-26T11:27:06.573762Z[0m [32m INFO[0m [2mgame::bench[0m[2m:[0m [STATS] t=903.9s tick=44629 fps_1s=60.0 avg_fps=49.4
[2m2026-09-26T11:27:07.574038Z[0m [32m INFO[0m [2mgame::bench[0m[2m:[0m [STATS] t=904.9s tick=44689 fps_1s=60.0 avg_fps=49.4
[2m2026-09-26T11:27:08.590361Z[0m [32m INFO[0m [2mgame::bench[0m[2m:[0m [STATS] t=906.0s tick=44750 fps_1s=60.0 avg_fps=49.4
[2m2026-09-26T11:27:09.606842Z[0m [32m INFO[0m [2mgame::bench[0m[2m:[0m [STATS] t=907.0s tick=44811 fps_1s=60.0 avg_fps=49.4
[2m2026-09-26T11:27:10.623446Z[0m [32m INFO[0m [2mgame::bench[0m[2m:[0m [STATS] t=908.0s tick=44872 fps_1s=60.0 avg_fps=49.4
[2m2026-09-26T11:27:11.639988Z[0m [32m INFO[0m [2mgame::bench[0m[2m:[0m [STATS] t=909.0s tick=44933 fps_1s=60.0 avg_fps=49.4
[2m2026-09-26T11:27:12.657355Z[0m [32m INFO[0m [2mgame::bench[0m[2m:[0m [STATS] t=910.0s tick=44994 fps_1s=60.0 avg_fps=49.4
[2m2026-09-26T11:27:13.673157Z[0m [32m INFO[0m [2mgame::bench[0m[2m:[0m [STATS] t=911.0s tick=45055 fps_1s=60.0 avg_fps=49.4
[2m2026-09-26T11:27:14.689760Z[0m [32m INFO[0m [2mgame::bench[0m[2m:[0m [STATS] t=912.1s tick=45116 fps_1s=60.0 avg_fps=49.4
[2m2026-09-26T11:27:15.706350Z[0m [32m INFO[0m [2mgame::bench[0m[2m:[0m [STATS] t=913.1s tick=45177 fps_1s=60.0 avg_fps=49.5
[2m2026-09-26T11:27:16.722843Z[0m [32m INFO[0m [2mgame::bench[0m[2m:[0m [STATS] t=914.1s tick=45238 fps_1s=60.0 avg_fps=49.5
[2m2026-09-26T11:27:17.722918Z[0m [32m INFO[0m [2mgame::bench[0m[2m:[0m [STATS] t=915.1s tick=45298 fps_1s=60.0 avg_fps=49.5
[2m2026-09-26T11:27:18.723572Z[0m [32m INFO[0m [2mgame::bench[0m[2m:[0m [STATS] t=916.1s tick=45358 fps_1s=60.0 avg_fps=49.5
[2m2026-09-26T11:27:19.739699Z[0m [32m INFO[0m [2mgame::bench[0m[2m:[0m [STATS] t=917.1s tick=45419 fps_1s=60.0 avg_fps=49.5
[2m2026-09-26T11:27:20.739643Z[0m [32m INFO[0m [2mgame::bench[0m[2m:[0m [STATS] t=918.1s tick=45479 fps_1s=60.0 avg_fps=49.5
[2m2026-09-26T11:27:21.756175Z[0m [32m INFO[0m [2mgame::bench[0m[2m:[0m [STATS] t=919.1s tick=45540 fps_1s=60.0 avg_fps=49.5
[2m2026-09-26T11:27:22.772851Z[0m [32m INFO[0m [2mgame::bench[0m[2m:[0m [STATS] t=920.1s tick=45601 fps_1s=60.0 avg_fps=49.5
[2m2026-09-26T11:27:23.789177Z[0m [32m INFO[0m [2mgame::bench[0m[2m:[0m [STATS] t=921.2s tick=45662 fps_1s=60.0 avg_fps=49.6
[2m2026-09-26T11:27:24.805885Z[0m [32m INFO[0m [2mgame::bench[0m[2m:[0m [STATS] t=922.2s tick=45723 fps_1s=60.0 avg_fps=49.6
[2m2026-09-26T11:27:25.822598Z[0m [32m INFO[0m [2mgame::bench[0m[2m:[0m [STATS] t=923.2s tick=45784 fps_1s=60.0 avg_fps=49.6
[2m2026-09-26T11:27:26.839077Z[0m [32m INFO[0m [2mgame::bench[0m[2m:[0m [STATS] t=924.2s tick=45845 fps_1s=60.0 avg_fps=49.6
[2m2026-09-26T11:27:27.855577Z[0m [32m INFO[0m [2mgame::bench[0m[2m:[0m [STATS] t=925.2s tick=45906 fps_1s=60.0 avg_fps=49.6
[2m2026-09-26T11:27:28.872173Z[0m [32m INFO[0m [2mgame::bench[0m[2m:[0m [STATS] t=926.2s tick=45967 fps_1s=60.0 avg_fps=49.6
[2m2026-09-26T11:27:29.888852Z[0m [32m INFO[0m [2mgame::bench[0m[2m:[0m [STATS] t=927.3s tick=46028 fps_1s=60.0 avg_fps=49.6
[2m2026-09-26T11:27:30.905419Z[0m [32m INFO[0m [2mgame::bench[0m[2m:[0m [STATS] t=928.3s tick=46089 fps_1s=60.0 avg_fps=49.6
[2m2026-09-26T11:27:31.922231Z[0m [32m INFO[0m [2mgame::bench[0m[2m:[0m [STATS] t=929.3s tick=46150 fps_1s=60.0 avg_fps=49.6
[2m2026-09-26T11:27:32.938816Z[0m [32m INFO[0m [2mgame::bench[0m[2m:[0m [STATS] t=930.3s tick=46211 fps_1s=60.0 avg_fps=49.7
[2m2026-09-26T11:27:33.955317Z[0m [32m INFO[0m [2mgame::bench[0m[2m:[0m [STATS] t=931.3s tick=46272 fps_1s=60.0 avg_fps=49.7
[2m2026-09-26T11:27:34.955368Z[0m [32m INFO[0m [2mgame::bench[0m[2m:[0m [STATS] t=932.3s tick=46332 fps_1s=60.0 avg_fps=49.7
[2m2026-09-26T11:27:35.971881Z[0m [32m INFO[0m [2mgame::bench[0m[2m:[0m [STATS] t=933.3s tick=46393 fps_1s=60.0 avg_fps=49.7
[2m2026-09-26T11:27:36.988308Z[0m [32m INFO[0m [2mgame::bench[0m[2m:[0m [STATS] t=934.4s tick=46454 fps_1s=60.0 avg_fps=49.7
[2m2026-09-26T11:27:38.004997Z[0m [32m INFO[0m [2mgame::bench[0m[2m:[0m [STATS] t=935.4s tick=46515 fps_1s=60.0 avg_fps=49.7
[2m2026-09-26T11:27:39.005730Z[0m [32m INFO[0m [2mgame::bench[0m[2m:[0m [STATS] t=936.4s tick=46575 fps_1s=60.0 avg_fps=49.7
[2m2026-09-26T11:27:40.022645Z[0m [32m INFO[0m [2mgame::bench[0m[2m:[0m [STATS] t=937.4s tick=46636 fps_1s=60.0 avg_fps=49.7
[2m2026-09-26T11:27:41.038582Z[0m [32m INFO[0m [2mgame::bench[0m[2m:[0m [STATS] t=938.4s tick=46697 fps_1s=60.0 avg_fps=49.7
[2m2026-09-26T11:27:42.054998Z[0m [32m INFO[0m [2mgame::bench[0m[2m:[0m [STATS] t=939.4s tick=46758 fps_1s=60.0 avg_fps=49.8
[2m2026-09-26T11:27:43.071679Z[0m [32m INFO[0m [2mgame::bench[0m[2m:[0m [STATS] t=940.4s tick=46819 fps_1s=60.0 avg_fps=49.8
[2m2026-09-26T11:27:44.088109Z[0m [32m INFO[0m [2mgame::bench[0m[2m:[0m [STATS] t=941.5s tick=46880 fps_1s=60.0 avg_fps=49.8
[2m2026-09-26T11:27:45.088906Z[0m [32m INFO[0m [2mgame::bench[0m[2m:[0m [STATS] t=942.5s tick=46940 fps_1s=60.0 avg_fps=49.8
[2m2026-09-26T11:27:46.104576Z[0m [32m INFO[0m [2mgame::bench[0m[2m:[0m [STATS] t=943.5s tick=47001 fps_1s=60.0 avg_fps=49.8
[2m2026-09-26T11:27:47.121085Z[0m [32m INFO[0m [2mgame::bench[0m[2m:[0m [STATS] t=944.5s tick=47062 fps_1s=60.0 avg_fps=49.8
[2m2026-09-26T11:27:48.121348Z[0m [32m INFO[0m [2mgame::bench[0m[2m:[0m [STATS] t=945.5s tick=47122 fps_1s=60.0 avg_fps=49.8
[2m2026-09-26T11:27:49.138542Z[0m [32m INFO[0m [2mgame::bench[0m[2m:[0m [STATS] t=946.5s tick=47183 fps_1s=60.0 avg_fps=49.8
[2m2026-09-26T11:27:50.138025Z[0m [32m INFO[0m [2mgame::bench[0m[2m:[0m [STATS] t=947.5s tick=47243 fps_1s=60.0 avg_fps=49.8
[2m2026-09-26T11:27:51.154979Z[0m [32m INFO[0m [2mgame::bench[0m[2m:[0m [STATS] t=948.5s tick=47304 fps_1s=60.0 avg_fps=49.9
[2m2026-09-26T11:27:52.171654Z[0m [32m INFO[0m [2mgame::bench[0m[2m:[0m [STATS] t=949.5s tick=47365 fps_1s=60.0 avg_fps=49.9
[2m2026-09-26T11:27:53.187598Z[0m [32m INFO[0m [2mgame::bench[0m[2m:[0m [STATS] t=950.6s tick=47426 fps_1s=60.0 avg_fps=49.9
[2m2026-09-26T11:27:54.204890Z[0m [32m INFO[0m [2mgame::bench[0m[2m:[0m [STATS] t=951.6s tick=47487 fps_1s=60.0 avg_fps=49.9
[2m2026-09-26T11:27:55.221022Z[0m [32m INFO[0m [2mgame::bench[0m[2m:[0m [STATS] t=952.6s tick=47548 fps_1s=60.0 avg_fps=49.9
[2m2026-09-26T11:27:56.238587Z[0m [32m INFO[0m [2mgame::bench[0m[2m:[0m [STATS] t=953.6s tick=47609 fps_1s=60.0 avg_fps=49.9
[2m2026-09-26T11:27:57.254275Z[0m [32m INFO[0m [2mgame::bench[0m[2m:[0m [STATS] t=954.6s tick=47670 fps_1s=60.0 avg_fps=49.9
[2m2026-09-26T11:27:58.270904Z[0m [32m INFO[0m [2mgame::bench[0m[2m:[0m [STATS] t=955.6s tick=47731 fps_1s=60.0 avg_fps=49.9
[2m2026-09-26T11:27:59.287330Z[0m [32m INFO[0m [2mgame::bench[0m[2m:[0m [STATS] t=956.7s tick=47792 fps_1s=60.0 avg_fps=49.9
[2m2026-09-26T11:28:00.303867Z[0m [32m INFO[0m [2mgame::bench[0m[2m:[0m [STATS] t=957.7s tick=47853 fps_1s=60.0 avg_fps=50.0
[2m2026-09-26T11:28:01.320472Z[0m [32m INFO[0m [2mgame::bench[0m[2m:[0m [STATS] t=958.7s tick=47914 fps_1s=60.0 avg_fps=50.0
[2m2026-09-26T11:28:02.337022Z[0m [32m INFO[0m [2mgame::bench[0m[2m:[0m [STATS] t=959.7s tick=47975 fps_1s=60.0 avg_fps=50.0
[2m2026-09-26T11:28:03.338545Z[0m [32m INFO[0m [2mgame::bench[0m[2m:[0m [STATS] t=960.7s tick=48035 fps_1s=60.0 avg_fps=50.0
[2m2026-09-26T11:28:04.353574Z[0m [32m INFO[0m [2mgame::bench[0m[2m:[0m [STATS] t=961.7s tick=48096 fps_1s=60.0 avg_fps=50.0
[2m2026-09-26T11:28:05.370485Z[0m [32m INFO[0m [2mgame::bench[0m[2m:[0m [STATS] t=962.7s tick=48157 fps_1s=60.0 avg_fps=50.0
[2m2026-09-26T11:28:06.387387Z[0m [32m INFO[0m [2mgame::bench[0m[2m:[0m [STATS] t=963.8s tick=48218 fps_1s=60.0 avg_fps=50.0
[2m2026-09-26T11:28:07.403881Z[0m [32m INFO[0m [2mgame::bench[0m[2m:[0m [STATS] t=964.8s tick=48279 fps_1s=60.0 avg_fps=50.0
[2m2026-09-26T11:28:08.419885Z[0m [32m INFO[0m [2mgame::bench[0m[2m:[0m [STATS] t=965.8s tick=48340 fps_1s=60.0 avg_fps=50.0
[2m2026-09-26T11:28:09.436529Z[0m [32m INFO[0m [2mgame::bench[0m[2m:[0m [STATS] t=966.8s tick=48401 fps_1s=60.0 avg_fps=50.0
[2m2026-09-26T11:28:10.453119Z[0m [32m INFO[0m [2mgame::bench[0m[2m:[0m [STATS] t=967.8s tick=48462 fps_1s=60.0 avg_fps=50.1
[2m2026-09-26T11:28:11.469829Z[0m [32m INFO[0m [2mgame::bench[0m[2m:[0m [STATS] t=968.8s tick=48523 fps_1s=60.0 avg_fps=50.1
[2m2026-09-26T11:28:12.469963Z[0m [32m INFO[0m [2mgame::bench[0m[2m:[0m [STATS] t=969.8s tick=48583 fps_1s=60.0 avg_fps=50.1
[2m2026-09-26T11:28:13.486321Z[0m [32m INFO[0m [2mgame::bench[0m[2m:[0m [STATS] t=970.9s tick=48644 fps_1s=60.0 avg_fps=50.1
[2m2026-09-26T11:28:14.502966Z[0m [32m INFO[0m [2mgame::bench[0m[2m:[0m [STATS] t=971.9s tick=48705 fps_1s=60.0 avg_fps=50.1
[2m2026-09-26T11:28:15.519513Z[0m [32m INFO[0m [2mgame::bench[0m[2m:[0m [STATS] t=972.9s tick=48766 fps_1s=60.0 avg_fps=50.1
[2m2026-09-26T11:28:16.535927Z[0m [32m INFO[0m [2mgame::bench[0m[2m:[0m [STATS] t=973.9s tick=48827 fps_1s=60.0 avg_fps=50.1
[2m2026-09-26T11:28:17.552419Z[0m [32m INFO[0m [2mgame::bench[0m[2m:[0m [STATS] t=974.9s tick=48888 fps_1s=60.0 avg_fps=50.1
[2m2026-09-26T11:28:18.552637Z[0m [32m INFO[0m [2mgame::bench[0m[2m:[0m [STATS] t=975.9s tick=48948 fps_1s=60.0 avg_fps=50.1
[2m2026-09-26T11:28:19.569014Z[0m [32m INFO[0m [2mgame::bench[0m[2m:[0m [STATS] t=976.9s tick=49009 fps_1s=60.0 avg_fps=50.2
[2m2026-09-26T11:28:20.569047Z[0m [32m INFO[0m [2mgame::bench[0m[2m:[0m [STATS] t=977.9s tick=49069 fps_1s=60.0 avg_fps=50.2
[2m2026-09-26T11:28:21.585846Z[0m [32m INFO[0m [2mgame::bench[0m[2m:[0m [STATS] t=979.0s tick=49130 fps_1s=60.0 avg_fps=50.2
[2m2026-09-26T11:28:22.602930Z[0m [32m INFO[0m [2mgame::bench[0m[2m:[0m [STATS] t=980.0s tick=49191 fps_1s=60.0 avg_fps=50.2
[2m2026-09-26T11:28:23.619042Z[0m [32m INFO[0m [2mgame::bench[0m[2m:[0m [STATS] t=981.0s tick=49252 fps_1s=60.0 avg_fps=50.2
[2m2026-09-26T11:28:24.635654Z[0m [32m INFO[0m [2mgame::bench[0m[2m:[0m [STATS] t=982.0s tick=49313 fps_1s=60.0 avg_fps=50.2
[2m2026-09-26T11:28:25.652281Z[0m [32m INFO[0m [2mgame::bench[0m[2m:[0m [STATS] t=983.0s tick=49374 fps_1s=60.0 avg_fps=50.2
[2m2026-09-26T11:28:26.668634Z[0m [32m INFO[0m [2mgame::bench[0m[2m:[0m [STATS] t=984.0s tick=49435 fps_1s=60.0 avg_fps=50.2
[2m2026-09-26T11:28:27.685288Z[0m [32m INFO[0m [2mgame::bench[0m[2m:[0m [STATS] t=985.1s tick=49496 fps_1s=60.0 avg_fps=50.2
[2m2026-09-26T11:28:28.701932Z[0m [32m INFO[0m [2mgame::bench[0m[2m:[0m [STATS] t=986.1s tick=49557 fps_1s=60.0 avg_fps=50.2
[2m2026-09-26T11:28:29.718737Z[0m [32m INFO[0m [2mgame::bench[0m[2m:[0m [STATS] t=987.1s tick=49618 fps_1s=60.0 avg_fps=50.3
[2m2026-09-26T11:28:30.735176Z[0m [32m INFO[0m [2mgame::bench[0m[2m:[0m [STATS] t=988.1s tick=49679 fps_1s=60.0 avg_fps=50.3
[2m2026-09-26T11:28:31.751984Z[0m [32m INFO[0m [2mgame::bench[0m[2m:[0m [STATS] t=989.1s tick=49740 fps_1s=60.0 avg_fps=50.3
[2m2026-09-26T11:28:32.768891Z[0m [32m INFO[0m [2mgame::bench[0m[2m:[0m [STATS] t=990.1s tick=49801 fps_1s=60.0 avg_fps=50.3
[2m2026-09-26T11:28:33.768708Z[0m [32m INFO[0m [2mgame::bench[0m[2m:[0m [STATS] t=991.1s tick=49861 fps_1s=60.0 avg_fps=50.3
[2m2026-09-26T11:28:34.785028Z[0m [32m INFO[0m [2mgame::bench[0m[2m:[0m [STATS] t=992.2s tick=49922 fps_1s=60.0 avg_fps=50.3
[2m2026-09-26T11:28:35.801517Z[0m [32m INFO[0m [2mgame::bench[0m[2m:[0m [STATS] t=993.2s tick=49983 fps_1s=60.0 avg_fps=50.3
[2m2026-09-26T11:28:36.818064Z[0m [32m INFO[0m [2mgame::bench[0m[2m:[0m [STATS] t=994.2s tick=50044 fps_1s=60.0 avg_fps=50.3
[2m2026-09-26T11:28:37.835780Z[0m [32m INFO[0m [2mgame::bench[0m[2m:[0m [STATS] t=995.2s tick=50105 fps_1s=60.0 avg_fps=50.3
[2m2026-09-26T11:28:38.851365Z[0m [32m INFO[0m [2mgame::bench[0m[2m:[0m [STATS] t=996.2s tick=50166 fps_1s=60.0 avg_fps=50.3
[2m2026-09-26T11:28:39.867964Z[0m [32m INFO[0m [2mgame::bench[0m[2m:[0m [STATS] t=997.2s tick=50227 fps_1s=60.0 avg_fps=50.4
[2m2026-09-26T11:28:40.884537Z[0m [32m INFO[0m [2mgame::bench[0m[2m:[0m [STATS] t=998.3s tick=50288 fps_1s=60.0 avg_fps=50.4
[2m2026-09-26T11:28:41.901195Z[0m [32m INFO[0m [2mgame::bench[0m[2m:[0m [STATS] t=999.3s tick=50349 fps_1s=60.0 avg_fps=50.4
[2m2026-09-26T11:28:42.917938Z[0m [32m INFO[0m [2mgame::bench[0m[2m:[0m [STATS] t=1000.3s tick=50410 fps_1s=60.0 avg_fps=50.4
[2m2026-09-26T11:28:43.934288Z[0m [32m INFO[0m [2mgame::bench[0m[2m:[0m [STATS] t=1001.3s tick=50471 fps_1s=60.0 avg_fps=50.4
[2m2026-09-26T11:28:44.950885Z[0m [32m INFO[0m [2mgame::bench[0m[2m:[0m [STATS] t=1002.3s tick=50532 fps_1s=60.0 avg_fps=50.4
[2m2026-09-26T11:28:45.967431Z[0m [32m INFO[0m [2mgame::bench[0m[2m:[0m [STATS] t=1003.3s tick=50593 fps_1s=60.0 avg_fps=50.4
[2m2026-09-26T11:28:46.967474Z[0m [32m INFO[0m [2mgame::bench[0m[2m:[0m [STATS] t=1004.3s tick=50653 fps_1s=60.0 avg_fps=50.4
[2m2026-09-26T11:28:47.984150Z[0m [32m INFO[0m [2mgame::bench[0m[2m:[0m [STATS] t=1005.4s tick=50714 fps_1s=60.0 avg_fps=50.4
[2m2026-09-26T11:28:49.001533Z[0m [32m INFO[0m [2mgame::bench[0m[2m:[0m [STATS] t=1006.4s tick=50775 fps_1s=60.0 avg_fps=50.4
[2m2026-09-26T11:28:50.017670Z[0m [32m INFO[0m [2mgame::bench[0m[2m:[0m [STATS] t=1007.4s tick=50836 fps_1s=60.0 avg_fps=50.4
[2m2026-09-26T11:28:51.034201Z[0m [32m INFO[0m [2mgame::bench[0m[2m:[0m [STATS] t=1008.4s tick=50897 fps_1s=60.0 avg_fps=50.5
[2m2026-09-26T11:28:52.050624Z[0m [32m INFO[0m [2mgame::bench[0m[2m:[0m [STATS] t=1009.4s tick=50958 fps_1s=60.0 avg_fps=50.5
[2m2026-09-26T11:28:53.067211Z[0m [32m INFO[0m [2mgame::bench[0m[2m:[0m [STATS] t=1010.4s tick=51019 fps_1s=60.0 avg_fps=50.5
[2m2026-09-26T11:28:54.083648Z[0m [32m INFO[0m [2mgame::bench[0m[2m:[0m [STATS] t=1011.5s tick=51080 fps_1s=60.0 avg_fps=50.5
[2m2026-09-26T11:28:55.100222Z[0m [32m INFO[0m [2mgame::bench[0m[2m:[0m [STATS] t=1012.5s tick=51141 fps_1s=60.0 avg_fps=50.5
[2m2026-09-26T11:28:56.116908Z[0m [32m INFO[0m [2mgame::bench[0m[2m:[0m [STATS] t=1013.5s tick=51202 fps_1s=60.0 avg_fps=50.5
[2m2026-09-26T11:28:57.133494Z[0m [32m INFO[0m [2mgame::bench[0m[2m:[0m [STATS] t=1014.5s tick=51263 fps_1s=60.0 avg_fps=50.5
[2m2026-09-26T11:28:58.150092Z[0m [32m INFO[0m [2mgame::bench[0m[2m:[0m [STATS] t=1015.5s tick=51324 fps_1s=60.0 avg_fps=50.5
[2m2026-09-26T11:28:59.166664Z[0m [32m INFO[0m [2mgame::bench[0m[2m:[0m [STATS] t=1016.5s tick=51385 fps_1s=60.0 avg_fps=50.5
[2m2026-09-26T11:29:00.166835Z[0m [32m INFO[0m [2mgame::bench[0m[2m:[0m [STATS] t=1017.5s tick=51445 fps_1s=60.0 avg_fps=50.5
[2m2026-09-26T11:29:01.183266Z[0m [32m INFO[0m [2mgame::bench[0m[2m:[0m [STATS] t=1018.6s tick=51506 fps_1s=60.0 avg_fps=50.6
[2m2026-09-26T11:29:02.183328Z[0m [32m INFO[0m [2mgame::bench[0m[2m:[0m [STATS] t=1019.6s tick=51566 fps_1s=60.0 avg_fps=50.6
[2m2026-09-26T11:29:03.199850Z[0m [32m INFO[0m [2mgame::bench[0m[2m:[0m [STATS] t=1020.6s tick=51627 fps_1s=60.0 avg_fps=50.6
[2m2026-09-26T11:29:04.216343Z[0m [32m INFO[0m [2mgame::bench[0m[2m:[0m [STATS] t=1021.6s tick=51688 fps_1s=60.0 avg_fps=50.6
[2m2026-09-26T11:29:05.233079Z[0m [32m INFO[0m [2mgame::bench[0m[2m:[0m [STATS] t=1022.6s tick=51749 fps_1s=60.0 avg_fps=50.6
[2m2026-09-26T11:29:06.249657Z[0m [32m INFO[0m [2mgame::bench[0m[2m:[0m [STATS] t=1023.6s tick=51810 fps_1s=60.0 avg_fps=50.6
[2m2026-09-26T11:29:07.266205Z[0m [32m INFO[0m [2mgame::bench[0m[2m:[0m [STATS] t=1024.6s tick=51871 fps_1s=60.0 avg_fps=50.6
[2m2026-09-26T11:29:08.282885Z[0m [32m INFO[0m [2mgame::bench[0m[2m:[0m [STATS] t=1025.7s tick=51932 fps_1s=60.0 avg_fps=50.6
[2m2026-09-26T11:29:09.299563Z[0m [32m INFO[0m [2mgame::bench[0m[2m:[0m [STATS] t=1026.7s tick=51993 fps_1s=60.0 avg_fps=50.6
[2m2026-09-26T11:29:10.299682Z[0m [32m INFO[0m [2mgame::bench[0m[2m:[0m [STATS] t=1027.7s tick=52053 fps_1s=60.0 avg_fps=50.6
[2m2026-09-26T11:29:11.316064Z[0m [32m INFO[0m [2mgame::bench[0m[2m:[0m [STATS] t=1028.7s tick=52114 fps_1s=60.0 avg_fps=50.6
[2m2026-09-26T11:29:12.332749Z[0m [32m INFO[0m [2mgame::bench[0m[2m:[0m [STATS] t=1029.7s tick=52175 fps_1s=60.0 avg_fps=50.7
[2m2026-09-26T11:29:13.349412Z[0m [32m INFO[0m [2mgame::bench[0m[2m:[0m [STATS] t=1030.7s tick=52236 fps_1s=60.0 avg_fps=50.7
[2m2026-09-26T11:29:14.365760Z[0m [32m INFO[0m [2mgame::bench[0m[2m:[0m [STATS] t=1031.7s tick=52297 fps_1s=60.0 avg_fps=50.7
[2m2026-09-26T11:29:15.382349Z[0m [32m INFO[0m [2mgame::bench[0m[2m:[0m [STATS] t=1032.8s tick=52358 fps_1s=60.0 avg_fps=50.7
[2m2026-09-26T11:29:16.399091Z[0m [32m INFO[0m [2mgame::bench[0m[2m:[0m [STATS] t=1033.8s tick=52419 fps_1s=60.0 avg_fps=50.7
[2m2026-09-26T11:29:17.415458Z[0m [32m INFO[0m [2mgame::bench[0m[2m:[0m [STATS] t=1034.8s tick=52480 fps_1s=60.0 avg_fps=50.7
[2m2026-09-26T11:29:18.415525Z[0m [32m INFO[0m [2mgame::bench[0m[2m:[0m [STATS] t=1035.8s tick=52540 fps_1s=60.0 avg_fps=50.7
[2m2026-09-26T11:29:19.432344Z[0m [32m INFO[0m [2mgame::bench[0m[2m:[0m [STATS] t=1036.8s tick=52601 fps_1s=60.0 avg_fps=50.7
[2m2026-09-26T11:29:20.448740Z[0m [32m INFO[0m [2mgame::bench[0m[2m:[0m [STATS] t=1037.8s tick=52662 fps_1s=60.0 avg_fps=50.7
[2m2026-09-26T11:29:21.465431Z[0m [32m INFO[0m [2mgame::bench[0m[2m:[0m [STATS] t=1038.8s tick=52723 fps_1s=60.0 avg_fps=50.7
[2m2026-09-26T11:29:22.482012Z[0m [32m INFO[0m [2mgame::bench[0m[2m:[0m [STATS] t=1039.9s tick=52784 fps_1s=60.0 avg_fps=50.7
[2m2026-09-26T11:29:23.481947Z[0m [32m INFO[0m [2mgame::bench[0m[2m:[0m [STATS] t=1040.9s tick=52844 fps_1s=60.0 avg_fps=50.8
[2m2026-09-26T11:29:24.498510Z[0m [32m INFO[0m [2mgame::bench[0m[2m:[0m [STATS] t=1041.9s tick=52905 fps_1s=60.0 avg_fps=50.8
[2m2026-09-26T11:29:25.515025Z[0m [32m INFO[0m [2mgame::bench[0m[2m:[0m [STATS] t=1042.9s tick=52966 fps_1s=60.0 avg_fps=50.8
[2m2026-09-26T11:29:26.531735Z[0m [32m INFO[0m [2mgame::bench[0m[2m:[0m [STATS] t=1043.9s tick=53027 fps_1s=60.0 avg_fps=50.8
[2m2026-09-26T11:29:27.548461Z[0m [32m INFO[0m [2mgame::bench[0m[2m:[0m [STATS] t=1044.9s tick=53088 fps_1s=60.0 avg_fps=50.8
[2m2026-09-26T11:29:28.564907Z[0m [32m INFO[0m [2mgame::bench[0m[2m:[0m [STATS] t=1045.9s tick=53149 fps_1s=60.0 avg_fps=50.8
[2m2026-09-26T11:29:29.581639Z[0m [32m INFO[0m [2mgame::bench[0m[2m:[0m [STATS] t=1047.0s tick=53210 fps_1s=60.0 avg_fps=50.8
[2m2026-09-26T11:29:30.598075Z[0m [32m INFO[0m [2mgame::bench[0m[2m:[0m [STATS] t=1048.0s tick=53271 fps_1s=60.0 avg_fps=50.8
[2m2026-09-26T11:29:31.614749Z[0m [32m INFO[0m [2mgame::bench[0m[2m:[0m [STATS] t=1049.0s tick=53332 fps_1s=60.0 avg_fps=50.8
[2m2026-09-26T11:29:32.631295Z[0m [32m INFO[0m [2mgame::bench[0m[2m:[0m [STATS] t=1050.0s tick=53393 fps_1s=60.0 avg_fps=50.8
[2m2026-09-26T11:29:33.647836Z[0m [32m INFO[0m [2mgame::bench[0m[2m:[0m [STATS] t=1051.0s tick=53454 fps_1s=60.0 avg_fps=50.8
[2m2026-09-26T11:29:34.647876Z[0m [32m INFO[0m [2mgame::bench[0m[2m:[0m [STATS] t=1052.0s tick=53514 fps_1s=60.0 avg_fps=50.9
[2m2026-09-26T11:29:35.664380Z[0m [32m INFO[0m [2mgame::bench[0m[2m:[0m [STATS] t=1053.0s tick=53575 fps_1s=60.0 avg_fps=50.9
[2m2026-09-26T11:29:36.664445Z[0m [32m INFO[0m [2mgame::bench[0m[2m:[0m [STATS] t=1054.0s tick=53635 fps_1s=60.0 avg_fps=50.9
[2m2026-09-26T11:29:37.681215Z[0m [32m INFO[0m [2mgame::bench[0m[2m:[0m [STATS] t=1055.1s tick=53696 fps_1s=60.0 avg_fps=50.9
[2m2026-09-26T11:29:38.697906Z[0m [32m INFO[0m [2mgame::bench[0m[2m:[0m [STATS] t=1056.1s tick=53757 fps_1s=60.0 avg_fps=50.9
[2m2026-09-26T11:29:39.715100Z[0m [32m INFO[0m [2mgame::bench[0m[2m:[0m [STATS] t=1057.1s tick=53818 fps_1s=60.0 avg_fps=50.9
[2m2026-09-26T11:29:40.731038Z[0m [32m INFO[0m [2mgame::bench[0m[2m:[0m [STATS] t=1058.1s tick=53879 fps_1s=60.0 avg_fps=50.9
[2m2026-09-26T11:29:41.747630Z[0m [32m INFO[0m [2mgame::bench[0m[2m:[0m [STATS] t=1059.1s tick=53940 fps_1s=60.0 avg_fps=50.9
[2m2026-09-26T11:29:42.764156Z[0m [32m INFO[0m [2mgame::bench[0m[2m:[0m [STATS] t=1060.1s tick=54001 fps_1s=60.0 avg_fps=50.9
[2m2026-09-26T11:29:43.780731Z[0m [32m INFO[0m [2mgame::bench[0m[2m:[0m [STATS] t=1061.2s tick=54062 fps_1s=60.0 avg_fps=50.9
[2m2026-09-26T11:29:44.797436Z[0m [32m INFO[0m [2mgame::bench[0m[2m:[0m [STATS] t=1062.2s tick=54123 fps_1s=60.0 avg_fps=50.9
[2m2026-09-26T11:29:45.813924Z[0m [32m INFO[0m [2mgame::bench[0m[2m:[0m [STATS] t=1063.2s tick=54184 fps_1s=60.0 avg_fps=51.0
[2m2026-09-26T11:29:46.830413Z[0m [32m INFO[0m [2mgame::bench[0m[2m:[0m [STATS] t=1064.2s tick=54245 fps_1s=60.0 avg_fps=51.0
[2m2026-09-26T11:29:47.847115Z[0m [32m INFO[0m [2mgame::bench[0m[2m:[0m [STATS] t=1065.2s tick=54306 fps_1s=60.0 avg_fps=51.0
[2m2026-09-26T11:29:48.864598Z[0m [32m INFO[0m [2mgame::bench[0m[2m:[0m [STATS] t=1066.2s tick=54367 fps_1s=60.0 avg_fps=51.0
[2m2026-09-26T11:29:49.880384Z[0m [32m INFO[0m [2mgame::bench[0m[2m:[0m [STATS] t=1067.3s tick=54428 fps_1s=60.0 avg_fps=51.0
[2m2026-09-26T11:29:50.898310Z[0m [32m INFO[0m [2mgame::bench[0m[2m:[0m [STATS] t=1068.3s tick=54489 fps_1s=60.0 avg_fps=51.0
[2m2026-09-26T11:29:51.913388Z[0m [32m INFO[0m [2mgame::bench[0m[2m:[0m [STATS] t=1069.3s tick=54550 fps_1s=60.0 avg_fps=51.0
[2m2026-09-26T11:29:52.930101Z[0m [32m INFO[0m [2mgame::bench[0m[2m:[0m [STATS] t=1070.3s tick=54611 fps_1s=60.0 avg_fps=51.0
[2m2026-09-26T11:29:53.946690Z[0m [32m INFO[0m [2mgame::bench[0m[2m:[0m [STATS] t=1071.3s tick=54672 fps_1s=60.0 avg_fps=51.0
[2m2026-09-26T11:29:54.963502Z[0m [32m INFO[0m [2mgame::bench[0m[2m:[0m [STATS] t=1072.3s tick=54733 fps_1s=60.0 avg_fps=51.0
[2m2026-09-26T11:29:55.980407Z[0m [32m INFO[0m [2mgame::bench[0m[2m:[0m [STATS] t=1073.3s tick=54794 fps_1s=60.0 avg_fps=51.0
[2m2026-09-26T11:29:56.996687Z[0m [32m INFO[0m [2mgame::bench[0m[2m:[0m [STATS] t=1074.4s tick=54855 fps_1s=60.0 avg_fps=51.0
[2m2026-09-26T11:29:57.996893Z[0m [32m INFO[0m [2mgame::bench[0m[2m:[0m [STATS] t=1075.4s tick=54915 fps_1s=60.0 avg_fps=51.1
[2m2026-09-26T11:29:59.013491Z[0m [32m INFO[0m [2mgame::bench[0m[2m:[0m [STATS] t=1076.4s tick=54976 fps_1s=60.0 avg_fps=51.1
[2m2026-09-26T11:30:00.029704Z[0m [32m INFO[0m [2mgame::bench[0m[2m:[0m [STATS] t=1077.4s tick=55037 fps_1s=60.0 avg_fps=51.1
[2m2026-09-26T11:30:01.029917Z[0m [32m INFO[0m [2mgame::bench[0m[2m:[0m [STATS] t=1078.4s tick=55097 fps_1s=60.0 avg_fps=51.1
[2m2026-09-26T11:30:02.046194Z[0m [32m INFO[0m [2mgame::bench[0m[2m:[0m [STATS] t=1079.4s tick=55158 fps_1s=60.0 avg_fps=51.1
[2m2026-09-26T11:30:03.046189Z[0m [32m INFO[0m [2mgame::bench[0m[2m:[0m [STATS] t=1080.4s tick=55218 fps_1s=60.0 avg_fps=51.1
[2m2026-09-26T11:30:04.062704Z[0m [32m INFO[0m [2mgame::bench[0m[2m:[0m [STATS] t=1081.4s tick=55279 fps_1s=60.0 avg_fps=51.1
[2m2026-09-26T11:30:05.079707Z[0m [32m INFO[0m [2mgame::bench[0m[2m:[0m [STATS] t=1082.4s tick=55340 fps_1s=60.0 avg_fps=51.1
[2m2026-09-26T11:30:06.096199Z[0m [32m INFO[0m [2mgame::bench[0m[2m:[0m [STATS] t=1083.5s tick=55401 fps_1s=60.0 avg_fps=51.1
[2m2026-09-26T11:30:07.112797Z[0m [32m INFO[0m [2mgame::bench[0m[2m:[0m [STATS] t=1084.5s tick=55462 fps_1s=60.0 avg_fps=51.1
[2m2026-09-26T11:30:08.129267Z[0m [32m INFO[0m [2mgame::bench[0m[2m:[0m [STATS] t=1085.5s tick=55523 fps_1s=60.0 avg_fps=51.1
[2m2026-09-26T11:30:09.146791Z[0m [32m INFO[0m [2mgame::bench[0m[2m:[0m [STATS] t=1086.5s tick=55584 fps_1s=60.0 avg_fps=51.1
[2m2026-09-26T11:30:10.162405Z[0m [32m INFO[0m [2mgame::bench[0m[2m:[0m [STATS] t=1087.5s tick=55645 fps_1s=60.0 avg_fps=51.2
[2m2026-09-26T11:30:11.178952Z[0m [32m INFO[0m [2mgame::bench[0m[2m:[0m [STATS] t=1088.5s tick=55706 fps_1s=60.0 avg_fps=51.2
[2m2026-09-26T11:30:12.195661Z[0m [32m INFO[0m [2mgame::bench[0m[2m:[0m [STATS] t=1089.6s tick=55767 fps_1s=60.0 avg_fps=51.2
[2m2026-09-26T11:30:13.212358Z[0m [32m INFO[0m [2mgame::bench[0m[2m:[0m [STATS] t=1090.6s tick=55828 fps_1s=60.0 avg_fps=51.2
[2m2026-09-26T11:30:14.228919Z[0m [32m INFO[0m [2mgame::bench[0m[2m:[0m [STATS] t=1091.6s tick=55889 fps_1s=60.0 avg_fps=51.2
[2m2026-09-26T11:30:15.245378Z[0m [32m INFO[0m [2mgame::bench[0m[2m:[0m [STATS] t=1092.6s tick=55950 fps_1s=60.0 avg_fps=51.2
[2m2026-09-26T11:30:16.245636Z[0m [32m INFO[0m [2mgame::bench[0m[2m:[0m [STATS] t=1093.6s tick=56010 fps_1s=60.0 avg_fps=51.2
[2m2026-09-26T11:30:17.261982Z[0m [32m INFO[0m [2mgame::bench[0m[2m:[0m [STATS] t=1094.6s tick=56071 fps_1s=60.0 avg_fps=51.2
[2m2026-09-26T11:30:18.278575Z[0m [32m INFO[0m [2mgame::bench[0m[2m:[0m [STATS] t=1095.6s tick=56132 fps_1s=60.0 avg_fps=51.2
[2m2026-09-26T11:30:19.295352Z[0m [32m INFO[0m [2mgame::bench[0m[2m:[0m [STATS] t=1096.7s tick=56193 fps_1s=60.0 avg_fps=51.2
[2m2026-09-26T11:30:20.311864Z[0m [32m INFO[0m [2mgame::bench[0m[2m:[0m [STATS] t=1097.7s tick=56254 fps_1s=60.0 avg_fps=51.2
[2m2026-09-26T11:30:21.328530Z[0m [32m INFO[0m [2mgame::bench[0m[2m:[0m [STATS] t=1098.7s tick=56315 fps_1s=60.0 avg_fps=51.2
[2m2026-09-26T11:30:22.345143Z[0m [32m INFO[0m [2mgame::bench[0m[2m:[0m [STATS] t=1099.7s tick=56376 fps_1s=60.0 avg_fps=51.3
[2m2026-09-26T11:30:23.345399Z[0m [32m INFO[0m [2mgame::bench[0m[2m:[0m [STATS] t=1100.7s tick=56436 fps_1s=60.0 avg_fps=51.3
[2m2026-09-26T11:30:24.361697Z[0m [32m INFO[0m [2mgame::bench[0m[2m:[0m [STATS] t=1101.7s tick=56497 fps_1s=60.0 avg_fps=51.3
[2m2026-09-26T11:30:25.378262Z[0m [32m INFO[0m [2mgame::bench[0m[2m:[0m [STATS] t=1102.7s tick=56558 fps_1s=60.0 avg_fps=51.3
[2m2026-09-26T11:30:26.378491Z[0m [32m INFO[0m [2mgame::bench[0m[2m:[0m [STATS] t=1103.7s tick=56618 fps_1s=60.0 avg_fps=51.3
[2m2026-09-26T11:30:27.394665Z[0m [32m INFO[0m [2mgame::bench[0m[2m:[0m [STATS] t=1104.8s tick=56679 fps_1s=60.0 avg_fps=51.3
[2m2026-09-26T11:30:28.411375Z[0m [32m INFO[0m [2mgame::bench[0m[2m:[0m [STATS] t=1105.8s tick=56740 fps_1s=60.0 avg_fps=51.3
[2m2026-09-26T11:30:29.411878Z[0m [32m INFO[0m [2mgame::bench[0m[2m:[0m [STATS] t=1106.8s tick=56800 fps_1s=60.0 avg_fps=51.3
[2m2026-09-26T11:30:30.428292Z[0m [32m INFO[0m [2mgame::bench[0m[2m:[0m [STATS] t=1107.8s tick=56861 fps_1s=60.0 avg_fps=51.3
[2m2026-09-26T11:30:31.444631Z[0m [32m INFO[0m [2mgame::bench[0m[2m:[0m [STATS] t=1108.8s tick=56922 fps_1s=60.0 avg_fps=51.3
[2m2026-09-26T11:30:32.462019Z[0m [32m INFO[0m [2mgame::bench[0m[2m:[0m [STATS] t=1109.8s tick=56983 fps_1s=60.0 avg_fps=51.3
[2m2026-09-26T11:30:33.477661Z[0m [32m INFO[0m [2mgame::bench[0m[2m:[0m [STATS] t=1110.8s tick=57044 fps_1s=60.0 avg_fps=51.3
[2m2026-09-26T11:30:34.494145Z[0m [32m INFO[0m [2mgame::bench[0m[2m:[0m [STATS] t=1111.9s tick=57105 fps_1s=60.0 avg_fps=51.3
[2m2026-09-26T11:30:35.494191Z[0m [32m INFO[0m [2mgame::bench[0m[2m:[0m [STATS] t=1112.9s tick=57165 fps_1s=60.0 avg_fps=51.4
[2m2026-09-26T11:30:36.510726Z[0m [32m INFO[0m [2mgame::bench[0m[2m:[0m [STATS] t=1113.9s tick=57226 fps_1s=60.0 avg_fps=51.4
[2m2026-09-26T11:30:37.527434Z[0m [32m INFO[0m [2mgame::bench[0m[2m:[0m [STATS] t=1114.9s tick=57287 fps_1s=60.0 avg_fps=51.4
[2m2026-09-26T11:30:38.544045Z[0m [32m INFO[0m [2mgame::bench[0m[2m:[0m [STATS] t=1115.9s tick=57348 fps_1s=60.0 avg_fps=51.4
[2m2026-09-26T11:30:39.560663Z[0m [32m INFO[0m [2mgame::bench[0m[2m:[0m [STATS] t=1116.9s tick=57409 fps_1s=60.0 avg_fps=51.4
[2m2026-09-26T11:30:40.560624Z[0m [32m INFO[0m [2mgame::bench[0m[2m:[0m [STATS] t=1117.9s tick=57469 fps_1s=60.0 avg_fps=51.4
[2m2026-09-26T11:30:41.577202Z[0m [32m INFO[0m [2mgame::bench[0m[2m:[0m [STATS] t=1118.9s tick=57530 fps_1s=60.0 avg_fps=51.4
[2m2026-09-26T11:30:42.593656Z[0m [32m INFO[0m [2mgame::bench[0m[2m:[0m [STATS] t=1120.0s tick=57591 fps_1s=60.0 avg_fps=51.4
[2m2026-09-26T11:30:43.610321Z[0m [32m INFO[0m [2mgame::bench[0m[2m:[0m [STATS] t=1121.0s tick=57652 fps_1s=60.0 avg_fps=51.4
[2m2026-09-26T11:30:44.627050Z[0m [32m INFO[0m [2mgame::bench[0m[2m:[0m [STATS] t=1122.0s tick=57713 fps_1s=60.0 avg_fps=51.4
[2m2026-09-26T11:30:45.643542Z[0m [32m INFO[0m [2mgame::bench[0m[2m:[0m [STATS] t=1123.0s tick=57774 fps_1s=60.0 avg_fps=51.4
[2m2026-09-26T11:30:46.660190Z[0m [32m INFO[0m [2mgame::bench[0m[2m:[0m [STATS] t=1124.0s tick=57835 fps_1s=60.0 avg_fps=51.4
[2m2026-09-26T11:30:47.676762Z[0m [32m INFO[0m [2mgame::bench[0m[2m:[0m [STATS] t=1125.0s tick=57896 fps_1s=60.0 avg_fps=51.5
[2m2026-09-26T11:30:48.693588Z[0m [32m INFO[0m [2mgame::bench[0m[2m:[0m [STATS] t=1126.1s tick=57957 fps_1s=60.0 avg_fps=51.5
[2m2026-09-26T11:30:49.710302Z[0m [32m INFO[0m [2mgame::bench[0m[2m:[0m [STATS] t=1127.1s tick=58018 fps_1s=60.0 avg_fps=51.5
[2m2026-09-26T11:30:50.727020Z[0m [32m INFO[0m [2mgame::bench[0m[2m:[0m [STATS] t=1128.1s tick=58079 fps_1s=60.0 avg_fps=51.5
[2m2026-09-26T11:30:51.743482Z[0m [32m INFO[0m [2mgame::bench[0m[2m:[0m [STATS] t=1129.1s tick=58140 fps_1s=60.0 avg_fps=51.5
[2m2026-09-26T11:30:52.760239Z[0m [32m INFO[0m [2mgame::bench[0m[2m:[0m [STATS] t=1130.1s tick=58201 fps_1s=60.0 avg_fps=51.5
[2m2026-09-26T11:30:53.776551Z[0m [32m INFO[0m [2mgame::bench[0m[2m:[0m [STATS] t=1131.1s tick=58262 fps_1s=60.0 avg_fps=51.5
[2m2026-09-26T11:30:54.793231Z[0m [32m INFO[0m [2mgame::bench[0m[2m:[0m [STATS] t=1132.2s tick=58323 fps_1s=60.0 avg_fps=51.5
[2m2026-09-26T11:30:55.809830Z[0m [32m INFO[0m [2mgame::bench[0m[2m:[0m [STATS] t=1133.2s tick=58384 fps_1s=60.0 avg_fps=51.5
[2m2026-09-26T11:30:56.827352Z[0m [32m INFO[0m [2mgame::bench[0m[2m:[0m [STATS] t=1134.2s tick=58445 fps_1s=60.0 avg_fps=51.5
[2m2026-09-26T11:30:57.842934Z[0m [32m INFO[0m [2mgame::bench[0m[2m:[0m [STATS] t=1135.2s tick=58506 fps_1s=60.0 avg_fps=51.5
[2m2026-09-26T11:30:58.843023Z[0m [32m INFO[0m [2mgame::bench[0m[2m:[0m [STATS] t=1136.2s tick=58566 fps_1s=60.0 avg_fps=51.5
[2m2026-09-26T11:30:59.859519Z[0m [32m INFO[0m [2mgame::bench[0m[2m:[0m [STATS] t=1137.2s tick=58627 fps_1s=60.0 avg_fps=51.5
[2m2026-09-26T11:31:00.876179Z[0m [32m INFO[0m [2mgame::bench[0m[2m:[0m [STATS] t=1138.2s tick=58688 fps_1s=60.0 avg_fps=51.5
[2m2026-09-26T11:31:01.892597Z[0m [32m INFO[0m [2mgame::bench[0m[2m:[0m [STATS] t=1139.3s tick=58749 fps_1s=60.0 avg_fps=51.6
[2m2026-09-26T11:31:02.909239Z[0m [32m INFO[0m [2mgame::bench[0m[2m:[0m [STATS] t=1140.3s tick=58810 fps_1s=60.0 avg_fps=51.6
[2m2026-09-26T11:31:03.926888Z[0m [32m INFO[0m [2mgame::bench[0m[2m:[0m [STATS] t=1141.3s tick=58871 fps_1s=60.0 avg_fps=51.6
[2m2026-09-26T11:31:04.942330Z[0m [32m INFO[0m [2mgame::bench[0m[2m:[0m [STATS] t=1142.3s tick=58932 fps_1s=60.0 avg_fps=51.6
[2m2026-09-26T11:31:05.942408Z[0m [32m INFO[0m [2mgame::bench[0m[2m:[0m [STATS] t=1143.3s tick=58992 fps_1s=60.0 avg_fps=51.6
[2m2026-09-26T11:31:06.958948Z[0m [32m INFO[0m [2mgame::bench[0m[2m:[0m [STATS] t=1144.3s tick=59053 fps_1s=60.0 avg_fps=51.6
[2m2026-09-26T11:31:07.975621Z[0m [32m INFO[0m [2mgame::bench[0m[2m:[0m [STATS] t=1145.3s tick=59114 fps_1s=60.0 avg_fps=51.6
[2m2026-09-26T11:31:08.975596Z[0m [32m INFO[0m [2mgame::bench[0m[2m:[0m [STATS] t=1146.3s tick=59174 fps_1s=60.0 avg_fps=51.6
[2m2026-09-26T11:31:09.992016Z[0m [32m INFO[0m [2mgame::bench[0m[2m:[0m [STATS] t=1147.4s tick=59235 fps_1s=60.0 avg_fps=51.6
[2m2026-09-26T11:31:10.992729Z[0m [32m INFO[0m [2mgame::bench[0m[2m:[0m [STATS] t=1148.4s tick=59295 fps_1s=60.0 avg_fps=51.6
[2m2026-09-26T11:31:12.008822Z[0m [32m INFO[0m [2mgame::bench[0m[2m:[0m [STATS] t=1149.4s tick=59356 fps_1s=60.0 avg_fps=51.6
[2m2026-09-26T11:31:13.026427Z[0m [32m INFO[0m [2mgame::bench[0m[2m:[0m [STATS] t=1150.4s tick=59417 fps_1s=60.0 avg_fps=51.6
[2m2026-09-26T11:31:14.042042Z[0m [32m INFO[0m [2mgame::bench[0m[2m:[0m [STATS] t=1151.4s tick=59478 fps_1s=60.0 avg_fps=51.6
[2m2026-09-26T11:31:15.041826Z[0m [32m INFO[0m [2mgame::bench[0m[2m:[0m [STATS] t=1152.4s tick=59538 fps_1s=60.0 avg_fps=51.7
[2m2026-09-26T11:31:16.058394Z[0m [32m INFO[0m [2mgame::bench[0m[2m:[0m [STATS] t=1153.4s tick=59599 fps_1s=60.0 avg_fps=51.7
[2m2026-09-26T11:31:17.075034Z[0m [32m INFO[0m [2mgame::bench[0m[2m:[0m [STATS] t=1154.4s tick=59660 fps_1s=60.0 avg_fps=51.7
[2m2026-09-26T11:31:18.091711Z[0m [32m INFO[0m [2mgame::bench[0m[2m:[0m [STATS] t=1155.5s tick=59721 fps_1s=60.0 avg_fps=51.7
[2m2026-09-26T11:31:19.108637Z[0m [32m INFO[0m [2mgame::bench[0m[2m:[0m [STATS] t=1156.5s tick=59782 fps_1s=60.0 avg_fps=51.7
[2m2026-09-26T11:31:20.124991Z[0m [32m INFO[0m [2mgame::bench[0m[2m:[0m [STATS] t=1157.5s tick=59843 fps_1s=60.0 avg_fps=51.7
[2m2026-09-26T11:31:21.141630Z[0m [32m INFO[0m [2mgame::bench[0m[2m:[0m [STATS] t=1158.5s tick=59904 fps_1s=60.0 avg_fps=51.7
[2m2026-09-26T11:31:22.158129Z[0m [32m INFO[0m [2mgame::bench[0m[2m:[0m [STATS] t=1159.5s tick=59965 fps_1s=60.0 avg_fps=51.7
[2m2026-09-26T11:31:23.158345Z[0m [32m INFO[0m [2mgame::bench[0m[2m:[0m [STATS] t=1160.5s tick=60025 fps_1s=60.0 avg_fps=51.7
[2m2026-09-26T11:31:24.174711Z[0m [32m INFO[0m [2mgame::bench[0m[2m:[0m [STATS] t=1161.5s tick=60086 fps_1s=60.0 avg_fps=51.7
[2m2026-09-26T11:31:25.191251Z[0m [32m INFO[0m [2mgame::bench[0m[2m:[0m [STATS] t=1162.6s tick=60147 fps_1s=60.0 avg_fps=51.7
[2m2026-09-26T11:31:26.191209Z[0m [32m INFO[0m [2mgame::bench[0m[2m:[0m [STATS] t=1163.6s tick=60207 fps_1s=60.0 avg_fps=51.7
[2m2026-09-26T11:31:27.207673Z[0m [32m INFO[0m [2mgame::bench[0m[2m:[0m [STATS] t=1164.6s tick=60268 fps_1s=60.0 avg_fps=51.7
[2m2026-09-26T11:31:28.224391Z[0m [32m INFO[0m [2mgame::bench[0m[2m:[0m [STATS] t=1165.6s tick=60329 fps_1s=60.0 avg_fps=51.7
[2m2026-09-26T11:31:29.240946Z[0m [32m INFO[0m [2mgame::bench[0m[2m:[0m [STATS] t=1166.6s tick=60390 fps_1s=60.0 avg_fps=51.8
[2m2026-09-26T11:31:30.257624Z[0m [32m INFO[0m [2mgame::bench[0m[2m:[0m [STATS] t=1167.6s tick=60451 fps_1s=60.0 avg_fps=51.8
[2m2026-09-26T11:31:31.274151Z[0m [32m INFO[0m [2mgame::bench[0m[2m:[0m [STATS] t=1168.6s tick=60512 fps_1s=60.0 avg_fps=51.8
[2m2026-09-26T11:31:32.290725Z[0m [32m INFO[0m [2mgame::bench[0m[2m:[0m [STATS] t=1169.7s tick=60573 fps_1s=60.0 avg_fps=51.8
[2m2026-09-26T11:31:33.290719Z[0m [32m INFO[0m [2mgame::bench[0m[2m:[0m [STATS] t=1170.7s tick=60633 fps_1s=60.0 avg_fps=51.8
[2m2026-09-26T11:31:34.307338Z[0m [32m INFO[0m [2mgame::bench[0m[2m:[0m [STATS] t=1171.7s tick=60694 fps_1s=60.0 avg_fps=51.8
[2m2026-09-26T11:31:35.323979Z[0m [32m INFO[0m [2mgame::bench[0m[2m:[0m [STATS] t=1172.7s tick=60755 fps_1s=60.0 avg_fps=51.8
[2m2026-09-26T11:31:36.340679Z[0m [32m INFO[0m [2mgame::bench[0m[2m:[0m [STATS] t=1173.7s tick=60816 fps_1s=60.0 avg_fps=51.8
[2m2026-09-26T11:31:37.357139Z[0m [32m INFO[0m [2mgame::bench[0m[2m:[0m [STATS] t=1174.7s tick=60877 fps_1s=60.0 avg_fps=51.8
[2m2026-09-26T11:31:38.373683Z[0m [32m INFO[0m [2mgame::bench[0m[2m:[0m [STATS] t=1175.7s tick=60938 fps_1s=60.0 avg_fps=51.8
[2m2026-09-26T11:31:39.390162Z[0m [32m INFO[0m [2mgame::bench[0m[2m:[0m [STATS] t=1176.8s tick=60999 fps_1s=60.0 avg_fps=51.8
[2m2026-09-26T11:31:40.390318Z[0m [32m INFO[0m [2mgame::bench[0m[2m:[0m [STATS] t=1177.8s tick=61059 fps_1s=60.0 avg_fps=51.8
[2m2026-09-26T11:31:41.407148Z[0m [32m INFO[0m [2mgame::bench[0m[2m:[0m [STATS] t=1178.8s tick=61120 fps_1s=60.0 avg_fps=51.8
[2m2026-09-26T11:31:42.423548Z[0m [32m INFO[0m [2mgame::bench[0m[2m:[0m [STATS] t=1179.8s tick=61181 fps_1s=60.0 avg_fps=51.8
[2m2026-09-26T11:31:43.440337Z[0m [32m INFO[0m [2mgame::bench[0m[2m:[0m [STATS] t=1180.8s tick=61242 fps_1s=60.0 avg_fps=51.9
[2m2026-09-26T11:31:44.456847Z[0m [32m INFO[0m [2mgame::bench[0m[2m:[0m [STATS] t=1181.8s tick=61303 fps_1s=60.0 avg_fps=51.9
[2m2026-09-26T11:31:45.473248Z[0m [32m INFO[0m [2mgame::bench[0m[2m:[0m [STATS] t=1182.8s tick=61364 fps_1s=60.0 avg_fps=51.9
[2m2026-09-26T11:31:46.489924Z[0m [32m INFO[0m [2mgame::bench[0m[2m:[0m [STATS] t=1183.9s tick=61425 fps_1s=60.0 avg_fps=51.9
[2m2026-09-26T11:31:47.490258Z[0m [32m INFO[0m [2mgame::bench[0m[2m:[0m [STATS] t=1184.9s tick=61485 fps_1s=60.0 avg_fps=51.9
[2m2026-09-26T11:31:48.506391Z[0m [32m INFO[0m [2mgame::bench[0m[2m:[0m [STATS] t=1185.9s tick=61546 fps_1s=60.0 avg_fps=51.9
[2m2026-09-26T11:31:49.523890Z[0m [32m INFO[0m [2mgame::bench[0m[2m:[0m [STATS] t=1186.9s tick=61607 fps_1s=60.0 avg_fps=51.9
[2m2026-09-26T11:31:50.539533Z[0m [32m INFO[0m [2mgame::bench[0m[2m:[0m [STATS] t=1187.9s tick=61668 fps_1s=60.0 avg_fps=51.9
[2m2026-09-26T11:31:51.539725Z[0m [32m INFO[0m [2mgame::bench[0m[2m:[0m [STATS] t=1188.9s tick=61728 fps_1s=60.0 avg_fps=51.9
[2m2026-09-26T11:31:52.556325Z[0m [32m INFO[0m [2mgame::bench[0m[2m:[0m [STATS] t=1189.9s tick=61789 fps_1s=60.0 avg_fps=51.9
[2m2026-09-26T11:31:53.572964Z[0m [32m INFO[0m [2mgame::bench[0m[2m:[0m [STATS] t=1190.9s tick=61850 fps_1s=60.0 avg_fps=51.9
[2m2026-09-26T11:31:54.589446Z[0m [32m INFO[0m [2mgame::bench[0m[2m:[0m [STATS] t=1192.0s tick=61911 fps_1s=60.0 avg_fps=51.9
[2m2026-09-26T11:31:55.605945Z[0m [32m INFO[0m [2mgame::bench[0m[2m:[0m [STATS] t=1193.0s tick=61972 fps_1s=60.0 avg_fps=51.9
[2m2026-09-26T11:31:56.622586Z[0m [32m INFO[0m [2mgame::bench[0m[2m:[0m [STATS] t=1194.0s tick=62033 fps_1s=60.0 avg_fps=51.9
[2m2026-09-26T11:31:57.639092Z[0m [32m INFO[0m [2mgame::bench[0m[2m:[0m [STATS] t=1195.0s tick=62094 fps_1s=60.0 avg_fps=52.0
[2m2026-09-26T11:31:58.655704Z[0m [32m INFO[0m [2mgame::bench[0m[2m:[0m [STATS] t=1196.0s tick=62155 fps_1s=60.0 avg_fps=52.0
[2m2026-09-26T11:31:59.672363Z[0m [32m INFO[0m [2mgame::bench[0m[2m:[0m [STATS] t=1197.0s tick=62216 fps_1s=60.0 avg_fps=52.0
[2m2026-09-26T11:32:00.688968Z[0m [32m INFO[0m [2mgame::bench[0m[2m:[0m [STATS] t=1198.1s tick=62277 fps_1s=60.0 avg_fps=52.0
[2m2026-09-26T11:32:01.705535Z[0m [32m INFO[0m [2mgame::bench[0m[2m:[0m [STATS] t=1199.1s tick=62338 fps_1s=60.0 avg_fps=52.0
[2m2026-09-26T11:32:02.722145Z[0m [32m INFO[0m [2mgame::bench[0m[2m:[0m [STATS] t=1200.1s tick=62399 fps_1s=60.0 avg_fps=52.0
[2m2026-09-26T11:32:03.738731Z[0m [32m INFO[0m [2mgame::bench[0m[2m:[0m [STATS] t=1201.1s tick=62460 fps_1s=60.0 avg_fps=52.0
[2m2026-09-26T11:32:04.755512Z[0m [32m INFO[0m [2mgame::bench[0m[2m:[0m [STATS] t=1202.1s tick=62521 fps_1s=60.0 avg_fps=52.0
[2m2026-09-26T11:32:05.772223Z[0m [32m INFO[0m [2mgame::bench[0m[2m:[0m [STATS] t=1203.1s tick=62582 fps_1s=60.0 avg_fps=52.0
[2m2026-09-26T11:32:06.788771Z[0m [32m INFO[0m [2mgame::bench[0m[2m:[0m [STATS] t=1204.2s tick=62643 fps_1s=60.0 avg_fps=52.0
[2m2026-09-26T11:32:07.805288Z[0m [32m INFO[0m [2mgame::bench[0m[2m:[0m [STATS] t=1205.2s tick=62704 fps_1s=60.0 avg_fps=52.0
[2m2026-09-26T11:32:08.822114Z[0m [32m INFO[0m [2mgame::bench[0m[2m:[0m [STATS] t=1206.2s tick=62765 fps_1s=60.0 avg_fps=52.0
[2m2026-09-26T11:32:09.822156Z[0m [32m INFO[0m [2mgame::bench[0m[2m:[0m [STATS] t=1207.2s tick=62825 fps_1s=60.0 avg_fps=52.0
[2m2026-09-26T11:32:10.838417Z[0m [32m INFO[0m [2mgame::bench[0m[2m:[0m [STATS] t=1208.2s tick=62886 fps_1s=60.0 avg_fps=52.0
[2m2026-09-26T11:32:11.839284Z[0m [32m INFO[0m [2mgame::bench[0m[2m:[0m [STATS] t=1209.2s tick=62946 fps_1s=60.0 avg_fps=52.0
[2m2026-09-26T11:32:12.854930Z[0m [32m INFO[0m [2mgame::bench[0m[2m:[0m [STATS] t=1210.2s tick=63007 fps_1s=60.0 avg_fps=52.1
[2m2026-09-26T11:32:13.871740Z[0m [32m INFO[0m [2mgame::bench[0m[2m:[0m [STATS] t=1211.2s tick=63068 fps_1s=60.0 avg_fps=52.1
[2m2026-09-26T11:32:14.888378Z[0m [32m INFO[0m [2mgame::bench[0m[2m:[0m [STATS] t=1212.3s tick=63129 fps_1s=60.0 avg_fps=52.1
[2m2026-09-26T11:32:15.904839Z[0m [32m INFO[0m [2mgame::bench[0m[2m:[0m [STATS] t=1213.3s tick=63190 fps_1s=60.0 avg_fps=52.1
[2m2026-09-26T11:32:16.922081Z[0m [32m INFO[0m [2mgame::bench[0m[2m:[0m [STATS] t=1214.3s tick=63251 fps_1s=60.0 avg_fps=52.1
[2m2026-09-26T11:32:17.938020Z[0m [32m INFO[0m [2mgame::bench[0m[2m:[0m [STATS] t=1215.3s tick=63312 fps_1s=60.0 avg_fps=52.1
[2m2026-09-26T11:32:18.954554Z[0m [32m INFO[0m [2mgame::bench[0m[2m:[0m [STATS] t=1216.3s tick=63373 fps_1s=60.0 avg_fps=52.1
[2m2026-09-26T11:32:19.971242Z[0m [32m INFO[0m [2mgame::bench[0m[2m:[0m [STATS] t=1217.3s tick=63434 fps_1s=60.0 avg_fps=52.1
[2m2026-09-26T11:32:20.988010Z[0m [32m INFO[0m [2mgame::bench[0m[2m:[0m [STATS] t=1218.4s tick=63495 fps_1s=60.0 avg_fps=52.1
[2m2026-09-26T11:32:22.004447Z[0m [32m INFO[0m [2mgame::bench[0m[2m:[0m [STATS] t=1219.4s tick=63556 fps_1s=60.0 avg_fps=52.1
[2m2026-09-26T11:32:23.020925Z[0m [32m INFO[0m [2mgame::bench[0m[2m:[0m [STATS] t=1220.4s tick=63617 fps_1s=60.0 avg_fps=52.1
[2m2026-09-26T11:32:24.021006Z[0m [32m INFO[0m [2mgame::bench[0m[2m:[0m [STATS] t=1221.4s tick=63677 fps_1s=60.0 avg_fps=52.1
[2m2026-09-26T11:32:25.021259Z[0m [32m INFO[0m [2mgame::bench[0m[2m:[0m [STATS] t=1222.4s tick=63737 fps_1s=60.0 avg_fps=52.1
[2m2026-09-26T11:32:26.037350Z[0m [32m INFO[0m [2mgame::bench[0m[2m:[0m [STATS] t=1223.4s tick=63798 fps_1s=60.0 avg_fps=52.1
[2m2026-09-26T11:32:27.037427Z[0m [32m INFO[0m [2mgame::bench[0m[2m:[0m [STATS] t=1224.4s tick=63858 fps_1s=60.0 avg_fps=52.1
[2m2026-09-26T11:32:28.054049Z[0m [32m INFO[0m [2mgame::bench[0m[2m:[0m [STATS] t=1225.4s tick=63919 fps_1s=60.0 avg_fps=52.2
[2m2026-09-26T11:32:29.070562Z[0m [32m INFO[0m [2mgame::bench[0m[2m:[0m [STATS] t=1226.4s tick=63980 fps_1s=60.0 avg_fps=52.2
[2m2026-09-26T11:32:30.087239Z[0m [32m INFO[0m [2mgame::bench[0m[2m:[0m [STATS] t=1227.5s tick=64041 fps_1s=60.0 avg_fps=52.2
[2m2026-09-26T11:32:31.103828Z[0m [32m INFO[0m [2mgame::bench[0m[2m:[0m [STATS] t=1228.5s tick=64102 fps_1s=60.0 avg_fps=52.2
[2m2026-09-26T11:32:32.120371Z[0m [32m INFO[0m [2mgame::bench[0m[2m:[0m [STATS] t=1229.5s tick=64163 fps_1s=60.0 avg_fps=52.2
[2m2026-09-26T11:32:33.137071Z[0m [32m INFO[0m [2mgame::bench[0m[2m:[0m [STATS] t=1230.5s tick=64224 fps_1s=60.0 avg_fps=52.2
[2m2026-09-26T11:32:34.153781Z[0m [32m INFO[0m [2mgame::bench[0m[2m:[0m [STATS] t=1231.5s tick=64285 fps_1s=60.0 avg_fps=52.2
[2m2026-09-26T11:32:35.153592Z[0m [32m INFO[0m [2mgame::bench[0m[2m:[0m [STATS] t=1232.5s tick=64345 fps_1s=60.0 avg_fps=52.2
[2m2026-09-26T11:32:36.170274Z[0m [32m INFO[0m [2mgame::bench[0m[2m:[0m [STATS] t=1233.5s tick=64406 fps_1s=60.0 avg_fps=52.2
[2m2026-09-26T11:32:37.187645Z[0m [32m INFO[0m [2mgame::bench[0m[2m:[0m [STATS] t=1234.6s tick=64467 fps_1s=60.0 avg_fps=52.2
[2m2026-09-26T11:32:38.204311Z[0m [32m INFO[0m [2mgame::bench[0m[2m:[0m [STATS] t=1235.6s tick=64528 fps_1s=60.0 avg_fps=52.2
[2m2026-09-26T11:32:39.220128Z[0m [32m INFO[0m [2mgame::bench[0m[2m:[0m [STATS] t=1236.6s tick=64589 fps_1s=60.0 avg_fps=52.2
[2m2026-09-26T11:32:40.236642Z[0m [32m INFO[0m [2mgame::bench[0m[2m:[0m [STATS] t=1237.6s tick=64650 fps_1s=60.0 avg_fps=52.2
[2m2026-09-26T11:32:41.253148Z[0m [32m INFO[0m [2mgame::bench[0m[2m:[0m [STATS] t=1238.6s tick=64711 fps_1s=60.0 avg_fps=52.2
[2m2026-09-26T11:32:42.269729Z[0m [32m INFO[0m [2mgame::bench[0m[2m:[0m [STATS] t=1239.6s tick=64772 fps_1s=60.0 avg_fps=52.2
[2m2026-09-26T11:32:43.286576Z[0m [32m INFO[0m [2mgame::bench[0m[2m:[0m [STATS] t=1240.7s tick=64833 fps_1s=60.0 avg_fps=52.2
[2m2026-09-26T11:32:44.303303Z[0m [32m INFO[0m [2mgame::bench[0m[2m:[0m [STATS] t=1241.7s tick=64894 fps_1s=60.0 avg_fps=52.3
[2m2026-09-26T11:32:45.319800Z[0m [32m INFO[0m [2mgame::bench[0m[2m:[0m [STATS] t=1242.7s tick=64955 fps_1s=60.0 avg_fps=52.3
[2m2026-09-26T11:32:46.336393Z[0m [32m INFO[0m [2mgame::bench[0m[2m:[0m [STATS] t=1243.7s tick=65016 fps_1s=60.0 avg_fps=52.3
[2m2026-09-26T11:32:47.353092Z[0m [32m INFO[0m [2mgame::bench[0m[2m:[0m [STATS] t=1244.7s tick=65077 fps_1s=60.0 avg_fps=52.3
[2m2026-09-26T11:32:48.369487Z[0m [32m INFO[0m [2mgame::bench[0m[2m:[0m [STATS] t=1245.7s tick=65138 fps_1s=60.0 avg_fps=52.3
[2m2026-09-26T11:32:49.386085Z[0m [32m INFO[0m [2mgame::bench[0m[2m:[0m [STATS] t=1246.8s tick=65199 fps_1s=60.0 avg_fps=52.3
[2m2026-09-26T11:32:50.402692Z[0m [32m INFO[0m [2mgame::bench[0m[2m:[0m [STATS] t=1247.8s tick=65260 fps_1s=60.0 avg_fps=52.3
[2m2026-09-26T11:32:51.419304Z[0m [32m INFO[0m [2mgame::bench[0m[2m:[0m [STATS] t=1248.8s tick=65321 fps_1s=60.0 avg_fps=52.3
[2m2026-09-26T11:32:52.435844Z[0m [32m INFO[0m [2mgame::bench[0m[2m:[0m [STATS] t=1249.8s tick=65382 fps_1s=60.0 avg_fps=52.3
[2m2026-09-26T11:32:53.452463Z[0m [32m INFO[0m [2mgame::bench[0m[2m:[0m [STATS] t=1250.8s tick=65443 fps_1s=60.0 avg_fps=52.3
[2m2026-09-26T11:32:54.469036Z[0m [32m INFO[0m [2mgame::bench[0m[2m:[0m [STATS] t=1251.8s tick=65504 fps_1s=60.0 avg_fps=52.3
[2m2026-09-26T11:32:55.485662Z[0m [32m INFO[0m [2mgame::bench[0m[2m:[0m [STATS] t=1252.9s tick=65565 fps_1s=60.0 avg_fps=52.3
[2m2026-09-26T11:32:56.502362Z[0m [32m INFO[0m [2mgame::bench[0m[2m:[0m [STATS] t=1253.9s tick=65626 fps_1s=60.0 avg_fps=52.3
[2m2026-09-26T11:32:57.518986Z[0m [32m INFO[0m [2mgame::bench[0m[2m:[0m [STATS] t=1254.9s tick=65687 fps_1s=60.0 avg_fps=52.3
[2m2026-09-26T11:32:58.535631Z[0m [32m INFO[0m [2mgame::bench[0m[2m:[0m [STATS] t=1255.9s tick=65748 fps_1s=60.0 avg_fps=52.3
[2m2026-09-26T11:32:59.552250Z[0m [32m INFO[0m [2mgame::bench[0m[2m:[0m [STATS] t=1256.9s tick=65809 fps_1s=60.0 avg_fps=52.3
[2m2026-09-26T11:33:00.568886Z[0m [32m INFO[0m [2mgame::bench[0m[2m:[0m [STATS] t=1257.9s tick=65870 fps_1s=60.0 avg_fps=52.4
[2m2026-09-26T11:33:01.569126Z[0m [32m INFO[0m [2mgame::bench[0m[2m:[0m [STATS] t=1258.9s tick=65930 fps_1s=60.0 avg_fps=52.4
[2m2026-09-26T11:33:02.585118Z[0m [32m INFO[0m [2mgame::bench[0m[2m:[0m [STATS] t=1260.0s tick=65991 fps_1s=60.0 avg_fps=52.4
[2m2026-09-26T11:33:03.601822Z[0m [32m INFO[0m [2mgame::bench[0m[2m:[0m [STATS] t=1261.0s tick=66052 fps_1s=60.0 avg_fps=52.4
[2m2026-09-26T11:33:04.618405Z[0m [32m INFO[0m [2mgame::bench[0m[2m:[0m [STATS] t=1262.0s tick=66113 fps_1s=60.0 avg_fps=52.4
[2m2026-09-26T11:33:05.618484Z[0m [32m INFO[0m [2mgame::bench[0m[2m:[0m [STATS] t=1263.0s tick=66173 fps_1s=60.0 avg_fps=52.4
[2m2026-09-26T11:33:06.635120Z[0m [32m INFO[0m [2mgame::bench[0m[2m:[0m [STATS] t=1264.0s tick=66234 fps_1s=60.0 avg_fps=52.4
[2m2026-09-26T11:33:07.651639Z[0m [32m INFO[0m [2mgame::bench[0m[2m:[0m [STATS] t=1265.0s tick=66295 fps_1s=60.0 avg_fps=52.4
[2m2026-09-26T11:33:08.668337Z[0m [32m INFO[0m [2mgame::bench[0m[2m:[0m [STATS] t=1266.0s tick=66356 fps_1s=60.0 avg_fps=52.4
[2m2026-09-26T11:33:09.684916Z[0m [32m INFO[0m [2mgame::bench[0m[2m:[0m [STATS] t=1267.1s tick=66417 fps_1s=60.0 avg_fps=52.4
[2m2026-09-26T11:33:10.685250Z[0m [32m INFO[0m [2mgame::bench[0m[2m:[0m [STATS] t=1268.1s tick=66477 fps_1s=60.0 avg_fps=52.4
[2m2026-09-26T11:33:11.701976Z[0m [32m INFO[0m [2mgame::bench[0m[2m:[0m [STATS] t=1269.1s tick=66538 fps_1s=60.0 avg_fps=52.4
[2m2026-09-26T11:33:12.718055Z[0m [32m INFO[0m [2mgame::bench[0m[2m:[0m [STATS] t=1270.1s tick=66599 fps_1s=60.0 avg_fps=52.4
