[33mwarning[0m: Waiting for cargo-metadata...
  1.75s  INFO -----------------------------------------------------------------
                Serving your app: hotpatch-smoke! 🚀
                • Press [33m`ctrl+c`[0m to exit the server
                • Press [33m`r`[0m to rebuild the app
                • Press [33m`p`[0m to toggle automatic rebuilds
                • Press [33m`v`[0m to toggle verbose logging
                • Press [33m`/`[0m for more commands and shortcuts
               ----------------------------------------------------------------
274.04s  INFO Build completed successfully in [33m272.36s[0m, launching app! 💫
274.71s ERROR [2m2026-09-28T08:03:35.370639Z[0m [32m INFO[0m [2mhotpatch_smoke[0m[2m:[0m hotpatch-smoke app started (this line reappears only if the process restarts) [3mpid[0m[2m=[0m10004
274.71s ERROR [2m2026-09-28T08:03:35.629930Z[0m [32m INFO[0m [2mhotpatch_smoke[0m[2m:[0m hotpatch smoke heartbeat [3mframe[0m[2m=[0m30 [3mlabel[0m[2m=[0m"BEFORE"
274.97s ERROR [2m2026-09-28T08:03:35.900119Z[0m [32m INFO[0m [2mhotpatch_smoke[0m[2m:[0m hotpatch smoke heartbeat [3mframe[0m[2m=[0m60 [3mlabel[0m[2m=[0m"BEFORE"
275.23s ERROR [2m2026-09-28T08:03:36.168534Z[0m [32m INFO[0m [2mhotpatch_smoke[0m[2m:[0m hotpatch smoke heartbeat [3mframe[0m[2m=[0m90 [3mlabel[0m[2m=[0m"BEFORE"
275.50s ERROR [2m2026-09-28T08:03:36.434391Z[0m [32m INFO[0m [2mhotpatch_smoke[0m[2m:[0m hotpatch smoke heartbeat [3mframe[0m[2m=[0m120 [3mlabel[0m[2m=[0m"BEFORE"
275.77s ERROR [2m2026-09-28T08:03:36.704009Z[0m [32m INFO[0m [2mhotpatch_smoke[0m[2m:[0m hotpatch smoke heartbeat [3mframe[0m[2m=[0m150 [3mlabel[0m[2m=[0m"BEFORE"
276.03s ERROR [2m2026-09-28T08:03:36.968475Z[0m [32m INFO[0m [2mhotpatch_smoke[0m[2m:[0m hotpatch smoke heartbeat [3mframe[0m[2m=[0m180 [3mlabel[0m[2m=[0m"BEFORE"
276.30s ERROR [2m2026-09-28T08:03:37.234068Z[0m [32m INFO[0m [2mhotpatch_smoke[0m[2m:[0m hotpatch smoke heartbeat [3mframe[0m[2m=[0m210 [3mlabel[0m[2m=[0m"BEFORE"
276.56s ERROR [2m2026-09-28T08:03:37.497914Z[0m [32m INFO[0m [2mhotpatch_smoke[0m[2m:[0m hotpatch smoke heartbeat [3mframe[0m[2m=[0m240 [3mlabel[0m[2m=[0m"BEFORE"
276.82s ERROR [2m2026-09-28T08:03:37.757226Z[0m [32m INFO[0m [2mhotpatch_smoke[0m[2m:[0m hotpatch smoke heartbeat [3mframe[0m[2m=[0m270 [3mlabel[0m[2m=[0m"BEFORE"
277.09s ERROR [2m2026-09-28T08:03:38.023386Z[0m [32m INFO[0m [2mhotpatch_smoke[0m[2m:[0m hotpatch smoke heartbeat [3mframe[0m[2m=[0m300 [3mlabel[0m[2m=[0m"BEFORE"
277.36s ERROR [2m2026-09-28T08:03:38.293487Z[0m [32m INFO[0m [2mhotpatch_smoke[0m[2m:[0m hotpatch smoke heartbeat [3mframe[0m[2m=[0m330 [3mlabel[0m[2m=[0m"BEFORE"
277.63s ERROR [2m2026-09-28T08:03:38.562399Z[0m [32m INFO[0m [2mhotpatch_smoke[0m[2m:[0m hotpatch smoke heartbeat [3mframe[0m[2m=[0m360 [3mlabel[0m[2m=[0m"BEFORE"
277.89s ERROR [2m2026-09-28T08:03:38.825680Z[0m [32m INFO[0m [2mhotpatch_smoke[0m[2m:[0m hotpatch smoke heartbeat [3mframe[0m[2m=[0m390 [3mlabel[0m[2m=[0m"BEFORE"
278.16s ERROR [2m2026-09-28T08:03:39.091440Z[0m [32m INFO[0m [2mhotpatch_smoke[0m[2m:[0m hotpatch smoke heartbeat [3mframe[0m[2m=[0m420 [3mlabel[0m[2m=[0m"BEFORE"
278.42s ERROR [2m2026-09-28T08:03:39.350739Z[0m [32m INFO[0m [2mhotpatch_smoke[0m[2m:[0m hotpatch smoke heartbeat [3mframe[0m[2m=[0m450 [3mlabel[0m[2m=[0m"BEFORE"
278.68s ERROR [2m2026-09-28T08:03:39.616823Z[0m [32m INFO[0m [2mhotpatch_smoke[0m[2m:[0m hotpatch smoke heartbeat [3mframe[0m[2m=[0m480 [3mlabel[0m[2m=[0m"BEFORE"
278.95s ERROR [2m2026-09-28T08:03:39.883773Z[0m [32m INFO[0m [2mhotpatch_smoke[0m[2m:[0m hotpatch smoke heartbeat [3mframe[0m[2m=[0m510 [3mlabel[0m[2m=[0m"BEFORE"
279.21s ERROR [2m2026-09-28T08:03:40.142504Z[0m [32m INFO[0m [2mhotpatch_smoke[0m[2m:[0m hotpatch smoke heartbeat [3mframe[0m[2m=[0m540 [3mlabel[0m[2m=[0m"BEFORE"
279.47s ERROR [2m2026-09-28T08:03:40.404475Z[0m [32m INFO[0m [2mhotpatch_smoke[0m[2m:[0m hotpatch smoke heartbeat [3mframe[0m[2m=[0m570 [3mlabel[0m[2m=[0m"BEFORE"
279.73s ERROR [2m2026-09-28T08:03:40.662634Z[0m [32m INFO[0m [2mhotpatch_smoke[0m[2m:[0m hotpatch smoke heartbeat [3mframe[0m[2m=[0m600 [3mlabel[0m[2m=[0m"BEFORE"
279.99s ERROR [2m2026-09-28T08:03:40.923967Z[0m [32m INFO[0m [2mhotpatch_smoke[0m[2m:[0m hotpatch smoke heartbeat [3mframe[0m[2m=[0m630 [3mlabel[0m[2m=[0m"BEFORE"
280.26s ERROR [2m2026-09-28T08:03:41.192397Z[0m [32m INFO[0m [2mhotpatch_smoke[0m[2m:[0m hotpatch smoke heartbeat [3mframe[0m[2m=[0m660 [3mlabel[0m[2m=[0m"BEFORE"
280.52s ERROR [2m2026-09-28T08:03:41.458425Z[0m [32m INFO[0m [2mhotpatch_smoke[0m[2m:[0m hotpatch smoke heartbeat [3mframe[0m[2m=[0m690 [3mlabel[0m[2m=[0m"BEFORE"
280.79s ERROR [2m2026-09-28T08:03:41.724498Z[0m [32m INFO[0m [2mhotpatch_smoke[0m[2m:[0m hotpatch smoke heartbeat [3mframe[0m[2m=[0m720 [3mlabel[0m[2m=[0m"BEFORE"
281.05s ERROR [2m2026-09-28T08:03:41.988701Z[0m [32m INFO[0m [2mhotpatch_smoke[0m[2m:[0m hotpatch smoke heartbeat [3mframe[0m[2m=[0m750 [3mlabel[0m[2m=[0m"BEFORE"
281.32s ERROR [2m2026-09-28T08:03:42.257050Z[0m [32m INFO[0m [2mhotpatch_smoke[0m[2m:[0m hotpatch smoke heartbeat [3mframe[0m[2m=[0m780 [3mlabel[0m[2m=[0m"BEFORE"
281.59s ERROR [2m2026-09-28T08:03:42.525756Z[0m [32m INFO[0m [2mhotpatch_smoke[0m[2m:[0m hotpatch smoke heartbeat [3mframe[0m[2m=[0m810 [3mlabel[0m[2m=[0m"BEFORE"
281.86s ERROR [2m2026-09-28T08:03:42.791381Z[0m [32m INFO[0m [2mhotpatch_smoke[0m[2m:[0m hotpatch smoke heartbeat [3mframe[0m[2m=[0m840 [3mlabel[0m[2m=[0m"BEFORE"
282.12s ERROR [2m2026-09-28T08:03:43.058418Z[0m [32m INFO[0m [2mhotpatch_smoke[0m[2m:[0m hotpatch smoke heartbeat [3mframe[0m[2m=[0m870 [3mlabel[0m[2m=[0m"BEFORE"
282.39s ERROR [2m2026-09-28T08:03:43.323802Z[0m [32m INFO[0m [2mhotpatch_smoke[0m[2m:[0m hotpatch smoke heartbeat [3mframe[0m[2m=[0m900 [3mlabel[0m[2m=[0m"BEFORE"
282.66s ERROR [2m2026-09-28T08:03:43.591838Z[0m [32m INFO[0m [2mhotpatch_smoke[0m[2m:[0m hotpatch smoke heartbeat [3mframe[0m[2m=[0m930 [3mlabel[0m[2m=[0m"BEFORE"
282.93s ERROR [2m2026-09-28T08:03:43.861760Z[0m [32m INFO[0m [2mhotpatch_smoke[0m[2m:[0m hotpatch smoke heartbeat [3mframe[0m[2m=[0m960 [3mlabel[0m[2m=[0m"BEFORE"
283.20s ERROR [2m2026-09-28T08:03:44.131478Z[0m [32m INFO[0m [2mhotpatch_smoke[0m[2m:[0m hotpatch smoke heartbeat [3mframe[0m[2m=[0m990 [3mlabel[0m[2m=[0m"BEFORE"
283.46s ERROR [2m2026-09-28T08:03:44.397240Z[0m [32m INFO[0m [2mhotpatch_smoke[0m[2m:[0m hotpatch smoke heartbeat [3mframe[0m[2m=[0m1020 [3mlabel[0m[2m=[0m"BEFORE"
283.73s ERROR [2m2026-09-28T08:03:44.666275Z[0m [32m INFO[0m [2mhotpatch_smoke[0m[2m:[0m hotpatch smoke heartbeat [3mframe[0m[2m=[0m1050 [3mlabel[0m[2m=[0m"BEFORE"
284.00s ERROR [2m2026-09-28T08:03:44.936318Z[0m [32m INFO[0m [2mhotpatch_smoke[0m[2m:[0m hotpatch smoke heartbeat [3mframe[0m[2m=[0m1080 [3mlabel[0m[2m=[0m"BEFORE"
284.27s ERROR [2m2026-09-28T08:03:45.203502Z[0m [32m INFO[0m [2mhotpatch_smoke[0m[2m:[0m hotpatch smoke heartbeat [3mframe[0m[2m=[0m1110 [3mlabel[0m[2m=[0m"BEFORE"
284.54s ERROR [2m2026-09-28T08:03:45.471078Z[0m [32m INFO[0m [2mhotpatch_smoke[0m[2m:[0m hotpatch smoke heartbeat [3mframe[0m[2m=[0m1140 [3mlabel[0m[2m=[0m"BEFORE"
284.81s ERROR [2m2026-09-28T08:03:45.739264Z[0m [32m INFO[0m [2mhotpatch_smoke[0m[2m:[0m hotpatch smoke heartbeat [3mframe[0m[2m=[0m1170 [3mlabel[0m[2m=[0m"BEFORE"
285.07s ERROR [2m2026-09-28T08:03:46.006436Z[0m [32m INFO[0m [2mhotpatch_smoke[0m[2m:[0m hotpatch smoke heartbeat [3mframe[0m[2m=[0m1200 [3mlabel[0m[2m=[0m"BEFORE"
285.34s ERROR [2m2026-09-28T08:03:46.273179Z[0m [32m INFO[0m [2mhotpatch_smoke[0m[2m:[0m hotpatch smoke heartbeat [3mframe[0m[2m=[0m1230 [3mlabel[0m[2m=[0m"BEFORE"
285.60s ERROR [2m2026-09-28T08:03:46.537491Z[0m [32m INFO[0m [2mhotpatch_smoke[0m[2m:[0m hotpatch smoke heartbeat [3mframe[0m[2m=[0m1260 [3mlabel[0m[2m=[0m"BEFORE"
285.87s ERROR [2m2026-09-28T08:03:46.807354Z[0m [32m INFO[0m [2mhotpatch_smoke[0m[2m:[0m hotpatch smoke heartbeat [3mframe[0m[2m=[0m1290 [3mlabel[0m[2m=[0m"BEFORE"
286.14s ERROR [2m2026-09-28T08:03:47.076546Z[0m [32m INFO[0m [2mhotpatch_smoke[0m[2m:[0m hotpatch smoke heartbeat [3mframe[0m[2m=[0m1320 [3mlabel[0m[2m=[0m"BEFORE"
286.41s ERROR [2m2026-09-28T08:03:47.340570Z[0m [32m INFO[0m [2mhotpatch_smoke[0m[2m:[0m hotpatch smoke heartbeat [3mframe[0m[2m=[0m1350 [3mlabel[0m[2m=[0m"BEFORE"
286.67s ERROR [2m2026-09-28T08:03:47.602681Z[0m [32m INFO[0m [2mhotpatch_smoke[0m[2m:[0m hotpatch smoke heartbeat [3mframe[0m[2m=[0m1380 [3mlabel[0m[2m=[0m"BEFORE"
286.94s ERROR [2m2026-09-28T08:03:47.872592Z[0m [32m INFO[0m [2mhotpatch_smoke[0m[2m:[0m hotpatch smoke heartbeat [3mframe[0m[2m=[0m1410 [3mlabel[0m[2m=[0m"BEFORE"
287.21s ERROR [2m2026-09-28T08:03:48.140740Z[0m [32m INFO[0m [2mhotpatch_smoke[0m[2m:[0m hotpatch smoke heartbeat [3mframe[0m[2m=[0m1440 [3mlabel[0m[2m=[0m"BEFORE"
287.47s ERROR [2m2026-09-28T08:03:48.405069Z[0m [32m INFO[0m [2mhotpatch_smoke[0m[2m:[0m hotpatch smoke heartbeat [3mframe[0m[2m=[0m1470 [3mlabel[0m[2m=[0m"BEFORE"
287.74s ERROR [2m2026-09-28T08:03:48.673508Z[0m [32m INFO[0m [2mhotpatch_smoke[0m[2m:[0m hotpatch smoke heartbeat [3mframe[0m[2m=[0m1500 [3mlabel[0m[2m=[0m"BEFORE"
288.01s ERROR [2m2026-09-28T08:03:48.940260Z[0m [32m INFO[0m [2mhotpatch_smoke[0m[2m:[0m hotpatch smoke heartbeat [3mframe[0m[2m=[0m1530 [3mlabel[0m[2m=[0m"BEFORE"
288.27s ERROR [2m2026-09-28T08:03:49.206882Z[0m [32m INFO[0m [2mhotpatch_smoke[0m[2m:[0m hotpatch smoke heartbeat [3mframe[0m[2m=[0m1560 [3mlabel[0m[2m=[0m"BEFORE"
288.54s ERROR [2m2026-09-28T08:03:49.474332Z[0m [32m INFO[0m [2mhotpatch_smoke[0m[2m:[0m hotpatch smoke heartbeat [3mframe[0m[2m=[0m1590 [3mlabel[0m[2m=[0m"BEFORE"
288.81s ERROR [2m2026-09-28T08:03:49.740983Z[0m [32m INFO[0m [2mhotpatch_smoke[0m[2m:[0m hotpatch smoke heartbeat [3mframe[0m[2m=[0m1620 [3mlabel[0m[2m=[0m"BEFORE"
289.07s ERROR [2m2026-09-28T08:03:50.003355Z[0m [32m INFO[0m [2mhotpatch_smoke[0m[2m:[0m hotpatch smoke heartbeat [3mframe[0m[2m=[0m1650 [3mlabel[0m[2m=[0m"BEFORE"
289.33s ERROR [2m2026-09-28T08:03:50.263833Z[0m [32m INFO[0m [2mhotpatch_smoke[0m[2m:[0m hotpatch smoke heartbeat [3mframe[0m[2m=[0m1680 [3mlabel[0m[2m=[0m"BEFORE"
289.60s ERROR [2m2026-09-28T08:03:50.530511Z[0m [32m INFO[0m [2mhotpatch_smoke[0m[2m:[0m hotpatch smoke heartbeat [3mframe[0m[2m=[0m1710 [3mlabel[0m[2m=[0m"BEFORE"
289.86s ERROR [2m2026-09-28T08:03:50.797089Z[0m [32m INFO[0m [2mhotpatch_smoke[0m[2m:[0m hotpatch smoke heartbeat [3mframe[0m[2m=[0m1740 [3mlabel[0m[2m=[0m"BEFORE"
290.12s ERROR [2m2026-09-28T08:03:51.057835Z[0m [32m INFO[0m [2mhotpatch_smoke[0m[2m:[0m hotpatch smoke heartbeat [3mframe[0m[2m=[0m1770 [3mlabel[0m[2m=[0m"BEFORE"
290.39s ERROR [2m2026-09-28T08:03:51.326974Z[0m [32m INFO[0m [2mhotpatch_smoke[0m[2m:[0m hotpatch smoke heartbeat [3mframe[0m[2m=[0m1800 [3mlabel[0m[2m=[0m"BEFORE"
290.65s ERROR [2m2026-09-28T08:03:51.587217Z[0m [32m INFO[0m [2mhotpatch_smoke[0m[2m:[0m hotpatch smoke heartbeat [3mframe[0m[2m=[0m1830 [3mlabel[0m[2m=[0m"BEFORE"
290.92s ERROR [2m2026-09-28T08:03:51.851408Z[0m [32m INFO[0m [2mhotpatch_smoke[0m[2m:[0m hotpatch smoke heartbeat [3mframe[0m[2m=[0m1860 [3mlabel[0m[2m=[0m"BEFORE"
291.18s ERROR [2m2026-09-28T08:03:52.116137Z[0m [32m INFO[0m [2mhotpatch_smoke[0m[2m:[0m hotpatch smoke heartbeat [3mframe[0m[2m=[0m1890 [3mlabel[0m[2m=[0m"BEFORE"
291.44s ERROR [2m2026-09-28T08:03:52.377110Z[0m [32m INFO[0m [2mhotpatch_smoke[0m[2m:[0m hotpatch smoke heartbeat [3mframe[0m[2m=[0m1920 [3mlabel[0m[2m=[0m"BEFORE"
291.71s ERROR [2m2026-09-28T08:03:52.644611Z[0m [32m INFO[0m [2mhotpatch_smoke[0m[2m:[0m hotpatch smoke heartbeat [3mframe[0m[2m=[0m1950 [3mlabel[0m[2m=[0m"BEFORE"
291.97s ERROR [2m2026-09-28T08:03:52.906626Z[0m [32m INFO[0m [2mhotpatch_smoke[0m[2m:[0m hotpatch smoke heartbeat [3mframe[0m[2m=[0m1980 [3mlabel[0m[2m=[0m"BEFORE"
292.24s ERROR [2m2026-09-28T08:03:53.171457Z[0m [32m INFO[0m [2mhotpatch_smoke[0m[2m:[0m hotpatch smoke heartbeat [3mframe[0m[2m=[0m2010 [3mlabel[0m[2m=[0m"BEFORE"
292.50s ERROR [2m2026-09-28T08:03:53.433191Z[0m [32m INFO[0m [2mhotpatch_smoke[0m[2m:[0m hotpatch smoke heartbeat [3mframe[0m[2m=[0m2040 [3mlabel[0m[2m=[0m"BEFORE"
292.77s ERROR [2m2026-09-28T08:03:53.699138Z[0m [32m INFO[0m [2mhotpatch_smoke[0m[2m:[0m hotpatch smoke heartbeat [3mframe[0m[2m=[0m2070 [3mlabel[0m[2m=[0m"BEFORE"
293.04s ERROR [2m2026-09-28T08:03:53.969127Z[0m [32m INFO[0m [2mhotpatch_smoke[0m[2m:[0m hotpatch smoke heartbeat [3mframe[0m[2m=[0m2100 [3mlabel[0m[2m=[0m"BEFORE"
293.31s ERROR [2m2026-09-28T08:03:54.240257Z[0m [32m INFO[0m [2mhotpatch_smoke[0m[2m:[0m hotpatch smoke heartbeat [3mframe[0m[2m=[0m2130 [3mlabel[0m[2m=[0m"BEFORE"
293.58s ERROR [2m2026-09-28T08:03:54.510228Z[0m [32m INFO[0m [2mhotpatch_smoke[0m[2m:[0m hotpatch smoke heartbeat [3mframe[0m[2m=[0m2160 [3mlabel[0m[2m=[0m"BEFORE"
293.85s ERROR [2m2026-09-28T08:03:54.780036Z[0m [32m INFO[0m [2mhotpatch_smoke[0m[2m:[0m hotpatch smoke heartbeat [3mframe[0m[2m=[0m2190 [3mlabel[0m[2m=[0m"BEFORE"
294.12s ERROR [2m2026-09-28T08:03:55.050093Z[0m [32m INFO[0m [2mhotpatch_smoke[0m[2m:[0m hotpatch smoke heartbeat [3mframe[0m[2m=[0m2220 [3mlabel[0m[2m=[0m"BEFORE"
294.38s ERROR [2m2026-09-28T08:03:55.315477Z[0m [32m INFO[0m [2mhotpatch_smoke[0m[2m:[0m hotpatch smoke heartbeat [3mframe[0m[2m=[0m2250 [3mlabel[0m[2m=[0m"BEFORE"
294.65s ERROR [2m2026-09-28T08:03:55.581798Z[0m [32m INFO[0m [2mhotpatch_smoke[0m[2m:[0m hotpatch smoke heartbeat [3mframe[0m[2m=[0m2280 [3mlabel[0m[2m=[0m"BEFORE"
294.91s ERROR [2m2026-09-28T08:03:55.845616Z[0m [32m INFO[0m [2mhotpatch_smoke[0m[2m:[0m hotpatch smoke heartbeat [3mframe[0m[2m=[0m2310 [3mlabel[0m[2m=[0m"BEFORE"
295.17s ERROR [2m2026-09-28T08:03:56.105487Z[0m [32m INFO[0m [2mhotpatch_smoke[0m[2m:[0m hotpatch smoke heartbeat [3mframe[0m[2m=[0m2340 [3mlabel[0m[2m=[0m"BEFORE"
295.43s ERROR [2m2026-09-28T08:03:56.368452Z[0m [32m INFO[0m [2mhotpatch_smoke[0m[2m:[0m hotpatch smoke heartbeat [3mframe[0m[2m=[0m2370 [3mlabel[0m[2m=[0m"BEFORE"
295.70s ERROR [2m2026-09-28T08:03:56.637560Z[0m [32m INFO[0m [2mhotpatch_smoke[0m[2m:[0m hotpatch smoke heartbeat [3mframe[0m[2m=[0m2400 [3mlabel[0m[2m=[0m"BEFORE"
295.97s ERROR [2m2026-09-28T08:03:56.907467Z[0m [32m INFO[0m [2mhotpatch_smoke[0m[2m:[0m hotpatch smoke heartbeat [3mframe[0m[2m=[0m2430 [3mlabel[0m[2m=[0m"BEFORE"
296.24s ERROR [2m2026-09-28T08:03:57.176688Z[0m [32m INFO[0m [2mhotpatch_smoke[0m[2m:[0m hotpatch smoke heartbeat [3mframe[0m[2m=[0m2460 [3mlabel[0m[2m=[0m"BEFORE"
296.51s ERROR [2m2026-09-28T08:03:57.445792Z[0m [32m INFO[0m [2mhotpatch_smoke[0m[2m:[0m hotpatch smoke heartbeat [3mframe[0m[2m=[0m2490 [3mlabel[0m[2m=[0m"BEFORE"
296.78s ERROR [2m2026-09-28T08:03:57.715824Z[0m [32m INFO[0m [2mhotpatch_smoke[0m[2m:[0m hotpatch smoke heartbeat [3mframe[0m[2m=[0m2520 [3mlabel[0m[2m=[0m"BEFORE"
297.05s ERROR [2m2026-09-28T08:03:57.985899Z[0m [32m INFO[0m [2mhotpatch_smoke[0m[2m:[0m hotpatch smoke heartbeat [3mframe[0m[2m=[0m2550 [3mlabel[0m[2m=[0m"BEFORE"
297.32s ERROR [2m2026-09-28T08:03:58.255751Z[0m [32m INFO[0m [2mhotpatch_smoke[0m[2m:[0m hotpatch smoke heartbeat [3mframe[0m[2m=[0m2580 [3mlabel[0m[2m=[0m"BEFORE"
297.59s ERROR [2m2026-09-28T08:03:58.525869Z[0m [32m INFO[0m [2mhotpatch_smoke[0m[2m:[0m hotpatch smoke heartbeat [3mframe[0m[2m=[0m2610 [3mlabel[0m[2m=[0m"BEFORE"
297.86s ERROR [2m2026-09-28T08:03:58.795785Z[0m [32m INFO[0m [2mhotpatch_smoke[0m[2m:[0m hotpatch smoke heartbeat [3mframe[0m[2m=[0m2640 [3mlabel[0m[2m=[0m"BEFORE"
298.13s ERROR [2m2026-09-28T08:03:59.065744Z[0m [32m INFO[0m [2mhotpatch_smoke[0m[2m:[0m hotpatch smoke heartbeat [3mframe[0m[2m=[0m2670 [3mlabel[0m[2m=[0m"BEFORE"
298.40s ERROR [2m2026-09-28T08:03:59.335725Z[0m [32m INFO[0m [2mhotpatch_smoke[0m[2m:[0m hotpatch smoke heartbeat [3mframe[0m[2m=[0m2700 [3mlabel[0m[2m=[0m"BEFORE"
298.67s ERROR [2m2026-09-28T08:03:59.605742Z[0m [32m INFO[0m [2mhotpatch_smoke[0m[2m:[0m hotpatch smoke heartbeat [3mframe[0m[2m=[0m2730 [3mlabel[0m[2m=[0m"BEFORE"
298.94s ERROR [2m2026-09-28T08:03:59.875713Z[0m [32m INFO[0m [2mhotpatch_smoke[0m[2m:[0m hotpatch smoke heartbeat [3mframe[0m[2m=[0m2760 [3mlabel[0m[2m=[0m"BEFORE"
299.21s ERROR [2m2026-09-28T08:04:00.145817Z[0m [32m INFO[0m [2mhotpatch_smoke[0m[2m:[0m hotpatch smoke heartbeat [3mframe[0m[2m=[0m2790 [3mlabel[0m[2m=[0m"BEFORE"
299.48s ERROR [2m2026-09-28T08:04:00.415813Z[0m [32m INFO[0m [2mhotpatch_smoke[0m[2m:[0m hotpatch smoke heartbeat [3mframe[0m[2m=[0m2820 [3mlabel[0m[2m=[0m"BEFORE"
299.75s ERROR [2m2026-09-28T08:04:00.685854Z[0m [32m INFO[0m [2mhotpatch_smoke[0m[2m:[0m hotpatch smoke heartbeat [3mframe[0m[2m=[0m2850 [3mlabel[0m[2m=[0m"BEFORE"
300.02s ERROR [2m2026-09-28T08:04:00.955842Z[0m [32m INFO[0m [2mhotpatch_smoke[0m[2m:[0m hotpatch smoke heartbeat [3mframe[0m[2m=[0m2880 [3mlabel[0m[2m=[0m"BEFORE"
300.29s ERROR [2m2026-09-28T08:04:01.225713Z[0m [32m INFO[0m [2mhotpatch_smoke[0m[2m:[0m hotpatch smoke heartbeat [3mframe[0m[2m=[0m2910 [3mlabel[0m[2m=[0m"BEFORE"
300.56s ERROR [2m2026-09-28T08:04:01.495663Z[0m [32m INFO[0m [2mhotpatch_smoke[0m[2m:[0m hotpatch smoke heartbeat [3mframe[0m[2m=[0m2940 [3mlabel[0m[2m=[0m"BEFORE"
300.83s ERROR [2m2026-09-28T08:04:01.765688Z[0m [32m INFO[0m [2mhotpatch_smoke[0m[2m:[0m hotpatch smoke heartbeat [3mframe[0m[2m=[0m2970 [3mlabel[0m[2m=[0m"BEFORE"
301.10s ERROR [2m2026-09-28T08:04:02.034759Z[0m [32m INFO[0m [2mhotpatch_smoke[0m[2m:[0m hotpatch smoke heartbeat [3mframe[0m[2m=[0m3000 [3mlabel[0m[2m=[0m"BEFORE"
301.36s ERROR [2m2026-09-28T08:04:02.293350Z[0m [32m INFO[0m [2mhotpatch_smoke[0m[2m:[0m hotpatch smoke heartbeat [3mframe[0m[2m=[0m3030 [3mlabel[0m[2m=[0m"BEFORE"
301.62s ERROR [2m2026-09-28T08:04:02.551646Z[0m [32m INFO[0m [2mhotpatch_smoke[0m[2m:[0m hotpatch smoke heartbeat [3mframe[0m[2m=[0m3060 [3mlabel[0m[2m=[0m"BEFORE"
301.88s ERROR [2m2026-09-28T08:04:02.813703Z[0m [32m INFO[0m [2mhotpatch_smoke[0m[2m:[0m hotpatch smoke heartbeat [3mframe[0m[2m=[0m3090 [3mlabel[0m[2m=[0m"BEFORE"
302.14s ERROR [2m2026-09-28T08:04:03.075445Z[0m [32m INFO[0m [2mhotpatch_smoke[0m[2m:[0m hotpatch smoke heartbeat [3mframe[0m[2m=[0m3120 [3mlabel[0m[2m=[0m"BEFORE"
302.40s ERROR [2m2026-09-28T08:04:03.331534Z[0m [32m INFO[0m [2mhotpatch_smoke[0m[2m:[0m hotpatch smoke heartbeat [3mframe[0m[2m=[0m3150 [3mlabel[0m[2m=[0m"BEFORE"
302.66s ERROR [2m2026-09-28T08:04:03.590214Z[0m [32m INFO[0m [2mhotpatch_smoke[0m[2m:[0m hotpatch smoke heartbeat [3mframe[0m[2m=[0m3180 [3mlabel[0m[2m=[0m"BEFORE"
302.92s ERROR [2m2026-09-28T08:04:03.851992Z[0m [32m INFO[0m [2mhotpatch_smoke[0m[2m:[0m hotpatch smoke heartbeat [3mframe[0m[2m=[0m3210 [3mlabel[0m[2m=[0m"BEFORE"
303.18s ERROR [2m2026-09-28T08:04:04.109046Z[0m [32m INFO[0m [2mhotpatch_smoke[0m[2m:[0m hotpatch smoke heartbeat [3mframe[0m[2m=[0m3240 [3mlabel[0m[2m=[0m"BEFORE"
303.43s ERROR [2m2026-09-28T08:04:04.368689Z[0m [32m INFO[0m [2mhotpatch_smoke[0m[2m:[0m hotpatch smoke heartbeat [3mframe[0m[2m=[0m3270 [3mlabel[0m[2m=[0m"BEFORE"
303.70s ERROR [2m2026-09-28T08:04:04.631369Z[0m [32m INFO[0m [2mhotpatch_smoke[0m[2m:[0m hotpatch smoke heartbeat [3mframe[0m[2m=[0m3300 [3mlabel[0m[2m=[0m"BEFORE"
303.96s ERROR [2m2026-09-28T08:04:04.897426Z[0m [32m INFO[0m [2mhotpatch_smoke[0m[2m:[0m hotpatch smoke heartbeat [3mframe[0m[2m=[0m3330 [3mlabel[0m[2m=[0m"BEFORE"
304.23s ERROR [2m2026-09-28T08:04:05.162188Z[0m [32m INFO[0m [2mhotpatch_smoke[0m[2m:[0m hotpatch smoke heartbeat [3mframe[0m[2m=[0m3360 [3mlabel[0m[2m=[0m"BEFORE"
304.49s ERROR [2m2026-09-28T08:04:05.425443Z[0m [32m INFO[0m [2mhotpatch_smoke[0m[2m:[0m hotpatch smoke heartbeat [3mframe[0m[2m=[0m3390 [3mlabel[0m[2m=[0m"BEFORE"
304.75s ERROR [2m2026-09-28T08:04:05.688137Z[0m [32m INFO[0m [2mhotpatch_smoke[0m[2m:[0m hotpatch smoke heartbeat [3mframe[0m[2m=[0m3420 [3mlabel[0m[2m=[0m"BEFORE"
305.02s ERROR [2m2026-09-28T08:04:05.950749Z[0m [32m INFO[0m [2mhotpatch_smoke[0m[2m:[0m hotpatch smoke heartbeat [3mframe[0m[2m=[0m3450 [3mlabel[0m[2m=[0m"BEFORE"
305.28s ERROR [2m2026-09-28T08:04:06.211201Z[0m [32m INFO[0m [2mhotpatch_smoke[0m[2m:[0m hotpatch smoke heartbeat [3mframe[0m[2m=[0m3480 [3mlabel[0m[2m=[0m"BEFORE"
305.54s ERROR [2m2026-09-28T08:04:06.473708Z[0m [32m INFO[0m [2mhotpatch_smoke[0m[2m:[0m hotpatch smoke heartbeat [3mframe[0m[2m=[0m3510 [3mlabel[0m[2m=[0m"BEFORE"
305.80s ERROR [2m2026-09-28T08:04:06.734071Z[0m [32m INFO[0m [2mhotpatch_smoke[0m[2m:[0m hotpatch smoke heartbeat [3mframe[0m[2m=[0m3540 [3mlabel[0m[2m=[0m"BEFORE"
306.06s ERROR [2m2026-09-28T08:04:06.997461Z[0m [32m INFO[0m [2mhotpatch_smoke[0m[2m:[0m hotpatch smoke heartbeat [3mframe[0m[2m=[0m3570 [3mlabel[0m[2m=[0m"BEFORE"
306.33s ERROR [2m2026-09-28T08:04:07.264525Z[0m [32m INFO[0m [2mhotpatch_smoke[0m[2m:[0m hotpatch smoke heartbeat [3mframe[0m[2m=[0m3600 [3mlabel[0m[2m=[0m"BEFORE"
306.59s ERROR [2m2026-09-28T08:04:07.528530Z[0m [32m INFO[0m [2mhotpatch_smoke[0m[2m:[0m hotpatch smoke heartbeat [3mframe[0m[2m=[0m3630 [3mlabel[0m[2m=[0m"BEFORE"
306.86s ERROR [2m2026-09-28T08:04:07.793362Z[0m [32m INFO[0m [2mhotpatch_smoke[0m[2m:[0m hotpatch smoke heartbeat [3mframe[0m[2m=[0m3660 [3mlabel[0m[2m=[0m"BEFORE"
307.13s ERROR [2m2026-09-28T08:04:08.059222Z[0m [32m INFO[0m [2mhotpatch_smoke[0m[2m:[0m hotpatch smoke heartbeat [3mframe[0m[2m=[0m3690 [3mlabel[0m[2m=[0m"BEFORE"
307.39s ERROR [2m2026-09-28T08:04:08.326084Z[0m [32m INFO[0m [2mhotpatch_smoke[0m[2m:[0m hotpatch smoke heartbeat [3mframe[0m[2m=[0m3720 [3mlabel[0m[2m=[0m"BEFORE"
307.65s ERROR [2m2026-09-28T08:04:08.582594Z[0m [32m INFO[0m [2mhotpatch_smoke[0m[2m:[0m hotpatch smoke heartbeat [3mframe[0m[2m=[0m3750 [3mlabel[0m[2m=[0m"BEFORE"
307.91s ERROR [2m2026-09-28T08:04:08.843705Z[0m [32m INFO[0m [2mhotpatch_smoke[0m[2m:[0m hotpatch smoke heartbeat [3mframe[0m[2m=[0m3780 [3mlabel[0m[2m=[0m"BEFORE"
308.18s ERROR [2m2026-09-28T08:04:09.113635Z[0m [32m INFO[0m [2mhotpatch_smoke[0m[2m:[0m hotpatch smoke heartbeat [3mframe[0m[2m=[0m3810 [3mlabel[0m[2m=[0m"BEFORE"
308.45s ERROR [2m2026-09-28T08:04:09.383674Z[0m [32m INFO[0m [2mhotpatch_smoke[0m[2m:[0m hotpatch smoke heartbeat [3mframe[0m[2m=[0m3840 [3mlabel[0m[2m=[0m"BEFORE"
308.72s ERROR [2m2026-09-28T08:04:09.653771Z[0m [32m INFO[0m [2mhotpatch_smoke[0m[2m:[0m hotpatch smoke heartbeat [3mframe[0m[2m=[0m3870 [3mlabel[0m[2m=[0m"BEFORE"
308.99s ERROR [2m2026-09-28T08:04:09.923680Z[0m [32m INFO[0m [2mhotpatch_smoke[0m[2m:[0m hotpatch smoke heartbeat [3mframe[0m[2m=[0m3900 [3mlabel[0m[2m=[0m"BEFORE"
309.26s ERROR [2m2026-09-28T08:04:10.193600Z[0m [32m INFO[0m [2mhotpatch_smoke[0m[2m:[0m hotpatch smoke heartbeat [3mframe[0m[2m=[0m3930 [3mlabel[0m[2m=[0m"BEFORE"
309.53s ERROR [2m2026-09-28T08:04:10.463536Z[0m [32m INFO[0m [2mhotpatch_smoke[0m[2m:[0m hotpatch smoke heartbeat [3mframe[0m[2m=[0m3960 [3mlabel[0m[2m=[0m"BEFORE"
309.80s ERROR [2m2026-09-28T08:04:10.733778Z[0m [32m INFO[0m [2mhotpatch_smoke[0m[2m:[0m hotpatch smoke heartbeat [3mframe[0m[2m=[0m3990 [3mlabel[0m[2m=[0m"BEFORE"
310.07s ERROR [2m2026-09-28T08:04:11.003577Z[0m [32m INFO[0m [2mhotpatch_smoke[0m[2m:[0m hotpatch smoke heartbeat [3mframe[0m[2m=[0m4020 [3mlabel[0m[2m=[0m"BEFORE"
310.34s ERROR [2m2026-09-28T08:04:11.273610Z[0m [32m INFO[0m [2mhotpatch_smoke[0m[2m:[0m hotpatch smoke heartbeat [3mframe[0m[2m=[0m4050 [3mlabel[0m[2m=[0m"BEFORE"
310.61s ERROR [2m2026-09-28T08:04:11.543761Z[0m [32m INFO[0m [2mhotpatch_smoke[0m[2m:[0m hotpatch smoke heartbeat [3mframe[0m[2m=[0m4080 [3mlabel[0m[2m=[0m"BEFORE"
310.88s ERROR [2m2026-09-28T08:04:11.813639Z[0m [32m INFO[0m [2mhotpatch_smoke[0m[2m:[0m hotpatch smoke heartbeat [3mframe[0m[2m=[0m4110 [3mlabel[0m[2m=[0m"BEFORE"
311.15s ERROR [2m2026-09-28T08:04:12.083618Z[0m [32m INFO[0m [2mhotpatch_smoke[0m[2m:[0m hotpatch smoke heartbeat [3mframe[0m[2m=[0m4140 [3mlabel[0m[2m=[0m"BEFORE"
311.42s ERROR [2m2026-09-28T08:04:12.353615Z[0m [32m INFO[0m [2mhotpatch_smoke[0m[2m:[0m hotpatch smoke heartbeat [3mframe[0m[2m=[0m4170 [3mlabel[0m[2m=[0m"BEFORE"
311.69s ERROR [2m2026-09-28T08:04:12.624069Z[0m [32m INFO[0m [2mhotpatch_smoke[0m[2m:[0m hotpatch smoke heartbeat [3mframe[0m[2m=[0m4200 [3mlabel[0m[2m=[0m"BEFORE"
311.96s ERROR [2m2026-09-28T08:04:12.893808Z[0m [32m INFO[0m [2mhotpatch_smoke[0m[2m:[0m hotpatch smoke heartbeat [3mframe[0m[2m=[0m4230 [3mlabel[0m[2m=[0m"BEFORE"
312.23s ERROR [2m2026-09-28T08:04:13.163650Z[0m [32m INFO[0m [2mhotpatch_smoke[0m[2m:[0m hotpatch smoke heartbeat [3mframe[0m[2m=[0m4260 [3mlabel[0m[2m=[0m"BEFORE"
312.50s ERROR [2m2026-09-28T08:04:13.433592Z[0m [32m INFO[0m [2mhotpatch_smoke[0m[2m:[0m hotpatch smoke heartbeat [3mframe[0m[2m=[0m4290 [3mlabel[0m[2m=[0m"BEFORE"
312.77s ERROR [2m2026-09-28T08:04:13.703607Z[0m [32m INFO[0m [2mhotpatch_smoke[0m[2m:[0m hotpatch smoke heartbeat [3mframe[0m[2m=[0m4320 [3mlabel[0m[2m=[0m"BEFORE"
313.04s ERROR [2m2026-09-28T08:04:13.973838Z[0m [32m INFO[0m [2mhotpatch_smoke[0m[2m:[0m hotpatch smoke heartbeat [3mframe[0m[2m=[0m4350 [3mlabel[0m[2m=[0m"BEFORE"
313.30s ERROR [2m2026-09-28T08:04:14.237759Z[0m [32m INFO[0m [2mhotpatch_smoke[0m[2m:[0m hotpatch smoke heartbeat [3mframe[0m[2m=[0m4380 [3mlabel[0m[2m=[0m"BEFORE"
313.57s ERROR [2m2026-09-28T08:04:14.506338Z[0m [32m INFO[0m [2mhotpatch_smoke[0m[2m:[0m hotpatch smoke heartbeat [3mframe[0m[2m=[0m4410 [3mlabel[0m[2m=[0m"BEFORE"
313.84s ERROR [2m2026-09-28T08:04:14.770436Z[0m [32m INFO[0m [2mhotpatch_smoke[0m[2m:[0m hotpatch smoke heartbeat [3mframe[0m[2m=[0m4440 [3mlabel[0m[2m=[0m"BEFORE"
314.10s ERROR [2m2026-09-28T08:04:15.037433Z[0m [32m INFO[0m [2mhotpatch_smoke[0m[2m:[0m hotpatch smoke heartbeat [3mframe[0m[2m=[0m4470 [3mlabel[0m[2m=[0m"BEFORE"
314.37s ERROR [2m2026-09-28T08:04:15.299345Z[0m [32m INFO[0m [2mhotpatch_smoke[0m[2m:[0m hotpatch smoke heartbeat [3mframe[0m[2m=[0m4500 [3mlabel[0m[2m=[0m"BEFORE"
314.63s ERROR [2m2026-09-28T08:04:15.563657Z[0m [32m INFO[0m [2mhotpatch_smoke[0m[2m:[0m hotpatch smoke heartbeat [3mframe[0m[2m=[0m4530 [3mlabel[0m[2m=[0m"BEFORE"
314.89s ERROR [2m2026-09-28T08:04:15.823435Z[0m [32m INFO[0m [2mhotpatch_smoke[0m[2m:[0m hotpatch smoke heartbeat [3mframe[0m[2m=[0m4560 [3mlabel[0m[2m=[0m"BEFORE"
315.16s ERROR [2m2026-09-28T08:04:16.093473Z[0m [32m INFO[0m [2mhotpatch_smoke[0m[2m:[0m hotpatch smoke heartbeat [3mframe[0m[2m=[0m4590 [3mlabel[0m[2m=[0m"BEFORE"
315.43s ERROR [2m2026-09-28T08:04:16.361413Z[0m [32m INFO[0m [2mhotpatch_smoke[0m[2m:[0m hotpatch smoke heartbeat [3mframe[0m[2m=[0m4620 [3mlabel[0m[2m=[0m"BEFORE"
315.69s ERROR [2m2026-09-28T08:04:16.621903Z[0m [32m INFO[0m [2mhotpatch_smoke[0m[2m:[0m hotpatch smoke heartbeat [3mframe[0m[2m=[0m4650 [3mlabel[0m[2m=[0m"BEFORE"
315.95s ERROR [2m2026-09-28T08:04:16.883394Z[0m [32m INFO[0m [2mhotpatch_smoke[0m[2m:[0m hotpatch smoke heartbeat [3mframe[0m[2m=[0m4680 [3mlabel[0m[2m=[0m"BEFORE"
316.21s ERROR [2m2026-09-28T08:04:17.144414Z[0m [32m INFO[0m [2mhotpatch_smoke[0m[2m:[0m hotpatch smoke heartbeat [3mframe[0m[2m=[0m4710 [3mlabel[0m[2m=[0m"BEFORE"
316.47s ERROR [2m2026-09-28T08:04:17.406465Z[0m [32m INFO[0m [2mhotpatch_smoke[0m[2m:[0m hotpatch smoke heartbeat [3mframe[0m[2m=[0m4740 [3mlabel[0m[2m=[0m"BEFORE"
316.74s ERROR [2m2026-09-28T08:04:17.670497Z[0m [32m INFO[0m [2mhotpatch_smoke[0m[2m:[0m hotpatch smoke heartbeat [3mframe[0m[2m=[0m4770 [3mlabel[0m[2m=[0m"BEFORE"
317.00s ERROR [2m2026-09-28T08:04:17.934423Z[0m [32m INFO[0m [2mhotpatch_smoke[0m[2m:[0m hotpatch smoke heartbeat [3mframe[0m[2m=[0m4800 [3mlabel[0m[2m=[0m"BEFORE"
317.26s ERROR [2m2026-09-28T08:04:18.196682Z[0m [32m INFO[0m [2mhotpatch_smoke[0m[2m:[0m hotpatch smoke heartbeat [3mframe[0m[2m=[0m4830 [3mlabel[0m[2m=[0m"BEFORE"
317.53s ERROR [2m2026-09-28T08:04:18.462457Z[0m [32m INFO[0m [2mhotpatch_smoke[0m[2m:[0m hotpatch smoke heartbeat [3mframe[0m[2m=[0m4860 [3mlabel[0m[2m=[0m"BEFORE"
317.79s ERROR [2m2026-09-28T08:04:18.721490Z[0m [32m INFO[0m [2mhotpatch_smoke[0m[2m:[0m hotpatch smoke heartbeat [3mframe[0m[2m=[0m4890 [3mlabel[0m[2m=[0m"BEFORE"
318.05s ERROR [2m2026-09-28T08:04:18.979561Z[0m [32m INFO[0m [2mhotpatch_smoke[0m[2m:[0m hotpatch smoke heartbeat [3mframe[0m[2m=[0m4920 [3mlabel[0m[2m=[0m"BEFORE"
318.30s ERROR [2m2026-09-28T08:04:19.238798Z[0m [32m INFO[0m [2mhotpatch_smoke[0m[2m:[0m hotpatch smoke heartbeat [3mframe[0m[2m=[0m4950 [3mlabel[0m[2m=[0m"BEFORE"
318.56s ERROR [2m2026-09-28T08:04:19.497560Z[0m [32m INFO[0m [2mhotpatch_smoke[0m[2m:[0m hotpatch smoke heartbeat [3mframe[0m[2m=[0m4980 [3mlabel[0m[2m=[0m"BEFORE"
318.82s ERROR [2m2026-09-28T08:04:19.754211Z[0m [32m INFO[0m [2mhotpatch_smoke[0m[2m:[0m hotpatch smoke heartbeat [3mframe[0m[2m=[0m5010 [3mlabel[0m[2m=[0m"BEFORE"
319.08s ERROR [2m2026-09-28T08:04:20.010694Z[0m [32m INFO[0m [2mhotpatch_smoke[0m[2m:[0m hotpatch smoke heartbeat [3mframe[0m[2m=[0m5040 [3mlabel[0m[2m=[0m"BEFORE"
319.34s ERROR [2m2026-09-28T08:04:20.269647Z[0m [32m INFO[0m [2mhotpatch_smoke[0m[2m:[0m hotpatch smoke heartbeat [3mframe[0m[2m=[0m5070 [3mlabel[0m[2m=[0m"BEFORE"
319.60s ERROR [2m2026-09-28T08:04:20.536736Z[0m [32m INFO[0m [2mhotpatch_smoke[0m[2m:[0m hotpatch smoke heartbeat [3mframe[0m[2m=[0m5100 [3mlabel[0m[2m=[0m"BEFORE"
319.86s ERROR [2m2026-09-28T08:04:20.795622Z[0m [32m INFO[0m [2mhotpatch_smoke[0m[2m:[0m hotpatch smoke heartbeat [3mframe[0m[2m=[0m5130 [3mlabel[0m[2m=[0m"BEFORE"
320.13s ERROR [2m2026-09-28T08:04:21.059487Z[0m [32m INFO[0m [2mhotpatch_smoke[0m[2m:[0m hotpatch smoke heartbeat [3mframe[0m[2m=[0m5160 [3mlabel[0m[2m=[0m"BEFORE"
320.39s ERROR [2m2026-09-28T08:04:21.319059Z[0m [32m INFO[0m [2mhotpatch_smoke[0m[2m:[0m hotpatch smoke heartbeat [3mframe[0m[2m=[0m5190 [3mlabel[0m[2m=[0m"BEFORE"
320.65s ERROR [2m2026-09-28T08:04:21.579084Z[0m [32m INFO[0m [2mhotpatch_smoke[0m[2m:[0m hotpatch smoke heartbeat [3mframe[0m[2m=[0m5220 [3mlabel[0m[2m=[0m"BEFORE"
320.90s ERROR [2m2026-09-28T08:04:21.835426Z[0m [32m INFO[0m [2mhotpatch_smoke[0m[2m:[0m hotpatch smoke heartbeat [3mframe[0m[2m=[0m5250 [3mlabel[0m[2m=[0m"BEFORE"
321.16s ERROR [2m2026-09-28T08:04:22.098476Z[0m [32m INFO[0m [2mhotpatch_smoke[0m[2m:[0m hotpatch smoke heartbeat [3mframe[0m[2m=[0m5280 [3mlabel[0m[2m=[0m"BEFORE"
321.43s ERROR [2m2026-09-28T08:04:22.359079Z[0m [32m INFO[0m [2mhotpatch_smoke[0m[2m:[0m hotpatch smoke heartbeat [3mframe[0m[2m=[0m5310 [3mlabel[0m[2m=[0m"BEFORE"
321.69s ERROR [2m2026-09-28T08:04:22.624593Z[0m [32m INFO[0m [2mhotpatch_smoke[0m[2m:[0m hotpatch smoke heartbeat [3mframe[0m[2m=[0m5340 [3mlabel[0m[2m=[0m"BEFORE"
321.96s ERROR [2m2026-09-28T08:04:22.894426Z[0m [32m INFO[0m [2mhotpatch_smoke[0m[2m:[0m hotpatch smoke heartbeat [3mframe[0m[2m=[0m5370 [3mlabel[0m[2m=[0m"BEFORE"
322.23s ERROR [2m2026-09-28T08:04:23.162368Z[0m [32m INFO[0m [2mhotpatch_smoke[0m[2m:[0m hotpatch smoke heartbeat [3mframe[0m[2m=[0m5400 [3mlabel[0m[2m=[0m"BEFORE"
322.50s ERROR [2m2026-09-28T08:04:23.432448Z[0m [32m INFO[0m [2mhotpatch_smoke[0m[2m:[0m hotpatch smoke heartbeat [3mframe[0m[2m=[0m5430 [3mlabel[0m[2m=[0m"BEFORE"
322.76s ERROR [2m2026-09-28T08:04:23.693731Z[0m [32m INFO[0m [2mhotpatch_smoke[0m[2m:[0m hotpatch smoke heartbeat [3mframe[0m[2m=[0m5460 [3mlabel[0m[2m=[0m"BEFORE"
323.02s ERROR [2m2026-09-28T08:04:23.950587Z[0m [32m INFO[0m [2mhotpatch_smoke[0m[2m:[0m hotpatch smoke heartbeat [3mframe[0m[2m=[0m5490 [3mlabel[0m[2m=[0m"BEFORE"
323.28s ERROR [2m2026-09-28T08:04:24.213040Z[0m [32m INFO[0m [2mhotpatch_smoke[0m[2m:[0m hotpatch smoke heartbeat [3mframe[0m[2m=[0m5520 [3mlabel[0m[2m=[0m"BEFORE"
323.54s ERROR [2m2026-09-28T08:04:24.477112Z[0m [32m INFO[0m [2mhotpatch_smoke[0m[2m:[0m hotpatch smoke heartbeat [3mframe[0m[2m=[0m5550 [3mlabel[0m[2m=[0m"BEFORE"
323.80s ERROR [2m2026-09-28T08:04:24.734783Z[0m [32m INFO[0m [2mhotpatch_smoke[0m[2m:[0m hotpatch smoke heartbeat [3mframe[0m[2m=[0m5580 [3mlabel[0m[2m=[0m"BEFORE"
324.06s ERROR [2m2026-09-28T08:04:24.991407Z[0m [32m INFO[0m [2mhotpatch_smoke[0m[2m:[0m hotpatch smoke heartbeat [3mframe[0m[2m=[0m5610 [3mlabel[0m[2m=[0m"BEFORE"
324.32s ERROR [2m2026-09-28T08:04:25.253499Z[0m [32m INFO[0m [2mhotpatch_smoke[0m[2m:[0m hotpatch smoke heartbeat [3mframe[0m[2m=[0m5640 [3mlabel[0m[2m=[0m"BEFORE"
324.58s ERROR [2m2026-09-28T08:04:25.517659Z[0m [32m INFO[0m [2mhotpatch_smoke[0m[2m:[0m hotpatch smoke heartbeat [3mframe[0m[2m=[0m5670 [3mlabel[0m[2m=[0m"BEFORE"
324.85s ERROR [2m2026-09-28T08:04:25.786637Z[0m [32m INFO[0m [2mhotpatch_smoke[0m[2m:[0m hotpatch smoke heartbeat [3mframe[0m[2m=[0m5700 [3mlabel[0m[2m=[0m"BEFORE"
325.12s ERROR [2m2026-09-28T08:04:26.055377Z[0m [32m INFO[0m [2mhotpatch_smoke[0m[2m:[0m hotpatch smoke heartbeat [3mframe[0m[2m=[0m5730 [3mlabel[0m[2m=[0m"BEFORE"
325.38s ERROR [2m2026-09-28T08:04:26.318452Z[0m [32m INFO[0m [2mhotpatch_smoke[0m[2m:[0m hotpatch smoke heartbeat [3mframe[0m[2m=[0m5760 [3mlabel[0m[2m=[0m"BEFORE"
325.64s ERROR [2m2026-09-28T08:04:26.578850Z[0m [32m INFO[0m [2mhotpatch_smoke[0m[2m:[0m hotpatch smoke heartbeat [3mframe[0m[2m=[0m5790 [3mlabel[0m[2m=[0m"BEFORE"
325.90s ERROR [2m2026-09-28T08:04:26.836687Z[0m [32m INFO[0m [2mhotpatch_smoke[0m[2m:[0m hotpatch smoke heartbeat [3mframe[0m[2m=[0m5820 [3mlabel[0m[2m=[0m"BEFORE"
326.16s ERROR [2m2026-09-28T08:04:27.098792Z[0m [32m INFO[0m [2mhotpatch_smoke[0m[2m:[0m hotpatch smoke heartbeat [3mframe[0m[2m=[0m5850 [3mlabel[0m[2m=[0m"BEFORE"
326.43s ERROR [2m2026-09-28T08:04:27.368648Z[0m [32m INFO[0m [2mhotpatch_smoke[0m[2m:[0m hotpatch smoke heartbeat [3mframe[0m[2m=[0m5880 [3mlabel[0m[2m=[0m"BEFORE"
326.70s ERROR [2m2026-09-28T08:04:27.638815Z[0m [32m INFO[0m [2mhotpatch_smoke[0m[2m:[0m hotpatch smoke heartbeat [3mframe[0m[2m=[0m5910 [3mlabel[0m[2m=[0m"BEFORE"
326.97s ERROR [2m2026-09-28T08:04:27.908679Z[0m [32m INFO[0m [2mhotpatch_smoke[0m[2m:[0m hotpatch smoke heartbeat [3mframe[0m[2m=[0m5940 [3mlabel[0m[2m=[0m"BEFORE"
327.24s ERROR [2m2026-09-28T08:04:28.178637Z[0m [32m INFO[0m [2mhotpatch_smoke[0m[2m:[0m hotpatch smoke heartbeat [3mframe[0m[2m=[0m5970 [3mlabel[0m[2m=[0m"BEFORE"
327.51s ERROR [2m2026-09-28T08:04:28.448745Z[0m [32m INFO[0m [2mhotpatch_smoke[0m[2m:[0m hotpatch smoke heartbeat [3mframe[0m[2m=[0m6000 [3mlabel[0m[2m=[0m"BEFORE"
327.78s ERROR [2m2026-09-28T08:04:28.718677Z[0m [32m INFO[0m [2mhotpatch_smoke[0m[2m:[0m hotpatch smoke heartbeat [3mframe[0m[2m=[0m6030 [3mlabel[0m[2m=[0m"BEFORE"
328.05s ERROR [2m2026-09-28T08:04:28.988754Z[0m [32m INFO[0m [2mhotpatch_smoke[0m[2m:[0m hotpatch smoke heartbeat [3mframe[0m[2m=[0m6060 [3mlabel[0m[2m=[0m"BEFORE"
328.32s ERROR [2m2026-09-28T08:04:29.258664Z[0m [32m INFO[0m [2mhotpatch_smoke[0m[2m:[0m hotpatch smoke heartbeat [3mframe[0m[2m=[0m6090 [3mlabel[0m[2m=[0m"BEFORE"
328.59s ERROR [2m2026-09-28T08:04:29.528791Z[0m [32m INFO[0m [2mhotpatch_smoke[0m[2m:[0m hotpatch smoke heartbeat [3mframe[0m[2m=[0m6120 [3mlabel[0m[2m=[0m"BEFORE"
328.86s ERROR [2m2026-09-28T08:04:29.797744Z[0m [32m INFO[0m [2mhotpatch_smoke[0m[2m:[0m hotpatch smoke heartbeat [3mframe[0m[2m=[0m6150 [3mlabel[0m[2m=[0m"BEFORE"
329.13s ERROR [2m2026-09-28T08:04:30.066745Z[0m [32m INFO[0m [2mhotpatch_smoke[0m[2m:[0m hotpatch smoke heartbeat [3mframe[0m[2m=[0m6180 [3mlabel[0m[2m=[0m"BEFORE"
329.40s ERROR [2m2026-09-28T08:04:30.336792Z[0m [32m INFO[0m [2mhotpatch_smoke[0m[2m:[0m hotpatch smoke heartbeat [3mframe[0m[2m=[0m6210 [3mlabel[0m[2m=[0m"BEFORE"
329.67s ERROR [2m2026-09-28T08:04:30.606749Z[0m [32m INFO[0m [2mhotpatch_smoke[0m[2m:[0m hotpatch smoke heartbeat [3mframe[0m[2m=[0m6240 [3mlabel[0m[2m=[0m"BEFORE"
329.94s ERROR [2m2026-09-28T08:04:30.877257Z[0m [32m INFO[0m [2mhotpatch_smoke[0m[2m:[0m hotpatch smoke heartbeat [3mframe[0m[2m=[0m6270 [3mlabel[0m[2m=[0m"BEFORE"
330.21s ERROR [2m2026-09-28T08:04:31.146950Z[0m [32m INFO[0m [2mhotpatch_smoke[0m[2m:[0m hotpatch smoke heartbeat [3mframe[0m[2m=[0m6300 [3mlabel[0m[2m=[0m"BEFORE"
330.48s ERROR [2m2026-09-28T08:04:31.416753Z[0m [32m INFO[0m [2mhotpatch_smoke[0m[2m:[0m hotpatch smoke heartbeat [3mframe[0m[2m=[0m6330 [3mlabel[0m[2m=[0m"BEFORE"
330.75s ERROR [2m2026-09-28T08:04:31.686814Z[0m [32m INFO[0m [2mhotpatch_smoke[0m[2m:[0m hotpatch smoke heartbeat [3mframe[0m[2m=[0m6360 [3mlabel[0m[2m=[0m"BEFORE"
331.02s ERROR [2m2026-09-28T08:04:31.956810Z[0m [32m INFO[0m [2mhotpatch_smoke[0m[2m:[0m hotpatch smoke heartbeat [3mframe[0m[2m=[0m6390 [3mlabel[0m[2m=[0m"BEFORE"
331.29s ERROR [2m2026-09-28T08:04:32.226833Z[0m [32m INFO[0m [2mhotpatch_smoke[0m[2m:[0m hotpatch smoke heartbeat [3mframe[0m[2m=[0m6420 [3mlabel[0m[2m=[0m"BEFORE"
331.56s ERROR [2m2026-09-28T08:04:32.494681Z[0m [32m INFO[0m [2mhotpatch_smoke[0m[2m:[0m hotpatch smoke heartbeat [3mframe[0m[2m=[0m6450 [3mlabel[0m[2m=[0m"BEFORE"
331.83s ERROR [2m2026-09-28T08:04:32.764106Z[0m [32m INFO[0m [2mhotpatch_smoke[0m[2m:[0m hotpatch smoke heartbeat [3mframe[0m[2m=[0m6480 [3mlabel[0m[2m=[0m"BEFORE"
332.10s ERROR [2m2026-09-28T08:04:33.033926Z[0m [32m INFO[0m [2mhotpatch_smoke[0m[2m:[0m hotpatch smoke heartbeat [3mframe[0m[2m=[0m6510 [3mlabel[0m[2m=[0m"BEFORE"
332.37s ERROR [2m2026-09-28T08:04:33.304108Z[0m [32m INFO[0m [2mhotpatch_smoke[0m[2m:[0m hotpatch smoke heartbeat [3mframe[0m[2m=[0m6540 [3mlabel[0m[2m=[0m"BEFORE"
332.43s  INFO Hot-patching: [32msrc\main.rs[0m took [33m1191ms[0m
332.64s ERROR [2m2026-09-28T08:04:33.572521Z[0m [32m INFO[0m [2mhotpatch_smoke[0m[2m:[0m hotpatch smoke heartbeat [3mframe[0m[2m=[0m6570 [3mlabel[0m[2m=[0m"AFTER"
332.90s ERROR [2m2026-09-28T08:04:33.835622Z[0m [32m INFO[0m [2mhotpatch_smoke[0m[2m:[0m hotpatch smoke heartbeat [3mframe[0m[2m=[0m6600 [3mlabel[0m[2m=[0m"AFTER"
333.17s ERROR [2m2026-09-28T08:04:34.101440Z[0m [32m INFO[0m [2mhotpatch_smoke[0m[2m:[0m hotpatch smoke heartbeat [3mframe[0m[2m=[0m6630 [3mlabel[0m[2m=[0m"AFTER"
333.43s ERROR [2m2026-09-28T08:04:34.364454Z[0m [32m INFO[0m [2mhotpatch_smoke[0m[2m:[0m hotpatch smoke heartbeat [3mframe[0m[2m=[0m6660 [3mlabel[0m[2m=[0m"AFTER"
333.69s ERROR [2m2026-09-28T08:04:34.621545Z[0m [32m INFO[0m [2mhotpatch_smoke[0m[2m:[0m hotpatch smoke heartbeat [3mframe[0m[2m=[0m6690 [3mlabel[0m[2m=[0m"AFTER"
333.95s ERROR [2m2026-09-28T08:04:34.889016Z[0m [32m INFO[0m [2mhotpatch_smoke[0m[2m:[0m hotpatch smoke heartbeat [3mframe[0m[2m=[0m6720 [3mlabel[0m[2m=[0m"AFTER"
334.22s ERROR [2m2026-09-28T08:04:35.149574Z[0m [32m INFO[0m [2mhotpatch_smoke[0m[2m:[0m hotpatch smoke heartbeat [3mframe[0m[2m=[0m6750 [3mlabel[0m[2m=[0m"AFTER"
334.48s ERROR [2m2026-09-28T08:04:35.410611Z[0m [32m INFO[0m [2mhotpatch_smoke[0m[2m:[0m hotpatch smoke heartbeat [3mframe[0m[2m=[0m6780 [3mlabel[0m[2m=[0m"AFTER"
334.74s ERROR [2m2026-09-28T08:04:35.669575Z[0m [32m INFO[0m [2mhotpatch_smoke[0m[2m:[0m hotpatch smoke heartbeat [3mframe[0m[2m=[0m6810 [3mlabel[0m[2m=[0m"AFTER"
335.00s ERROR [2m2026-09-28T08:04:35.937396Z[0m [32m INFO[0m [2mhotpatch_smoke[0m[2m:[0m hotpatch smoke heartbeat [3mframe[0m[2m=[0m6840 [3mlabel[0m[2m=[0m"AFTER"
335.27s ERROR [2m2026-09-28T08:04:36.203007Z[0m [32m INFO[0m [2mhotpatch_smoke[0m[2m:[0m hotpatch smoke heartbeat [3mframe[0m[2m=[0m6870 [3mlabel[0m[2m=[0m"AFTER"
335.53s ERROR [2m2026-09-28T08:04:36.467165Z[0m [32m INFO[0m [2mhotpatch_smoke[0m[2m:[0m hotpatch smoke heartbeat [3mframe[0m[2m=[0m6900 [3mlabel[0m[2m=[0m"AFTER"
335.80s ERROR [2m2026-09-28T08:04:36.732555Z[0m [32m INFO[0m [2mhotpatch_smoke[0m[2m:[0m hotpatch smoke heartbeat [3mframe[0m[2m=[0m6930 [3mlabel[0m[2m=[0m"AFTER"
336.06s ERROR [2m2026-09-28T08:04:36.994099Z[0m [32m INFO[0m [2mhotpatch_smoke[0m[2m:[0m hotpatch smoke heartbeat [3mframe[0m[2m=[0m6960 [3mlabel[0m[2m=[0m"AFTER"
336.32s ERROR [2m2026-09-28T08:04:37.250854Z[0m [32m INFO[0m [2mhotpatch_smoke[0m[2m:[0m hotpatch smoke heartbeat [3mframe[0m[2m=[0m6990 [3mlabel[0m[2m=[0m"AFTER"
336.58s ERROR [2m2026-09-28T08:04:37.512891Z[0m [32m INFO[0m [2mhotpatch_smoke[0m[2m:[0m hotpatch smoke heartbeat [3mframe[0m[2m=[0m7020 [3mlabel[0m[2m=[0m"AFTER"
336.85s ERROR [2m2026-09-28T08:04:37.779462Z[0m [32m INFO[0m [2mhotpatch_smoke[0m[2m:[0m hotpatch smoke heartbeat [3mframe[0m[2m=[0m7050 [3mlabel[0m[2m=[0m"AFTER"
337.11s ERROR [2m2026-09-28T08:04:38.039111Z[0m [32m INFO[0m [2mhotpatch_smoke[0m[2m:[0m hotpatch smoke heartbeat [3mframe[0m[2m=[0m7080 [3mlabel[0m[2m=[0m"AFTER"
337.37s ERROR [2m2026-09-28T08:04:38.308255Z[0m [32m INFO[0m [2mhotpatch_smoke[0m[2m:[0m hotpatch smoke heartbeat [3mframe[0m[2m=[0m7110 [3mlabel[0m[2m=[0m"AFTER"
337.64s ERROR [2m2026-09-28T08:04:38.577436Z[0m [32m INFO[0m [2mhotpatch_smoke[0m[2m:[0m hotpatch smoke heartbeat [3mframe[0m[2m=[0m7140 [3mlabel[0m[2m=[0m"AFTER"
337.91s ERROR [2m2026-09-28T08:04:38.846404Z[0m [32m INFO[0m [2mhotpatch_smoke[0m[2m:[0m hotpatch smoke heartbeat [3mframe[0m[2m=[0m7170 [3mlabel[0m[2m=[0m"AFTER"
338.18s ERROR [2m2026-09-28T08:04:39.113987Z[0m [32m INFO[0m [2mhotpatch_smoke[0m[2m:[0m hotpatch smoke heartbeat [3mframe[0m[2m=[0m7200 [3mlabel[0m[2m=[0m"AFTER"
338.45s ERROR [2m2026-09-28T08:04:39.383324Z[0m [32m INFO[0m [2mhotpatch_smoke[0m[2m:[0m hotpatch smoke heartbeat [3mframe[0m[2m=[0m7230 [3mlabel[0m[2m=[0m"AFTER"
338.71s ERROR [2m2026-09-28T08:04:39.647442Z[0m [32m INFO[0m [2mhotpatch_smoke[0m[2m:[0m hotpatch smoke heartbeat [3mframe[0m[2m=[0m7260 [3mlabel[0m[2m=[0m"AFTER"
338.97s ERROR [2m2026-09-28T08:04:39.904447Z[0m [32m INFO[0m [2mhotpatch_smoke[0m[2m:[0m hotpatch smoke heartbeat [3mframe[0m[2m=[0m7290 [3mlabel[0m[2m=[0m"AFTER"
339.24s ERROR [2m2026-09-28T08:04:40.171409Z[0m [32m INFO[0m [2mhotpatch_smoke[0m[2m:[0m hotpatch smoke heartbeat [3mframe[0m[2m=[0m7320 [3mlabel[0m[2m=[0m"AFTER"
339.50s ERROR [2m2026-09-28T08:04:40.438484Z[0m [32m INFO[0m [2mhotpatch_smoke[0m[2m:[0m hotpatch smoke heartbeat [3mframe[0m[2m=[0m7350 [3mlabel[0m[2m=[0m"AFTER"
339.77s ERROR [2m2026-09-28T08:04:40.703505Z[0m [32m INFO[0m [2mhotpatch_smoke[0m[2m:[0m hotpatch smoke heartbeat [3mframe[0m[2m=[0m7380 [3mlabel[0m[2m=[0m"AFTER"
340.04s ERROR [2m2026-09-28T08:04:40.969545Z[0m [32m INFO[0m [2mhotpatch_smoke[0m[2m:[0m hotpatch smoke heartbeat [3mframe[0m[2m=[0m7410 [3mlabel[0m[2m=[0m"AFTER"
340.30s ERROR [2m2026-09-28T08:04:41.229498Z[0m [32m INFO[0m [2mhotpatch_smoke[0m[2m:[0m hotpatch smoke heartbeat [3mframe[0m[2m=[0m7440 [3mlabel[0m[2m=[0m"AFTER"
340.56s ERROR [2m2026-09-28T08:04:41.490724Z[0m [32m INFO[0m [2mhotpatch_smoke[0m[2m:[0m hotpatch smoke heartbeat [3mframe[0m[2m=[0m7470 [3mlabel[0m[2m=[0m"AFTER"
340.82s ERROR [2m2026-09-28T08:04:41.751387Z[0m [32m INFO[0m [2mhotpatch_smoke[0m[2m:[0m hotpatch smoke heartbeat [3mframe[0m[2m=[0m7500 [3mlabel[0m[2m=[0m"AFTER"
341.09s ERROR [2m2026-09-28T08:04:42.021372Z[0m [32m INFO[0m [2mhotpatch_smoke[0m[2m:[0m hotpatch smoke heartbeat [3mframe[0m[2m=[0m7530 [3mlabel[0m[2m=[0m"AFTER"
341.36s ERROR [2m2026-09-28T08:04:42.291504Z[0m [32m INFO[0m [2mhotpatch_smoke[0m[2m:[0m hotpatch smoke heartbeat [3mframe[0m[2m=[0m7560 [3mlabel[0m[2m=[0m"AFTER"
341.63s ERROR [2m2026-09-28T08:04:42.559954Z[0m [32m INFO[0m [2mhotpatch_smoke[0m[2m:[0m hotpatch smoke heartbeat [3mframe[0m[2m=[0m7590 [3mlabel[0m[2m=[0m"AFTER"
341.88s ERROR [2m2026-09-28T08:04:42.817026Z[0m [32m INFO[0m [2mhotpatch_smoke[0m[2m:[0m hotpatch smoke heartbeat [3mframe[0m[2m=[0m7620 [3mlabel[0m[2m=[0m"AFTER"
342.15s ERROR [2m2026-09-28T08:04:43.079503Z[0m [32m INFO[0m [2mhotpatch_smoke[0m[2m:[0m hotpatch smoke heartbeat [3mframe[0m[2m=[0m7650 [3mlabel[0m[2m=[0m"AFTER"
342.41s ERROR [2m2026-09-28T08:04:43.339698Z[0m [32m INFO[0m [2mhotpatch_smoke[0m[2m:[0m hotpatch smoke heartbeat [3mframe[0m[2m=[0m7680 [3mlabel[0m[2m=[0m"AFTER"
342.66s ERROR [2m2026-09-28T08:04:43.598673Z[0m [32m INFO[0m [2mhotpatch_smoke[0m[2m:[0m hotpatch smoke heartbeat [3mframe[0m[2m=[0m7710 [3mlabel[0m[2m=[0m"AFTER"
342.93s ERROR [2m2026-09-28T08:04:43.868487Z[0m [32m INFO[0m [2mhotpatch_smoke[0m[2m:[0m hotpatch smoke heartbeat [3mframe[0m[2m=[0m7740 [3mlabel[0m[2m=[0m"AFTER"
343.19s ERROR [2m2026-09-28T08:04:44.127658Z[0m [32m INFO[0m [2mhotpatch_smoke[0m[2m:[0m hotpatch smoke heartbeat [3mframe[0m[2m=[0m7770 [3mlabel[0m[2m=[0m"AFTER"
343.45s ERROR [2m2026-09-28T08:04:44.386774Z[0m [32m INFO[0m [2mhotpatch_smoke[0m[2m:[0m hotpatch smoke heartbeat [3mframe[0m[2m=[0m7800 [3mlabel[0m[2m=[0m"AFTER"
343.71s ERROR [2m2026-09-28T08:04:44.648736Z[0m [32m INFO[0m [2mhotpatch_smoke[0m[2m:[0m hotpatch smoke heartbeat [3mframe[0m[2m=[0m7830 [3mlabel[0m[2m=[0m"AFTER"
343.97s ERROR [2m2026-09-28T08:04:44.905444Z[0m [32m INFO[0m [2mhotpatch_smoke[0m[2m:[0m hotpatch smoke heartbeat [3mframe[0m[2m=[0m7860 [3mlabel[0m[2m=[0m"AFTER"
344.23s ERROR [2m2026-09-28T08:04:45.166661Z[0m [32m INFO[0m [2mhotpatch_smoke[0m[2m:[0m hotpatch smoke heartbeat [3mframe[0m[2m=[0m7890 [3mlabel[0m[2m=[0m"AFTER"
344.49s ERROR [2m2026-09-28T08:04:45.419742Z[0m [32m INFO[0m [2mhotpatch_smoke[0m[2m:[0m hotpatch smoke heartbeat [3mframe[0m[2m=[0m7920 [3mlabel[0m[2m=[0m"AFTER"
344.74s ERROR [2m2026-09-28T08:04:45.678012Z[0m [32m INFO[0m [2mhotpatch_smoke[0m[2m:[0m hotpatch smoke heartbeat [3mframe[0m[2m=[0m7950 [3mlabel[0m[2m=[0m"AFTER"
345.00s ERROR [2m2026-09-28T08:04:45.938319Z[0m [32m INFO[0m [2mhotpatch_smoke[0m[2m:[0m hotpatch smoke heartbeat [3mframe[0m[2m=[0m7980 [3mlabel[0m[2m=[0m"AFTER"
345.26s ERROR [2m2026-09-28T08:04:46.194209Z[0m [32m INFO[0m [2mhotpatch_smoke[0m[2m:[0m hotpatch smoke heartbeat [3mframe[0m[2m=[0m8010 [3mlabel[0m[2m=[0m"AFTER"
345.53s ERROR [2m2026-09-28T08:04:46.463299Z[0m [32m INFO[0m [2mhotpatch_smoke[0m[2m:[0m hotpatch smoke heartbeat [3mframe[0m[2m=[0m8040 [3mlabel[0m[2m=[0m"AFTER"
345.80s ERROR [2m2026-09-28T08:04:46.729110Z[0m [32m INFO[0m [2mhotpatch_smoke[0m[2m:[0m hotpatch smoke heartbeat [3mframe[0m[2m=[0m8070 [3mlabel[0m[2m=[0m"AFTER"
346.06s ERROR [2m2026-09-28T08:04:46.998211Z[0m [32m INFO[0m [2mhotpatch_smoke[0m[2m:[0m hotpatch smoke heartbeat [3mframe[0m[2m=[0m8100 [3mlabel[0m[2m=[0m"AFTER"
346.32s ERROR [2m2026-09-28T08:04:47.257025Z[0m [32m INFO[0m [2mhotpatch_smoke[0m[2m:[0m hotpatch smoke heartbeat [3mframe[0m[2m=[0m8130 [3mlabel[0m[2m=[0m"AFTER"
346.58s ERROR [2m2026-09-28T08:04:47.516113Z[0m [32m INFO[0m [2mhotpatch_smoke[0m[2m:[0m hotpatch smoke heartbeat [3mframe[0m[2m=[0m8160 [3mlabel[0m[2m=[0m"AFTER"
346.85s ERROR [2m2026-09-28T08:04:47.783580Z[0m [32m INFO[0m [2mhotpatch_smoke[0m[2m:[0m hotpatch smoke heartbeat [3mframe[0m[2m=[0m8190 [3mlabel[0m[2m=[0m"AFTER"
347.12s ERROR [2m2026-09-28T08:04:48.053768Z[0m [32m INFO[0m [2mhotpatch_smoke[0m[2m:[0m hotpatch smoke heartbeat [3mframe[0m[2m=[0m8220 [3mlabel[0m[2m=[0m"AFTER"
347.39s ERROR [2m2026-09-28T08:04:48.323698Z[0m [32m INFO[0m [2mhotpatch_smoke[0m[2m:[0m hotpatch smoke heartbeat [3mframe[0m[2m=[0m8250 [3mlabel[0m[2m=[0m"AFTER"
347.66s ERROR [2m2026-09-28T08:04:48.593647Z[0m [32m INFO[0m [2mhotpatch_smoke[0m[2m:[0m hotpatch smoke heartbeat [3mframe[0m[2m=[0m8280 [3mlabel[0m[2m=[0m"AFTER"
347.93s ERROR [2m2026-09-28T08:04:48.863667Z[0m [32m INFO[0m [2mhotpatch_smoke[0m[2m:[0m hotpatch smoke heartbeat [3mframe[0m[2m=[0m8310 [3mlabel[0m[2m=[0m"AFTER"
348.20s ERROR [2m2026-09-28T08:04:49.133748Z[0m [32m INFO[0m [2mhotpatch_smoke[0m[2m:[0m hotpatch smoke heartbeat [3mframe[0m[2m=[0m8340 [3mlabel[0m[2m=[0m"AFTER"
348.47s ERROR [2m2026-09-28T08:04:49.403631Z[0m [32m INFO[0m [2mhotpatch_smoke[0m[2m:[0m hotpatch smoke heartbeat [3mframe[0m[2m=[0m8370 [3mlabel[0m[2m=[0m"AFTER"
348.74s ERROR [2m2026-09-28T08:04:49.673653Z[0m [32m INFO[0m [2mhotpatch_smoke[0m[2m:[0m hotpatch smoke heartbeat [3mframe[0m[2m=[0m8400 [3mlabel[0m[2m=[0m"AFTER"
349.01s ERROR [2m2026-09-28T08:04:49.943656Z[0m [32m INFO[0m [2mhotpatch_smoke[0m[2m:[0m hotpatch smoke heartbeat [3mframe[0m[2m=[0m8430 [3mlabel[0m[2m=[0m"AFTER"
349.28s ERROR [2m2026-09-28T08:04:50.213626Z[0m [32m INFO[0m [2mhotpatch_smoke[0m[2m:[0m hotpatch smoke heartbeat [3mframe[0m[2m=[0m8460 [3mlabel[0m[2m=[0m"AFTER"
349.55s ERROR [2m2026-09-28T08:04:50.483655Z[0m [32m INFO[0m [2mhotpatch_smoke[0m[2m:[0m hotpatch smoke heartbeat [3mframe[0m[2m=[0m8490 [3mlabel[0m[2m=[0m"AFTER"
349.82s ERROR [2m2026-09-28T08:04:50.753697Z[0m [32m INFO[0m [2mhotpatch_smoke[0m[2m:[0m hotpatch smoke heartbeat [3mframe[0m[2m=[0m8520 [3mlabel[0m[2m=[0m"AFTER"
350.09s ERROR [2m2026-09-28T08:04:51.023667Z[0m [32m INFO[0m [2mhotpatch_smoke[0m[2m:[0m hotpatch smoke heartbeat [3mframe[0m[2m=[0m8550 [3mlabel[0m[2m=[0m"AFTER"
350.36s ERROR [2m2026-09-28T08:04:51.293649Z[0m [32m INFO[0m [2mhotpatch_smoke[0m[2m:[0m hotpatch smoke heartbeat [3mframe[0m[2m=[0m8580 [3mlabel[0m[2m=[0m"AFTER"
350.63s ERROR [2m2026-09-28T08:04:51.563763Z[0m [32m INFO[0m [2mhotpatch_smoke[0m[2m:[0m hotpatch smoke heartbeat [3mframe[0m[2m=[0m8610 [3mlabel[0m[2m=[0m"AFTER"
350.90s ERROR [2m2026-09-28T08:04:51.833737Z[0m [32m INFO[0m [2mhotpatch_smoke[0m[2m:[0m hotpatch smoke heartbeat [3mframe[0m[2m=[0m8640 [3mlabel[0m[2m=[0m"AFTER"
351.17s ERROR [2m2026-09-28T08:04:52.103610Z[0m [32m INFO[0m [2mhotpatch_smoke[0m[2m:[0m hotpatch smoke heartbeat [3mframe[0m[2m=[0m8670 [3mlabel[0m[2m=[0m"AFTER"
351.44s ERROR [2m2026-09-28T08:04:52.373642Z[0m [32m INFO[0m [2mhotpatch_smoke[0m[2m:[0m hotpatch smoke heartbeat [3mframe[0m[2m=[0m8700 [3mlabel[0m[2m=[0m"AFTER"
351.71s ERROR [2m2026-09-28T08:04:52.643675Z[0m [32m INFO[0m [2mhotpatch_smoke[0m[2m:[0m hotpatch smoke heartbeat [3mframe[0m[2m=[0m8730 [3mlabel[0m[2m=[0m"AFTER"
351.98s ERROR [2m2026-09-28T08:04:52.912645Z[0m [32m INFO[0m [2mhotpatch_smoke[0m[2m:[0m hotpatch smoke heartbeat [3mframe[0m[2m=[0m8760 [3mlabel[0m[2m=[0m"AFTER"
352.24s ERROR [2m2026-09-28T08:04:53.175637Z[0m [32m INFO[0m [2mhotpatch_smoke[0m[2m:[0m hotpatch smoke heartbeat [3mframe[0m[2m=[0m8790 [3mlabel[0m[2m=[0m"AFTER"
352.50s ERROR [2m2026-09-28T08:04:53.433908Z[0m [32m INFO[0m [2mhotpatch_smoke[0m[2m:[0m hotpatch smoke heartbeat [3mframe[0m[2m=[0m8820 [3mlabel[0m[2m=[0m"AFTER"
352.76s ERROR [2m2026-09-28T08:04:53.690137Z[0m [32m INFO[0m [2mhotpatch_smoke[0m[2m:[0m hotpatch smoke heartbeat [3mframe[0m[2m=[0m8850 [3mlabel[0m[2m=[0m"AFTER"
353.02s ERROR [2m2026-09-28T08:04:53.954085Z[0m [32m INFO[0m [2mhotpatch_smoke[0m[2m:[0m hotpatch smoke heartbeat [3mframe[0m[2m=[0m8880 [3mlabel[0m[2m=[0m"AFTER"
353.28s ERROR [2m2026-09-28T08:04:54.217398Z[0m [32m INFO[0m [2mhotpatch_smoke[0m[2m:[0m hotpatch smoke heartbeat [3mframe[0m[2m=[0m8910 [3mlabel[0m[2m=[0m"AFTER"
353.55s ERROR [2m2026-09-28T08:04:54.483309Z[0m [32m INFO[0m [2mhotpatch_smoke[0m[2m:[0m hotpatch smoke heartbeat [3mframe[0m[2m=[0m8940 [3mlabel[0m[2m=[0m"AFTER"
353.82s ERROR [2m2026-09-28T08:04:54.750643Z[0m [32m INFO[0m [2mhotpatch_smoke[0m[2m:[0m hotpatch smoke heartbeat [3mframe[0m[2m=[0m8970 [3mlabel[0m[2m=[0m"AFTER"
354.09s ERROR [2m2026-09-28T08:04:55.020422Z[0m [32m INFO[0m [2mhotpatch_smoke[0m[2m:[0m hotpatch smoke heartbeat [3mframe[0m[2m=[0m9000 [3mlabel[0m[2m=[0m"AFTER"
354.35s ERROR [2m2026-09-28T08:04:55.285949Z[0m [32m INFO[0m [2mhotpatch_smoke[0m[2m:[0m hotpatch smoke heartbeat [3mframe[0m[2m=[0m9030 [3mlabel[0m[2m=[0m"AFTER"
354.62s ERROR [2m2026-09-28T08:04:55.549509Z[0m [32m INFO[0m [2mhotpatch_smoke[0m[2m:[0m hotpatch smoke heartbeat [3mframe[0m[2m=[0m9060 [3mlabel[0m[2m=[0m"AFTER"
354.87s ERROR [2m2026-09-28T08:04:55.808675Z[0m [32m INFO[0m [2mhotpatch_smoke[0m[2m:[0m hotpatch smoke heartbeat [3mframe[0m[2m=[0m9090 [3mlabel[0m[2m=[0m"AFTER"
355.14s ERROR [2m2026-09-28T08:04:56.070385Z[0m [32m INFO[0m [2mhotpatch_smoke[0m[2m:[0m hotpatch smoke heartbeat [3mframe[0m[2m=[0m9120 [3mlabel[0m[2m=[0m"AFTER"
355.40s ERROR [2m2026-09-28T08:04:56.334710Z[0m [32m INFO[0m [2mhotpatch_smoke[0m[2m:[0m hotpatch smoke heartbeat [3mframe[0m[2m=[0m9150 [3mlabel[0m[2m=[0m"AFTER"
355.66s ERROR [2m2026-09-28T08:04:56.596518Z[0m [32m INFO[0m [2mhotpatch_smoke[0m[2m:[0m hotpatch smoke heartbeat [3mframe[0m[2m=[0m9180 [3mlabel[0m[2m=[0m"AFTER"
355.93s ERROR [2m2026-09-28T08:04:56.862045Z[0m [32m INFO[0m [2mhotpatch_smoke[0m[2m:[0m hotpatch smoke heartbeat [3mframe[0m[2m=[0m9210 [3mlabel[0m[2m=[0m"AFTER"
356.19s ERROR [2m2026-09-28T08:04:57.123431Z[0m [32m INFO[0m [2mhotpatch_smoke[0m[2m:[0m hotpatch smoke heartbeat [3mframe[0m[2m=[0m9240 [3mlabel[0m[2m=[0m"AFTER"
356.46s ERROR [2m2026-09-28T08:04:57.391562Z[0m [32m INFO[0m [2mhotpatch_smoke[0m[2m:[0m hotpatch smoke heartbeat [3mframe[0m[2m=[0m9270 [3mlabel[0m[2m=[0m"AFTER"
356.73s ERROR [2m2026-09-28T08:04:57.661518Z[0m [32m INFO[0m [2mhotpatch_smoke[0m[2m:[0m hotpatch smoke heartbeat [3mframe[0m[2m=[0m9300 [3mlabel[0m[2m=[0m"AFTER"
357.00s ERROR [2m2026-09-28T08:04:57.930514Z[0m [32m INFO[0m [2mhotpatch_smoke[0m[2m:[0m hotpatch smoke heartbeat [3mframe[0m[2m=[0m9330 [3mlabel[0m[2m=[0m"AFTER"
357.27s ERROR [2m2026-09-28T08:04:58.200605Z[0m [32m INFO[0m [2mhotpatch_smoke[0m[2m:[0m hotpatch smoke heartbeat [3mframe[0m[2m=[0m9360 [3mlabel[0m[2m=[0m"AFTER"
357.54s ERROR [2m2026-09-28T08:04:58.469453Z[0m [32m INFO[0m [2mhotpatch_smoke[0m[2m:[0m hotpatch smoke heartbeat [3mframe[0m[2m=[0m9390 [3mlabel[0m[2m=[0m"AFTER"
357.81s ERROR [2m2026-09-28T08:04:58.739572Z[0m [32m INFO[0m [2mhotpatch_smoke[0m[2m:[0m hotpatch smoke heartbeat [3mframe[0m[2m=[0m9420 [3mlabel[0m[2m=[0m"AFTER"
358.08s ERROR [2m2026-09-28T08:04:59.009514Z[0m [32m INFO[0m [2mhotpatch_smoke[0m[2m:[0m hotpatch smoke heartbeat [3mframe[0m[2m=[0m9450 [3mlabel[0m[2m=[0m"AFTER"
358.35s ERROR [2m2026-09-28T08:04:59.279554Z[0m [32m INFO[0m [2mhotpatch_smoke[0m[2m:[0m hotpatch smoke heartbeat [3mframe[0m[2m=[0m9480 [3mlabel[0m[2m=[0m"AFTER"
358.62s ERROR [2m2026-09-28T08:04:59.549536Z[0m [32m INFO[0m [2mhotpatch_smoke[0m[2m:[0m hotpatch smoke heartbeat [3mframe[0m[2m=[0m9510 [3mlabel[0m[2m=[0m"AFTER"
358.89s ERROR [2m2026-09-28T08:04:59.819607Z[0m [32m INFO[0m [2mhotpatch_smoke[0m[2m:[0m hotpatch smoke heartbeat [3mframe[0m[2m=[0m9540 [3mlabel[0m[2m=[0m"AFTER"
359.16s ERROR [2m2026-09-28T08:05:00.089531Z[0m [32m INFO[0m [2mhotpatch_smoke[0m[2m:[0m hotpatch smoke heartbeat [3mframe[0m[2m=[0m9570 [3mlabel[0m[2m=[0m"AFTER"
359.43s ERROR [2m2026-09-28T08:05:00.359514Z[0m [32m INFO[0m [2mhotpatch_smoke[0m[2m:[0m hotpatch smoke heartbeat [3mframe[0m[2m=[0m9600 [3mlabel[0m[2m=[0m"AFTER"
359.70s ERROR [2m2026-09-28T08:05:00.629714Z[0m [32m INFO[0m [2mhotpatch_smoke[0m[2m:[0m hotpatch smoke heartbeat [3mframe[0m[2m=[0m9630 [3mlabel[0m[2m=[0m"AFTER"
359.97s ERROR [2m2026-09-28T08:05:00.899413Z[0m [32m INFO[0m [2mhotpatch_smoke[0m[2m:[0m hotpatch smoke heartbeat [3mframe[0m[2m=[0m9660 [3mlabel[0m[2m=[0m"AFTER"
360.24s ERROR [2m2026-09-28T08:05:01.169511Z[0m [32m INFO[0m [2mhotpatch_smoke[0m[2m:[0m hotpatch smoke heartbeat [3mframe[0m[2m=[0m9690 [3mlabel[0m[2m=[0m"AFTER"
360.51s ERROR [2m2026-09-28T08:05:01.439912Z[0m [32m INFO[0m [2mhotpatch_smoke[0m[2m:[0m hotpatch smoke heartbeat [3mframe[0m[2m=[0m9720 [3mlabel[0m[2m=[0m"AFTER"
360.78s ERROR [2m2026-09-28T08:05:01.709511Z[0m [32m INFO[0m [2mhotpatch_smoke[0m[2m:[0m hotpatch smoke heartbeat [3mframe[0m[2m=[0m9750 [3mlabel[0m[2m=[0m"AFTER"
361.05s ERROR [2m2026-09-28T08:05:01.979429Z[0m [32m INFO[0m [2mhotpatch_smoke[0m[2m:[0m hotpatch smoke heartbeat [3mframe[0m[2m=[0m9780 [3mlabel[0m[2m=[0m"AFTER"
361.31s ERROR [2m2026-09-28T08:05:02.248625Z[0m [32m INFO[0m [2mhotpatch_smoke[0m[2m:[0m hotpatch smoke heartbeat [3mframe[0m[2m=[0m9810 [3mlabel[0m[2m=[0m"AFTER"
361.58s ERROR [2m2026-09-28T08:05:02.518580Z[0m [32m INFO[0m [2mhotpatch_smoke[0m[2m:[0m hotpatch smoke heartbeat [3mframe[0m[2m=[0m9840 [3mlabel[0m[2m=[0m"AFTER"
361.85s ERROR [2m2026-09-28T08:05:02.788543Z[0m [32m INFO[0m [2mhotpatch_smoke[0m[2m:[0m hotpatch smoke heartbeat [3mframe[0m[2m=[0m9870 [3mlabel[0m[2m=[0m"AFTER"
362.11s ERROR [2m2026-09-28T08:05:03.048710Z[0m [32m INFO[0m [2mhotpatch_smoke[0m[2m:[0m hotpatch smoke heartbeat [3mframe[0m[2m=[0m9900 [3mlabel[0m[2m=[0m"AFTER"
362.37s ERROR [2m2026-09-28T08:05:03.306629Z[0m [32m INFO[0m [2mhotpatch_smoke[0m[2m:[0m hotpatch smoke heartbeat [3mframe[0m[2m=[0m9930 [3mlabel[0m[2m=[0m"AFTER"
362.63s ERROR [2m2026-09-28T08:05:03.564028Z[0m [32m INFO[0m [2mhotpatch_smoke[0m[2m:[0m hotpatch smoke heartbeat [3mframe[0m[2m=[0m9960 [3mlabel[0m[2m=[0m"AFTER"
362.89s ERROR [2m2026-09-28T08:05:03.824690Z[0m [32m INFO[0m [2mhotpatch_smoke[0m[2m:[0m hotpatch smoke heartbeat [3mframe[0m[2m=[0m9990 [3mlabel[0m[2m=[0m"AFTER"
363.15s ERROR [2m2026-09-28T08:05:04.087547Z[0m [32m INFO[0m [2mhotpatch_smoke[0m[2m:[0m hotpatch smoke heartbeat [3mframe[0m[2m=[0m10020 [3mlabel[0m[2m=[0m"AFTER"
363.41s ERROR [2m2026-09-28T08:05:04.347532Z[0m [32m INFO[0m [2mhotpatch_smoke[0m[2m:[0m hotpatch smoke heartbeat [3mframe[0m[2m=[0m10050 [3mlabel[0m[2m=[0m"AFTER"
363.67s ERROR [2m2026-09-28T08:05:04.604345Z[0m [32m INFO[0m [2mhotpatch_smoke[0m[2m:[0m hotpatch smoke heartbeat [3mframe[0m[2m=[0m10080 [3mlabel[0m[2m=[0m"AFTER"
363.93s ERROR [2m2026-09-28T08:05:04.864897Z[0m [32m INFO[0m [2mhotpatch_smoke[0m[2m:[0m hotpatch smoke heartbeat [3mframe[0m[2m=[0m10110 [3mlabel[0m[2m=[0m"AFTER"
364.19s ERROR [2m2026-09-28T08:05:05.126408Z[0m [32m INFO[0m [2mhotpatch_smoke[0m[2m:[0m hotpatch smoke heartbeat [3mframe[0m[2m=[0m10140 [3mlabel[0m[2m=[0m"AFTER"
364.45s ERROR [2m2026-09-28T08:05:05.386314Z[0m [32m INFO[0m [2mhotpatch_smoke[0m[2m:[0m hotpatch smoke heartbeat [3mframe[0m[2m=[0m10170 [3mlabel[0m[2m=[0m"AFTER"
364.71s ERROR [2m2026-09-28T08:05:05.644341Z[0m [32m INFO[0m [2mhotpatch_smoke[0m[2m:[0m hotpatch smoke heartbeat [3mframe[0m[2m=[0m10200 [3mlabel[0m[2m=[0m"AFTER"
364.97s ERROR [2m2026-09-28T08:05:05.905796Z[0m [32m INFO[0m [2mhotpatch_smoke[0m[2m:[0m hotpatch smoke heartbeat [3mframe[0m[2m=[0m10230 [3mlabel[0m[2m=[0m"AFTER"
365.23s ERROR [2m2026-09-28T08:05:06.165680Z[0m [32m INFO[0m [2mhotpatch_smoke[0m[2m:[0m hotpatch smoke heartbeat [3mframe[0m[2m=[0m10260 [3mlabel[0m[2m=[0m"AFTER"
365.49s ERROR [2m2026-09-28T08:05:06.423769Z[0m [32m INFO[0m [2mhotpatch_smoke[0m[2m:[0m hotpatch smoke heartbeat [3mframe[0m[2m=[0m10290 [3mlabel[0m[2m=[0m"AFTER"
365.75s ERROR [2m2026-09-28T08:05:06.686618Z[0m [32m INFO[0m [2mhotpatch_smoke[0m[2m:[0m hotpatch smoke heartbeat [3mframe[0m[2m=[0m10320 [3mlabel[0m[2m=[0m"AFTER"
366.01s ERROR [2m2026-09-28T08:05:06.948609Z[0m [32m INFO[0m [2mhotpatch_smoke[0m[2m:[0m hotpatch smoke heartbeat [3mframe[0m[2m=[0m10350 [3mlabel[0m[2m=[0m"AFTER"
366.28s ERROR [2m2026-09-28T08:05:07.209666Z[0m [32m INFO[0m [2mhotpatch_smoke[0m[2m:[0m hotpatch smoke heartbeat [3mframe[0m[2m=[0m10380 [3mlabel[0m[2m=[0m"AFTER"
366.55s ERROR [2m2026-09-28T08:05:07.479614Z[0m [32m INFO[0m [2mhotpatch_smoke[0m[2m:[0m hotpatch smoke heartbeat [3mframe[0m[2m=[0m10410 [3mlabel[0m[2m=[0m"AFTER"
366.82s ERROR [2m2026-09-28T08:05:07.749503Z[0m [32m INFO[0m [2mhotpatch_smoke[0m[2m:[0m hotpatch smoke heartbeat [3mframe[0m[2m=[0m10440 [3mlabel[0m[2m=[0m"AFTER"
367.08s ERROR [2m2026-09-28T08:05:08.015651Z[0m [32m INFO[0m [2mhotpatch_smoke[0m[2m:[0m hotpatch smoke heartbeat [3mframe[0m[2m=[0m10470 [3mlabel[0m[2m=[0m"AFTER"
367.34s ERROR [2m2026-09-28T08:05:08.278689Z[0m [32m INFO[0m [2mhotpatch_smoke[0m[2m:[0m hotpatch smoke heartbeat [3mframe[0m[2m=[0m10500 [3mlabel[0m[2m=[0m"AFTER"
367.60s ERROR [2m2026-09-28T08:05:08.537674Z[0m [32m INFO[0m [2mhotpatch_smoke[0m[2m:[0m hotpatch smoke heartbeat [3mframe[0m[2m=[0m10530 [3mlabel[0m[2m=[0m"AFTER"
367.87s ERROR [2m2026-09-28T08:05:08.801426Z[0m [32m INFO[0m [2mhotpatch_smoke[0m[2m:[0m hotpatch smoke heartbeat [3mframe[0m[2m=[0m10560 [3mlabel[0m[2m=[0m"AFTER"
368.14s ERROR [2m2026-09-28T08:05:09.071114Z[0m [32m INFO[0m [2mhotpatch_smoke[0m[2m:[0m hotpatch smoke heartbeat [3mframe[0m[2m=[0m10590 [3mlabel[0m[2m=[0m"AFTER"
368.40s ERROR [2m2026-09-28T08:05:09.336527Z[0m [32m INFO[0m [2mhotpatch_smoke[0m[2m:[0m hotpatch smoke heartbeat [3mframe[0m[2m=[0m10620 [3mlabel[0m[2m=[0m"AFTER"
368.66s ERROR [2m2026-09-28T08:05:09.596143Z[0m [32m INFO[0m [2mhotpatch_smoke[0m[2m:[0m hotpatch smoke heartbeat [3mframe[0m[2m=[0m10650 [3mlabel[0m[2m=[0m"AFTER"
368.92s ERROR [2m2026-09-28T08:05:09.855245Z[0m [32m INFO[0m [2mhotpatch_smoke[0m[2m:[0m hotpatch smoke heartbeat [3mframe[0m[2m=[0m10680 [3mlabel[0m[2m=[0m"AFTER"
369.19s ERROR [2m2026-09-28T08:05:10.124453Z[0m [32m INFO[0m [2mhotpatch_smoke[0m[2m:[0m hotpatch smoke heartbeat [3mframe[0m[2m=[0m10710 [3mlabel[0m[2m=[0m"AFTER"
369.46s ERROR [2m2026-09-28T08:05:10.394429Z[0m [32m INFO[0m [2mhotpatch_smoke[0m[2m:[0m hotpatch smoke heartbeat [3mframe[0m[2m=[0m10740 [3mlabel[0m[2m=[0m"AFTER"
369.73s ERROR [2m2026-09-28T08:05:10.664379Z[0m [32m INFO[0m [2mhotpatch_smoke[0m[2m:[0m hotpatch smoke heartbeat [3mframe[0m[2m=[0m10770 [3mlabel[0m[2m=[0m"AFTER"
370.00s ERROR [2m2026-09-28T08:05:10.934461Z[0m [32m INFO[0m [2mhotpatch_smoke[0m[2m:[0m hotpatch smoke heartbeat [3mframe[0m[2m=[0m10800 [3mlabel[0m[2m=[0m"AFTER"
370.26s ERROR [2m2026-09-28T08:05:11.197468Z[0m [32m INFO[0m [2mhotpatch_smoke[0m[2m:[0m hotpatch smoke heartbeat [3mframe[0m[2m=[0m10830 [3mlabel[0m[2m=[0m"AFTER"
370.53s ERROR [2m2026-09-28T08:05:11.462383Z[0m [32m INFO[0m [2mhotpatch_smoke[0m[2m:[0m hotpatch smoke heartbeat [3mframe[0m[2m=[0m10860 [3mlabel[0m[2m=[0m"AFTER"
370.79s ERROR [2m2026-09-28T08:05:11.719766Z[0m [32m INFO[0m [2mhotpatch_smoke[0m[2m:[0m hotpatch smoke heartbeat [3mframe[0m[2m=[0m10890 [3mlabel[0m[2m=[0m"AFTER"
371.04s ERROR [2m2026-09-28T08:05:11.977749Z[0m [32m INFO[0m [2mhotpatch_smoke[0m[2m:[0m hotpatch smoke heartbeat [3mframe[0m[2m=[0m10920 [3mlabel[0m[2m=[0m"AFTER"
371.30s ERROR [2m2026-09-28T08:05:12.238778Z[0m [32m INFO[0m [2mhotpatch_smoke[0m[2m:[0m hotpatch smoke heartbeat [3mframe[0m[2m=[0m10950 [3mlabel[0m[2m=[0m"AFTER"
371.56s ERROR [2m2026-09-28T08:05:12.498481Z[0m [32m INFO[0m [2mhotpatch_smoke[0m[2m:[0m hotpatch smoke heartbeat [3mframe[0m[2m=[0m10980 [3mlabel[0m[2m=[0m"AFTER"
371.83s ERROR [2m2026-09-28T08:05:12.765487Z[0m [32m INFO[0m [2mhotpatch_smoke[0m[2m:[0m hotpatch smoke heartbeat [3mframe[0m[2m=[0m11010 [3mlabel[0m[2m=[0m"AFTER"
372.10s ERROR [2m2026-09-28T08:05:13.035159Z[0m [32m INFO[0m [2mhotpatch_smoke[0m[2m:[0m hotpatch smoke heartbeat [3mframe[0m[2m=[0m11040 [3mlabel[0m[2m=[0m"AFTER"
372.37s ERROR [2m2026-09-28T08:05:13.302956Z[0m [32m INFO[0m [2mhotpatch_smoke[0m[2m:[0m hotpatch smoke heartbeat [3mframe[0m[2m=[0m11070 [3mlabel[0m[2m=[0m"AFTER"
372.63s ERROR [2m2026-09-28T08:05:13.566700Z[0m [32m INFO[0m [2mhotpatch_smoke[0m[2m:[0m hotpatch smoke heartbeat [3mframe[0m[2m=[0m11100 [3mlabel[0m[2m=[0m"AFTER"
372.89s ERROR [2m2026-09-28T08:05:13.828218Z[0m [32m INFO[0m [2mhotpatch_smoke[0m[2m:[0m hotpatch smoke heartbeat [3mframe[0m[2m=[0m11130 [3mlabel[0m[2m=[0m"AFTER"
373.16s ERROR [2m2026-09-28T08:05:14.089472Z[0m [32m INFO[0m [2mhotpatch_smoke[0m[2m:[0m hotpatch smoke heartbeat [3mframe[0m[2m=[0m11160 [3mlabel[0m[2m=[0m"AFTER"
373.42s ERROR [2m2026-09-28T08:05:14.355592Z[0m [32m INFO[0m [2mhotpatch_smoke[0m[2m:[0m hotpatch smoke heartbeat [3mframe[0m[2m=[0m11190 [3mlabel[0m[2m=[0m"AFTER"
373.68s ERROR [2m2026-09-28T08:05:14.616745Z[0m [32m INFO[0m [2mhotpatch_smoke[0m[2m:[0m hotpatch smoke heartbeat [3mframe[0m[2m=[0m11220 [3mlabel[0m[2m=[0m"AFTER"
373.94s ERROR [2m2026-09-28T08:05:14.875671Z[0m [32m INFO[0m [2mhotpatch_smoke[0m[2m:[0m hotpatch smoke heartbeat [3mframe[0m[2m=[0m11250 [3mlabel[0m[2m=[0m"AFTER"
374.20s ERROR [2m2026-09-28T08:05:15.138422Z[0m [32m INFO[0m [2mhotpatch_smoke[0m[2m:[0m hotpatch smoke heartbeat [3mframe[0m[2m=[0m11280 [3mlabel[0m[2m=[0m"AFTER"
374.46s ERROR [2m2026-09-28T08:05:15.398778Z[0m [32m INFO[0m [2mhotpatch_smoke[0m[2m:[0m hotpatch smoke heartbeat [3mframe[0m[2m=[0m11310 [3mlabel[0m[2m=[0m"AFTER"
374.73s ERROR [2m2026-09-28T08:05:15.660551Z[0m [32m INFO[0m [2mhotpatch_smoke[0m[2m:[0m hotpatch smoke heartbeat [3mframe[0m[2m=[0m11340 [3mlabel[0m[2m=[0m"AFTER"
374.99s ERROR [2m2026-09-28T08:05:15.928546Z[0m [32m INFO[0m [2mhotpatch_smoke[0m[2m:[0m hotpatch smoke heartbeat [3mframe[0m[2m=[0m11370 [3mlabel[0m[2m=[0m"AFTER"
375.26s ERROR [2m2026-09-28T08:05:16.191519Z[0m [32m INFO[0m [2mhotpatch_smoke[0m[2m:[0m hotpatch smoke heartbeat [3mframe[0m[2m=[0m11400 [3mlabel[0m[2m=[0m"AFTER"
375.52s ERROR [2m2026-09-28T08:05:16.453674Z[0m [32m INFO[0m [2mhotpatch_smoke[0m[2m:[0m hotpatch smoke heartbeat [3mframe[0m[2m=[0m11430 [3mlabel[0m[2m=[0m"AFTER"
375.77s ERROR [2m2026-09-28T08:05:16.708694Z[0m [32m INFO[0m [2mhotpatch_smoke[0m[2m:[0m hotpatch smoke heartbeat [3mframe[0m[2m=[0m11460 [3mlabel[0m[2m=[0m"AFTER"
376.04s ERROR [2m2026-09-28T08:05:16.969589Z[0m [32m INFO[0m [2mhotpatch_smoke[0m[2m:[0m hotpatch smoke heartbeat [3mframe[0m[2m=[0m11490 [3mlabel[0m[2m=[0m"AFTER"
376.30s ERROR [2m2026-09-28T08:05:17.231932Z[0m [32m INFO[0m [2mhotpatch_smoke[0m[2m:[0m hotpatch smoke heartbeat [3mframe[0m[2m=[0m11520 [3mlabel[0m[2m=[0m"AFTER"
376.56s ERROR [2m2026-09-28T08:05:17.496628Z[0m [32m INFO[0m [2mhotpatch_smoke[0m[2m:[0m hotpatch smoke heartbeat [3mframe[0m[2m=[0m11550 [3mlabel[0m[2m=[0m"AFTER"
376.82s ERROR [2m2026-09-28T08:05:17.754416Z[0m [32m INFO[0m [2mhotpatch_smoke[0m[2m:[0m hotpatch smoke heartbeat [3mframe[0m[2m=[0m11580 [3mlabel[0m[2m=[0m"AFTER"
377.08s ERROR [2m2026-09-28T08:05:18.015137Z[0m [32m INFO[0m [2mhotpatch_smoke[0m[2m:[0m hotpatch smoke heartbeat [3mframe[0m[2m=[0m11610 [3mlabel[0m[2m=[0m"AFTER"
377.35s ERROR [2m2026-09-28T08:05:18.281650Z[0m [32m INFO[0m [2mhotpatch_smoke[0m[2m:[0m hotpatch smoke heartbeat [3mframe[0m[2m=[0m11640 [3mlabel[0m[2m=[0m"AFTER"
377.61s ERROR [2m2026-09-28T08:05:18.542816Z[0m [32m INFO[0m [2mhotpatch_smoke[0m[2m:[0m hotpatch smoke heartbeat [3mframe[0m[2m=[0m11670 [3mlabel[0m[2m=[0m"AFTER"
377.87s ERROR [2m2026-09-28T08:05:18.807882Z[0m [32m INFO[0m [2mhotpatch_smoke[0m[2m:[0m hotpatch smoke heartbeat [3mframe[0m[2m=[0m11700 [3mlabel[0m[2m=[0m"AFTER"
378.14s ERROR [2m2026-09-28T08:05:19.069499Z[0m [32m INFO[0m [2mhotpatch_smoke[0m[2m:[0m hotpatch smoke heartbeat [3mframe[0m[2m=[0m11730 [3mlabel[0m[2m=[0m"AFTER"
378.40s ERROR [2m2026-09-28T08:05:19.336559Z[0m [32m INFO[0m [2mhotpatch_smoke[0m[2m:[0m hotpatch smoke heartbeat [3mframe[0m[2m=[0m11760 [3mlabel[0m[2m=[0m"AFTER"
378.67s ERROR [2m2026-09-28T08:05:19.605538Z[0m [32m INFO[0m [2mhotpatch_smoke[0m[2m:[0m hotpatch smoke heartbeat [3mframe[0m[2m=[0m11790 [3mlabel[0m[2m=[0m"AFTER"
378.93s ERROR [2m2026-09-28T08:05:19.864654Z[0m [32m INFO[0m [2mhotpatch_smoke[0m[2m:[0m hotpatch smoke heartbeat [3mframe[0m[2m=[0m11820 [3mlabel[0m[2m=[0m"AFTER"
379.19s ERROR [2m2026-09-28T08:05:20.123115Z[0m [32m INFO[0m [2mhotpatch_smoke[0m[2m:[0m hotpatch smoke heartbeat [3mframe[0m[2m=[0m11850 [3mlabel[0m[2m=[0m"AFTER"
379.45s ERROR [2m2026-09-28T08:05:20.383669Z[0m [32m INFO[0m [2mhotpatch_smoke[0m[2m:[0m hotpatch smoke heartbeat [3mframe[0m[2m=[0m11880 [3mlabel[0m[2m=[0m"AFTER"
379.71s ERROR [2m2026-09-28T08:05:20.643942Z[0m [32m INFO[0m [2mhotpatch_smoke[0m[2m:[0m hotpatch smoke heartbeat [3mframe[0m[2m=[0m11910 [3mlabel[0m[2m=[0m"AFTER"
379.97s ERROR [2m2026-09-28T08:05:20.902110Z[0m [32m INFO[0m [2mhotpatch_smoke[0m[2m:[0m hotpatch smoke heartbeat [3mframe[0m[2m=[0m11940 [3mlabel[0m[2m=[0m"AFTER"
380.24s ERROR [2m2026-09-28T08:05:21.170306Z[0m [32m INFO[0m [2mhotpatch_smoke[0m[2m:[0m hotpatch smoke heartbeat [3mframe[0m[2m=[0m11970 [3mlabel[0m[2m=[0m"AFTER"
380.49s ERROR [2m2026-09-28T08:05:21.428568Z[0m [32m INFO[0m [2mhotpatch_smoke[0m[2m:[0m hotpatch smoke heartbeat [3mframe[0m[2m=[0m12000 [3mlabel[0m[2m=[0m"AFTER"
380.75s ERROR [2m2026-09-28T08:05:21.682723Z[0m [32m INFO[0m [2mhotpatch_smoke[0m[2m:[0m hotpatch smoke heartbeat [3mframe[0m[2m=[0m12030 [3mlabel[0m[2m=[0m"AFTER"
381.01s ERROR [2m2026-09-28T08:05:21.940217Z[0m [32m INFO[0m [2mhotpatch_smoke[0m[2m:[0m hotpatch smoke heartbeat [3mframe[0m[2m=[0m12060 [3mlabel[0m[2m=[0m"AFTER"
381.27s ERROR [2m2026-09-28T08:05:22.200260Z[0m [32m INFO[0m [2mhotpatch_smoke[0m[2m:[0m hotpatch smoke heartbeat [3mframe[0m[2m=[0m12090 [3mlabel[0m[2m=[0m"AFTER"
381.53s ERROR [2m2026-09-28T08:05:22.466513Z[0m [32m INFO[0m [2mhotpatch_smoke[0m[2m:[0m hotpatch smoke heartbeat [3mframe[0m[2m=[0m12120 [3mlabel[0m[2m=[0m"AFTER"
381.79s ERROR [2m2026-09-28T08:05:22.728821Z[0m [32m INFO[0m [2mhotpatch_smoke[0m[2m:[0m hotpatch smoke heartbeat [3mframe[0m[2m=[0m12150 [3mlabel[0m[2m=[0m"AFTER"
382.06s ERROR [2m2026-09-28T08:05:22.991494Z[0m [32m INFO[0m [2mhotpatch_smoke[0m[2m:[0m hotpatch smoke heartbeat [3mframe[0m[2m=[0m12180 [3mlabel[0m[2m=[0m"AFTER"
382.32s ERROR [2m2026-09-28T08:05:23.258763Z[0m [32m INFO[0m [2mhotpatch_smoke[0m[2m:[0m hotpatch smoke heartbeat [3mframe[0m[2m=[0m12210 [3mlabel[0m[2m=[0m"AFTER"
382.59s ERROR [2m2026-09-28T08:05:23.519701Z[0m [32m INFO[0m [2mhotpatch_smoke[0m[2m:[0m hotpatch smoke heartbeat [3mframe[0m[2m=[0m12240 [3mlabel[0m[2m=[0m"AFTER"
382.85s ERROR [2m2026-09-28T08:05:23.779238Z[0m [32m INFO[0m [2mhotpatch_smoke[0m[2m:[0m hotpatch smoke heartbeat [3mframe[0m[2m=[0m12270 [3mlabel[0m[2m=[0m"AFTER"
383.11s ERROR [2m2026-09-28T08:05:24.041862Z[0m [32m INFO[0m [2mhotpatch_smoke[0m[2m:[0m hotpatch smoke heartbeat [3mframe[0m[2m=[0m12300 [3mlabel[0m[2m=[0m"AFTER"
383.37s ERROR [2m2026-09-28T08:05:24.304780Z[0m [32m INFO[0m [2mhotpatch_smoke[0m[2m:[0m hotpatch smoke heartbeat [3mframe[0m[2m=[0m12330 [3mlabel[0m[2m=[0m"AFTER"
383.63s ERROR [2m2026-09-28T08:05:24.561758Z[0m [32m INFO[0m [2mhotpatch_smoke[0m[2m:[0m hotpatch smoke heartbeat [3mframe[0m[2m=[0m12360 [3mlabel[0m[2m=[0m"AFTER"
383.89s ERROR [2m2026-09-28T08:05:24.821439Z[0m [32m INFO[0m [2mhotpatch_smoke[0m[2m:[0m hotpatch smoke heartbeat [3mframe[0m[2m=[0m12390 [3mlabel[0m[2m=[0m"AFTER"
384.15s ERROR [2m2026-09-28T08:05:25.081706Z[0m [32m INFO[0m [2mhotpatch_smoke[0m[2m:[0m hotpatch smoke heartbeat [3mframe[0m[2m=[0m12420 [3mlabel[0m[2m=[0m"AFTER"
384.40s ERROR [2m2026-09-28T08:05:25.338944Z[0m [32m INFO[0m [2mhotpatch_smoke[0m[2m:[0m hotpatch smoke heartbeat [3mframe[0m[2m=[0m12450 [3mlabel[0m[2m=[0m"AFTER"
384.66s ERROR [2m2026-09-28T08:05:25.598704Z[0m [32m INFO[0m [2mhotpatch_smoke[0m[2m:[0m hotpatch smoke heartbeat [3mframe[0m[2m=[0m12480 [3mlabel[0m[2m=[0m"AFTER"
384.92s ERROR [2m2026-09-28T08:05:25.853762Z[0m [32m INFO[0m [2mhotpatch_smoke[0m[2m:[0m hotpatch smoke heartbeat [3mframe[0m[2m=[0m12510 [3mlabel[0m[2m=[0m"AFTER"
385.18s ERROR [2m2026-09-28T08:05:26.115617Z[0m [32m INFO[0m [2mhotpatch_smoke[0m[2m:[0m hotpatch smoke heartbeat [3mframe[0m[2m=[0m12540 [3mlabel[0m[2m=[0m"AFTER"
385.44s ERROR [2m2026-09-28T08:05:26.373689Z[0m [32m INFO[0m [2mhotpatch_smoke[0m[2m:[0m hotpatch smoke heartbeat [3mframe[0m[2m=[0m12570 [3mlabel[0m[2m=[0m"AFTER"
385.70s ERROR [2m2026-09-28T08:05:26.636982Z[0m [32m INFO[0m [2mhotpatch_smoke[0m[2m:[0m hotpatch smoke heartbeat [3mframe[0m[2m=[0m12600 [3mlabel[0m[2m=[0m"AFTER"
385.97s ERROR [2m2026-09-28T08:05:26.901938Z[0m [32m INFO[0m [2mhotpatch_smoke[0m[2m:[0m hotpatch smoke heartbeat [3mframe[0m[2m=[0m12630 [3mlabel[0m[2m=[0m"AFTER"
386.23s ERROR [2m2026-09-28T08:05:27.165909Z[0m [32m INFO[0m [2mhotpatch_smoke[0m[2m:[0m hotpatch smoke heartbeat [3mframe[0m[2m=[0m12660 [3mlabel[0m[2m=[0m"AFTER"
386.49s ERROR [2m2026-09-28T08:05:27.423741Z[0m [32m INFO[0m [2mhotpatch_smoke[0m[2m:[0m hotpatch smoke heartbeat [3mframe[0m[2m=[0m12690 [3mlabel[0m[2m=[0m"AFTER"
386.75s ERROR [2m2026-09-28T08:05:27.684549Z[0m [32m INFO[0m [2mhotpatch_smoke[0m[2m:[0m hotpatch smoke heartbeat [3mframe[0m[2m=[0m12720 [3mlabel[0m[2m=[0m"AFTER"
387.01s ERROR [2m2026-09-28T08:05:27.942658Z[0m [32m INFO[0m [2mhotpatch_smoke[0m[2m:[0m hotpatch smoke heartbeat [3mframe[0m[2m=[0m12750 [3mlabel[0m[2m=[0m"AFTER"
387.28s ERROR [2m2026-09-28T08:05:28.210487Z[0m [32m INFO[0m [2mhotpatch_smoke[0m[2m:[0m hotpatch smoke heartbeat [3mframe[0m[2m=[0m12780 [3mlabel[0m[2m=[0m"AFTER"
387.54s ERROR [2m2026-09-28T08:05:28.472565Z[0m [32m INFO[0m [2mhotpatch_smoke[0m[2m:[0m hotpatch smoke heartbeat [3mframe[0m[2m=[0m12810 [3mlabel[0m[2m=[0m"AFTER"
387.80s ERROR [2m2026-09-28T08:05:28.732587Z[0m [32m INFO[0m [2mhotpatch_smoke[0m[2m:[0m hotpatch smoke heartbeat [3mframe[0m[2m=[0m12840 [3mlabel[0m[2m=[0m"AFTER"
388.06s ERROR [2m2026-09-28T08:05:28.993746Z[0m [32m INFO[0m [2mhotpatch_smoke[0m[2m:[0m hotpatch smoke heartbeat [3mframe[0m[2m=[0m12870 [3mlabel[0m[2m=[0m"AFTER"
388.32s ERROR [2m2026-09-28T08:05:29.257413Z[0m [32m INFO[0m [2mhotpatch_smoke[0m[2m:[0m hotpatch smoke heartbeat [3mframe[0m[2m=[0m12900 [3mlabel[0m[2m=[0m"AFTER"
388.59s ERROR [2m2026-09-28T08:05:29.527401Z[0m [32m INFO[0m [2mhotpatch_smoke[0m[2m:[0m hotpatch smoke heartbeat [3mframe[0m[2m=[0m12930 [3mlabel[0m[2m=[0m"AFTER"
388.85s ERROR [2m2026-09-28T08:05:29.788573Z[0m [32m INFO[0m [2mhotpatch_smoke[0m[2m:[0m hotpatch smoke heartbeat [3mframe[0m[2m=[0m12960 [3mlabel[0m[2m=[0m"AFTER"
389.12s ERROR [2m2026-09-28T08:05:30.056539Z[0m [32m INFO[0m [2mhotpatch_smoke[0m[2m:[0m hotpatch smoke heartbeat [3mframe[0m[2m=[0m12990 [3mlabel[0m[2m=[0m"AFTER"
389.39s ERROR [2m2026-09-28T08:05:30.326588Z[0m [32m INFO[0m [2mhotpatch_smoke[0m[2m:[0m hotpatch smoke heartbeat [3mframe[0m[2m=[0m13020 [3mlabel[0m[2m=[0m"AFTER"
389.66s ERROR [2m2026-09-28T08:05:30.592086Z[0m [32m INFO[0m [2mhotpatch_smoke[0m[2m:[0m hotpatch smoke heartbeat [3mframe[0m[2m=[0m13050 [3mlabel[0m[2m=[0m"AFTER"
389.93s ERROR [2m2026-09-28T08:05:30.861584Z[0m [32m INFO[0m [2mhotpatch_smoke[0m[2m:[0m hotpatch smoke heartbeat [3mframe[0m[2m=[0m13080 [3mlabel[0m[2m=[0m"AFTER"
390.20s ERROR [2m2026-09-28T08:05:31.129435Z[0m [32m INFO[0m [2mhotpatch_smoke[0m[2m:[0m hotpatch smoke heartbeat [3mframe[0m[2m=[0m13110 [3mlabel[0m[2m=[0m"AFTER"
390.45s ERROR [2m2026-09-28T08:05:31.386899Z[0m [32m INFO[0m [2mhotpatch_smoke[0m[2m:[0m hotpatch smoke heartbeat [3mframe[0m[2m=[0m13140 [3mlabel[0m[2m=[0m"AFTER"
390.71s ERROR [2m2026-09-28T08:05:31.647105Z[0m [32m INFO[0m [2mhotpatch_smoke[0m[2m:[0m hotpatch smoke heartbeat [3mframe[0m[2m=[0m13170 [3mlabel[0m[2m=[0m"AFTER"
390.97s ERROR [2m2026-09-28T08:05:31.906463Z[0m [32m INFO[0m [2mhotpatch_smoke[0m[2m:[0m hotpatch smoke heartbeat [3mframe[0m[2m=[0m13200 [3mlabel[0m[2m=[0m"AFTER"
391.24s ERROR [2m2026-09-28T08:05:32.173545Z[0m [32m INFO[0m [2mhotpatch_smoke[0m[2m:[0m hotpatch smoke heartbeat [3mframe[0m[2m=[0m13230 [3mlabel[0m[2m=[0m"AFTER"
391.50s ERROR [2m2026-09-28T08:05:32.438530Z[0m [32m INFO[0m [2mhotpatch_smoke[0m[2m:[0m hotpatch smoke heartbeat [3mframe[0m[2m=[0m13260 [3mlabel[0m[2m=[0m"AFTER"
391.77s ERROR [2m2026-09-28T08:05:32.708492Z[0m [32m INFO[0m [2mhotpatch_smoke[0m[2m:[0m hotpatch smoke heartbeat [3mframe[0m[2m=[0m13290 [3mlabel[0m[2m=[0m"AFTER"
392.04s ERROR [2m2026-09-28T08:05:32.978427Z[0m [32m INFO[0m [2mhotpatch_smoke[0m[2m:[0m hotpatch smoke heartbeat [3mframe[0m[2m=[0m13320 [3mlabel[0m[2m=[0m"AFTER"
392.31s ERROR [2m2026-09-28T08:05:33.248476Z[0m [32m INFO[0m [2mhotpatch_smoke[0m[2m:[0m hotpatch smoke heartbeat [3mframe[0m[2m=[0m13350 [3mlabel[0m[2m=[0m"AFTER"
392.58s ERROR [2m2026-09-28T08:05:33.514537Z[0m [32m INFO[0m [2mhotpatch_smoke[0m[2m:[0m hotpatch smoke heartbeat [3mframe[0m[2m=[0m13380 [3mlabel[0m[2m=[0m"AFTER"
392.84s ERROR [2m2026-09-28T08:05:33.774008Z[0m [32m INFO[0m [2mhotpatch_smoke[0m[2m:[0m hotpatch smoke heartbeat [3mframe[0m[2m=[0m13410 [3mlabel[0m[2m=[0m"AFTER"
393.10s ERROR [2m2026-09-28T08:05:34.033245Z[0m [32m INFO[0m [2mhotpatch_smoke[0m[2m:[0m hotpatch smoke heartbeat [3mframe[0m[2m=[0m13440 [3mlabel[0m[2m=[0m"AFTER"
393.36s ERROR [2m2026-09-28T08:05:34.294265Z[0m [32m INFO[0m [2mhotpatch_smoke[0m[2m:[0m hotpatch smoke heartbeat [3mframe[0m[2m=[0m13470 [3mlabel[0m[2m=[0m"AFTER"
393.62s ERROR [2m2026-09-28T08:05:34.554839Z[0m [32m INFO[0m [2mhotpatch_smoke[0m[2m:[0m hotpatch smoke heartbeat [3mframe[0m[2m=[0m13500 [3mlabel[0m[2m=[0m"AFTER"
393.88s ERROR [2m2026-09-28T08:05:34.814550Z[0m [32m INFO[0m [2mhotpatch_smoke[0m[2m:[0m hotpatch smoke heartbeat [3mframe[0m[2m=[0m13530 [3mlabel[0m[2m=[0m"AFTER"
394.14s ERROR [2m2026-09-28T08:05:35.075586Z[0m [32m INFO[0m [2mhotpatch_smoke[0m[2m:[0m hotpatch smoke heartbeat [3mframe[0m[2m=[0m13560 [3mlabel[0m[2m=[0m"AFTER"
394.41s ERROR [2m2026-09-28T08:05:35.341553Z[0m [32m INFO[0m [2mhotpatch_smoke[0m[2m:[0m hotpatch smoke heartbeat [3mframe[0m[2m=[0m13590 [3mlabel[0m[2m=[0m"AFTER"
394.67s ERROR [2m2026-09-28T08:05:35.604522Z[0m [32m INFO[0m [2mhotpatch_smoke[0m[2m:[0m hotpatch smoke heartbeat [3mframe[0m[2m=[0m13620 [3mlabel[0m[2m=[0m"AFTER"
394.93s ERROR [2m2026-09-28T08:05:35.863750Z[0m [32m INFO[0m [2mhotpatch_smoke[0m[2m:[0m hotpatch smoke heartbeat [3mframe[0m[2m=[0m13650 [3mlabel[0m[2m=[0m"AFTER"
395.20s ERROR [2m2026-09-28T08:05:36.131599Z[0m [32m INFO[0m [2mhotpatch_smoke[0m[2m:[0m hotpatch smoke heartbeat [3mframe[0m[2m=[0m13680 [3mlabel[0m[2m=[0m"AFTER"
395.46s ERROR [2m2026-09-28T08:05:36.396545Z[0m [32m INFO[0m [2mhotpatch_smoke[0m[2m:[0m hotpatch smoke heartbeat [3mframe[0m[2m=[0m13710 [3mlabel[0m[2m=[0m"AFTER"
395.72s ERROR [2m2026-09-28T08:05:36.657170Z[0m [32m INFO[0m [2mhotpatch_smoke[0m[2m:[0m hotpatch smoke heartbeat [3mframe[0m[2m=[0m13740 [3mlabel[0m[2m=[0m"AFTER"
395.99s ERROR [2m2026-09-28T08:05:36.923474Z[0m [32m INFO[0m [2mhotpatch_smoke[0m[2m:[0m hotpatch smoke heartbeat [3mframe[0m[2m=[0m13770 [3mlabel[0m[2m=[0m"AFTER"
396.25s ERROR [2m2026-09-28T08:05:37.188655Z[0m [32m INFO[0m [2mhotpatch_smoke[0m[2m:[0m hotpatch smoke heartbeat [3mframe[0m[2m=[0m13800 [3mlabel[0m[2m=[0m"AFTER"
396.52s ERROR [2m2026-09-28T08:05:37.454575Z[0m [32m INFO[0m [2mhotpatch_smoke[0m[2m:[0m hotpatch smoke heartbeat [3mframe[0m[2m=[0m13830 [3mlabel[0m[2m=[0m"AFTER"
396.78s ERROR [2m2026-09-28T08:05:37.715603Z[0m [32m INFO[0m [2mhotpatch_smoke[0m[2m:[0m hotpatch smoke heartbeat [3mframe[0m[2m=[0m13860 [3mlabel[0m[2m=[0m"AFTER"
397.05s ERROR [2m2026-09-28T08:05:37.984647Z[0m [32m INFO[0m [2mhotpatch_smoke[0m[2m:[0m hotpatch smoke heartbeat [3mframe[0m[2m=[0m13890 [3mlabel[0m[2m=[0m"AFTER"
397.32s ERROR [2m2026-09-28T08:05:38.251762Z[0m [32m INFO[0m [2mhotpatch_smoke[0m[2m:[0m hotpatch smoke heartbeat [3mframe[0m[2m=[0m13920 [3mlabel[0m[2m=[0m"AFTER"
397.58s ERROR [2m2026-09-28T08:05:38.518598Z[0m [32m INFO[0m [2mhotpatch_smoke[0m[2m:[0m hotpatch smoke heartbeat [3mframe[0m[2m=[0m13950 [3mlabel[0m[2m=[0m"AFTER"
397.85s ERROR [2m2026-09-28T08:05:38.788565Z[0m [32m INFO[0m [2mhotpatch_smoke[0m[2m:[0m hotpatch smoke heartbeat [3mframe[0m[2m=[0m13980 [3mlabel[0m[2m=[0m"AFTER"
398.12s ERROR [2m2026-09-28T08:05:39.049713Z[0m [32m INFO[0m [2mhotpatch_smoke[0m[2m:[0m hotpatch smoke heartbeat [3mframe[0m[2m=[0m14010 [3mlabel[0m[2m=[0m"AFTER"
398.39s ERROR [2m2026-09-28T08:05:39.319694Z[0m [32m INFO[0m [2mhotpatch_smoke[0m[2m:[0m hotpatch smoke heartbeat [3mframe[0m[2m=[0m14040 [3mlabel[0m[2m=[0m"AFTER"
398.65s ERROR [2m2026-09-28T08:05:39.588582Z[0m [32m INFO[0m [2mhotpatch_smoke[0m[2m:[0m hotpatch smoke heartbeat [3mframe[0m[2m=[0m14070 [3mlabel[0m[2m=[0m"AFTER"
398.92s ERROR [2m2026-09-28T08:05:39.849672Z[0m [32m INFO[0m [2mhotpatch_smoke[0m[2m:[0m hotpatch smoke heartbeat [3mframe[0m[2m=[0m14100 [3mlabel[0m[2m=[0m"AFTER"
399.18s ERROR [2m2026-09-28T08:05:40.116441Z[0m [32m INFO[0m [2mhotpatch_smoke[0m[2m:[0m hotpatch smoke heartbeat [3mframe[0m[2m=[0m14130 [3mlabel[0m[2m=[0m"AFTER"
399.45s ERROR [2m2026-09-28T08:05:40.385424Z[0m [32m INFO[0m [2mhotpatch_smoke[0m[2m:[0m hotpatch smoke heartbeat [3mframe[0m[2m=[0m14160 [3mlabel[0m[2m=[0m"AFTER"
399.72s ERROR [2m2026-09-28T08:05:40.654464Z[0m [32m INFO[0m [2mhotpatch_smoke[0m[2m:[0m hotpatch smoke heartbeat [3mframe[0m[2m=[0m14190 [3mlabel[0m[2m=[0m"AFTER"
399.98s ERROR [2m2026-09-28T08:05:40.916494Z[0m [32m INFO[0m [2mhotpatch_smoke[0m[2m:[0m hotpatch smoke heartbeat [3mframe[0m[2m=[0m14220 [3mlabel[0m[2m=[0m"AFTER"
400.25s ERROR [2m2026-09-28T08:05:41.183821Z[0m [32m INFO[0m [2mhotpatch_smoke[0m[2m:[0m hotpatch smoke heartbeat [3mframe[0m[2m=[0m14250 [3mlabel[0m[2m=[0m"AFTER"
400.51s ERROR [2m2026-09-28T08:05:41.445410Z[0m [32m INFO[0m [2mhotpatch_smoke[0m[2m:[0m hotpatch smoke heartbeat [3mframe[0m[2m=[0m14280 [3mlabel[0m[2m=[0m"AFTER"
400.78s ERROR [2m2026-09-28T08:05:41.713428Z[0m [32m INFO[0m [2mhotpatch_smoke[0m[2m:[0m hotpatch smoke heartbeat [3mframe[0m[2m=[0m14310 [3mlabel[0m[2m=[0m"AFTER"
401.05s ERROR [2m2026-09-28T08:05:41.982496Z[0m [32m INFO[0m [2mhotpatch_smoke[0m[2m:[0m hotpatch smoke heartbeat [3mframe[0m[2m=[0m14340 [3mlabel[0m[2m=[0m"AFTER"
401.32s ERROR [2m2026-09-28T08:05:42.249730Z[0m [32m INFO[0m [2mhotpatch_smoke[0m[2m:[0m hotpatch smoke heartbeat [3mframe[0m[2m=[0m14370 [3mlabel[0m[2m=[0m"AFTER"
401.57s ERROR [2m2026-09-28T08:05:42.507505Z[0m [32m INFO[0m [2mhotpatch_smoke[0m[2m:[0m hotpatch smoke heartbeat [3mframe[0m[2m=[0m14400 [3mlabel[0m[2m=[0m"AFTER"
401.84s ERROR [2m2026-09-28T08:05:42.775492Z[0m [32m INFO[0m [2mhotpatch_smoke[0m[2m:[0m hotpatch smoke heartbeat [3mframe[0m[2m=[0m14430 [3mlabel[0m[2m=[0m"AFTER"
402.11s ERROR [2m2026-09-28T08:05:43.042574Z[0m [32m INFO[0m [2mhotpatch_smoke[0m[2m:[0m hotpatch smoke heartbeat [3mframe[0m[2m=[0m14460 [3mlabel[0m[2m=[0m"AFTER"
402.38s ERROR [2m2026-09-28T08:05:43.309550Z[0m [32m INFO[0m [2mhotpatch_smoke[0m[2m:[0m hotpatch smoke heartbeat [3mframe[0m[2m=[0m14490 [3mlabel[0m[2m=[0m"AFTER"
402.64s ERROR [2m2026-09-28T08:05:43.577649Z[0m [32m INFO[0m [2mhotpatch_smoke[0m[2m:[0m hotpatch smoke heartbeat [3mframe[0m[2m=[0m14520 [3mlabel[0m[2m=[0m"AFTER"
402.91s ERROR [2m2026-09-28T08:05:43.839579Z[0m [32m INFO[0m [2mhotpatch_smoke[0m[2m:[0m hotpatch smoke heartbeat [3mframe[0m[2m=[0m14550 [3mlabel[0m[2m=[0m"AFTER"
403.16s ERROR [2m2026-09-28T08:05:44.096380Z[0m [32m INFO[0m [2mhotpatch_smoke[0m[2m:[0m hotpatch smoke heartbeat [3mframe[0m[2m=[0m14580 [3mlabel[0m[2m=[0m"AFTER"
403.42s ERROR [2m2026-09-28T08:05:44.354184Z[0m [32m INFO[0m [2mhotpatch_smoke[0m[2m:[0m hotpatch smoke heartbeat [3mframe[0m[2m=[0m14610 [3mlabel[0m[2m=[0m"AFTER"
403.68s ERROR [2m2026-09-28T08:05:44.610733Z[0m [32m INFO[0m [2mhotpatch_smoke[0m[2m:[0m hotpatch smoke heartbeat [3mframe[0m[2m=[0m14640 [3mlabel[0m[2m=[0m"AFTER"
403.93s ERROR [2m2026-09-28T08:05:44.865580Z[0m [32m INFO[0m [2mhotpatch_smoke[0m[2m:[0m hotpatch smoke heartbeat [3mframe[0m[2m=[0m14670 [3mlabel[0m[2m=[0m"AFTER"
404.19s ERROR [2m2026-09-28T08:05:45.124542Z[0m [32m INFO[0m [2mhotpatch_smoke[0m[2m:[0m hotpatch smoke heartbeat [3mframe[0m[2m=[0m14700 [3mlabel[0m[2m=[0m"AFTER"
404.46s ERROR [2m2026-09-28T08:05:45.389818Z[0m [32m INFO[0m [2mhotpatch_smoke[0m[2m:[0m hotpatch smoke heartbeat [3mframe[0m[2m=[0m14730 [3mlabel[0m[2m=[0m"AFTER"
404.71s ERROR [2m2026-09-28T08:05:45.646680Z[0m [32m INFO[0m [2mhotpatch_smoke[0m[2m:[0m hotpatch smoke heartbeat [3mframe[0m[2m=[0m14760 [3mlabel[0m[2m=[0m"AFTER"
404.97s ERROR [2m2026-09-28T08:05:45.903892Z[0m [32m INFO[0m [2mhotpatch_smoke[0m[2m:[0m hotpatch smoke heartbeat [3mframe[0m[2m=[0m14790 [3mlabel[0m[2m=[0m"AFTER"
405.23s ERROR [2m2026-09-28T08:05:46.162991Z[0m [32m INFO[0m [2mhotpatch_smoke[0m[2m:[0m hotpatch smoke heartbeat [3mframe[0m[2m=[0m14820 [3mlabel[0m[2m=[0m"AFTER"
405.49s ERROR [2m2026-09-28T08:05:46.421814Z[0m [32m INFO[0m [2mhotpatch_smoke[0m[2m:[0m hotpatch smoke heartbeat [3mframe[0m[2m=[0m14850 [3mlabel[0m[2m=[0m"AFTER"
405.75s ERROR [2m2026-09-28T08:05:46.685165Z[0m [32m INFO[0m [2mhotpatch_smoke[0m[2m:[0m hotpatch smoke heartbeat [3mframe[0m[2m=[0m14880 [3mlabel[0m[2m=[0m"AFTER"
406.01s ERROR [2m2026-09-28T08:05:46.948319Z[0m [32m INFO[0m [2mhotpatch_smoke[0m[2m:[0m hotpatch smoke heartbeat [3mframe[0m[2m=[0m14910 [3mlabel[0m[2m=[0m"AFTER"
406.27s ERROR [2m2026-09-28T08:05:47.205671Z[0m [32m INFO[0m [2mhotpatch_smoke[0m[2m:[0m hotpatch smoke heartbeat [3mframe[0m[2m=[0m14940 [3mlabel[0m[2m=[0m"AFTER"
406.53s ERROR [2m2026-09-28T08:05:47.463422Z[0m [32m INFO[0m [2mhotpatch_smoke[0m[2m:[0m hotpatch smoke heartbeat [3mframe[0m[2m=[0m14970 [3mlabel[0m[2m=[0m"AFTER"
406.79s ERROR [2m2026-09-28T08:05:47.721233Z[0m [32m INFO[0m [2mhotpatch_smoke[0m[2m:[0m hotpatch smoke heartbeat [3mframe[0m[2m=[0m15000 [3mlabel[0m[2m=[0m"AFTER"
407.04s ERROR [2m2026-09-28T08:05:47.976964Z[0m [32m INFO[0m [2mhotpatch_smoke[0m[2m:[0m hotpatch smoke heartbeat [3mframe[0m[2m=[0m15030 [3mlabel[0m[2m=[0m"AFTER"
407.30s ERROR [2m2026-09-28T08:05:48.238378Z[0m [32m INFO[0m [2mhotpatch_smoke[0m[2m:[0m hotpatch smoke heartbeat [3mframe[0m[2m=[0m15060 [3mlabel[0m[2m=[0m"AFTER"
407.56s ERROR [2m2026-09-28T08:05:48.496959Z[0m [32m INFO[0m [2mhotpatch_smoke[0m[2m:[0m hotpatch smoke heartbeat [3mframe[0m[2m=[0m15090 [3mlabel[0m[2m=[0m"AFTER"
407.83s ERROR [2m2026-09-28T08:05:48.761180Z[0m [32m INFO[0m [2mhotpatch_smoke[0m[2m:[0m hotpatch smoke heartbeat [3mframe[0m[2m=[0m15120 [3mlabel[0m[2m=[0m"AFTER"
408.09s ERROR [2m2026-09-28T08:05:49.019625Z[0m [32m INFO[0m [2mhotpatch_smoke[0m[2m:[0m hotpatch smoke heartbeat [3mframe[0m[2m=[0m15150 [3mlabel[0m[2m=[0m"AFTER"
408.34s ERROR [2m2026-09-28T08:05:49.278599Z[0m [32m INFO[0m [2mhotpatch_smoke[0m[2m:[0m hotpatch smoke heartbeat [3mframe[0m[2m=[0m15180 [3mlabel[0m[2m=[0m"AFTER"
408.60s ERROR [2m2026-09-28T08:05:49.537784Z[0m [32m INFO[0m [2mhotpatch_smoke[0m[2m:[0m hotpatch smoke heartbeat [3mframe[0m[2m=[0m15210 [3mlabel[0m[2m=[0m"AFTER"
408.86s ERROR [2m2026-09-28T08:05:49.792633Z[0m [32m INFO[0m [2mhotpatch_smoke[0m[2m:[0m hotpatch smoke heartbeat [3mframe[0m[2m=[0m15240 [3mlabel[0m[2m=[0m"AFTER"
409.12s ERROR [2m2026-09-28T08:05:50.052703Z[0m [32m INFO[0m [2mhotpatch_smoke[0m[2m:[0m hotpatch smoke heartbeat [3mframe[0m[2m=[0m15270 [3mlabel[0m[2m=[0m"AFTER"
409.38s ERROR [2m2026-09-28T08:05:50.313693Z[0m [32m INFO[0m [2mhotpatch_smoke[0m[2m:[0m hotpatch smoke heartbeat [3mframe[0m[2m=[0m15300 [3mlabel[0m[2m=[0m"AFTER"
409.64s ERROR [2m2026-09-28T08:05:50.571686Z[0m [32m INFO[0m [2mhotpatch_smoke[0m[2m:[0m hotpatch smoke heartbeat [3mframe[0m[2m=[0m15330 [3mlabel[0m[2m=[0m"AFTER"
409.89s ERROR [2m2026-09-28T08:05:50.828686Z[0m [32m INFO[0m [2mhotpatch_smoke[0m[2m:[0m hotpatch smoke heartbeat [3mframe[0m[2m=[0m15360 [3mlabel[0m[2m=[0m"AFTER"
410.15s ERROR [2m2026-09-28T08:05:51.088580Z[0m [32m INFO[0m [2mhotpatch_smoke[0m[2m:[0m hotpatch smoke heartbeat [3mframe[0m[2m=[0m15390 [3mlabel[0m[2m=[0m"AFTER"
410.42s ERROR [2m2026-09-28T08:05:51.357576Z[0m [32m INFO[0m [2mhotpatch_smoke[0m[2m:[0m hotpatch smoke heartbeat [3mframe[0m[2m=[0m15420 [3mlabel[0m[2m=[0m"AFTER"
410.69s ERROR [2m2026-09-28T08:05:51.625362Z[0m [32m INFO[0m [2mhotpatch_smoke[0m[2m:[0m hotpatch smoke heartbeat [3mframe[0m[2m=[0m15450 [3mlabel[0m[2m=[0m"AFTER"
410.96s ERROR [2m2026-09-28T08:05:51.892400Z[0m [32m INFO[0m [2mhotpatch_smoke[0m[2m:[0m hotpatch smoke heartbeat [3mframe[0m[2m=[0m15480 [3mlabel[0m[2m=[0m"AFTER"
411.22s ERROR [2m2026-09-28T08:05:52.150818Z[0m [32m INFO[0m [2mhotpatch_smoke[0m[2m:[0m hotpatch smoke heartbeat [3mframe[0m[2m=[0m15510 [3mlabel[0m[2m=[0m"AFTER"
411.48s ERROR [2m2026-09-28T08:05:52.410537Z[0m [32m INFO[0m [2mhotpatch_smoke[0m[2m:[0m hotpatch smoke heartbeat [3mframe[0m[2m=[0m15540 [3mlabel[0m[2m=[0m"AFTER"
411.74s ERROR [2m2026-09-28T08:05:52.669310Z[0m [32m INFO[0m [2mhotpatch_smoke[0m[2m:[0m hotpatch smoke heartbeat [3mframe[0m[2m=[0m15570 [3mlabel[0m[2m=[0m"AFTER"
411.99s ERROR [2m2026-09-28T08:05:52.927689Z[0m [32m INFO[0m [2mhotpatch_smoke[0m[2m:[0m hotpatch smoke heartbeat [3mframe[0m[2m=[0m15600 [3mlabel[0m[2m=[0m"AFTER"
412.25s ERROR [2m2026-09-28T08:05:53.188910Z[0m [32m INFO[0m [2mhotpatch_smoke[0m[2m:[0m hotpatch smoke heartbeat [3mframe[0m[2m=[0m15630 [3mlabel[0m[2m=[0m"AFTER"
412.52s ERROR [2m2026-09-28T08:05:53.452595Z[0m [32m INFO[0m [2mhotpatch_smoke[0m[2m:[0m hotpatch smoke heartbeat [3mframe[0m[2m=[0m15660 [3mlabel[0m[2m=[0m"AFTER"
412.78s ERROR [2m2026-09-28T08:05:53.713834Z[0m [32m INFO[0m [2mhotpatch_smoke[0m[2m:[0m hotpatch smoke heartbeat [3mframe[0m[2m=[0m15690 [3mlabel[0m[2m=[0m"AFTER"
413.04s ERROR [2m2026-09-28T08:05:53.977712Z[0m [32m INFO[0m [2mhotpatch_smoke[0m[2m:[0m hotpatch smoke heartbeat [3mframe[0m[2m=[0m15720 [3mlabel[0m[2m=[0m"AFTER"
413.31s ERROR [2m2026-09-28T08:05:54.242508Z[0m [32m INFO[0m [2mhotpatch_smoke[0m[2m:[0m hotpatch smoke heartbeat [3mframe[0m[2m=[0m15750 [3mlabel[0m[2m=[0m"AFTER"
413.57s ERROR [2m2026-09-28T08:05:54.505569Z[0m [32m INFO[0m [2mhotpatch_smoke[0m[2m:[0m hotpatch smoke heartbeat [3mframe[0m[2m=[0m15780 [3mlabel[0m[2m=[0m"AFTER"
413.83s ERROR [2m2026-09-28T08:05:54.765672Z[0m [32m INFO[0m [2mhotpatch_smoke[0m[2m:[0m hotpatch smoke heartbeat [3mframe[0m[2m=[0m15810 [3mlabel[0m[2m=[0m"AFTER"
414.09s ERROR [2m2026-09-28T08:05:55.024298Z[0m [32m INFO[0m [2mhotpatch_smoke[0m[2m:[0m hotpatch smoke heartbeat [3mframe[0m[2m=[0m15840 [3mlabel[0m[2m=[0m"AFTER"
414.35s ERROR [2m2026-09-28T08:05:55.280688Z[0m [32m INFO[0m [2mhotpatch_smoke[0m[2m:[0m hotpatch smoke heartbeat [3mframe[0m[2m=[0m15870 [3mlabel[0m[2m=[0m"AFTER"
414.61s ERROR [2m2026-09-28T08:05:55.539804Z[0m [32m INFO[0m [2mhotpatch_smoke[0m[2m:[0m hotpatch smoke heartbeat [3mframe[0m[2m=[0m15900 [3mlabel[0m[2m=[0m"AFTER"
414.86s ERROR [2m2026-09-28T08:05:55.796668Z[0m [32m INFO[0m [2mhotpatch_smoke[0m[2m:[0m hotpatch smoke heartbeat [3mframe[0m[2m=[0m15930 [3mlabel[0m[2m=[0m"AFTER"
415.12s ERROR [2m2026-09-28T08:05:56.057759Z[0m [32m INFO[0m [2mhotpatch_smoke[0m[2m:[0m hotpatch smoke heartbeat [3mframe[0m[2m=[0m15960 [3mlabel[0m[2m=[0m"AFTER"
415.38s ERROR [2m2026-09-28T08:05:56.314132Z[0m [32m INFO[0m [2mhotpatch_smoke[0m[2m:[0m hotpatch smoke heartbeat [3mframe[0m[2m=[0m15990 [3mlabel[0m[2m=[0m"AFTER"
415.64s ERROR [2m2026-09-28T08:05:56.573972Z[0m [32m INFO[0m [2mhotpatch_smoke[0m[2m:[0m hotpatch smoke heartbeat [3mframe[0m[2m=[0m16020 [3mlabel[0m[2m=[0m"AFTER"
415.90s ERROR [2m2026-09-28T08:05:56.834163Z[0m [32m INFO[0m [2mhotpatch_smoke[0m[2m:[0m hotpatch smoke heartbeat [3mframe[0m[2m=[0m16050 [3mlabel[0m[2m=[0m"AFTER"
416.16s ERROR [2m2026-09-28T08:05:57.091867Z[0m [32m INFO[0m [2mhotpatch_smoke[0m[2m:[0m hotpatch smoke heartbeat [3mframe[0m[2m=[0m16080 [3mlabel[0m[2m=[0m"AFTER"
416.42s ERROR [2m2026-09-28T08:05:57.357628Z[0m [32m INFO[0m [2mhotpatch_smoke[0m[2m:[0m hotpatch smoke heartbeat [3mframe[0m[2m=[0m16110 [3mlabel[0m[2m=[0m"AFTER"
416.69s ERROR [2m2026-09-28T08:05:57.621661Z[0m [32m INFO[0m [2mhotpatch_smoke[0m[2m:[0m hotpatch smoke heartbeat [3mframe[0m[2m=[0m16140 [3mlabel[0m[2m=[0m"AFTER"
416.95s ERROR [2m2026-09-28T08:05:57.881782Z[0m [32m INFO[0m [2mhotpatch_smoke[0m[2m:[0m hotpatch smoke heartbeat [3mframe[0m[2m=[0m16170 [3mlabel[0m[2m=[0m"AFTER"
417.21s ERROR [2m2026-09-28T08:05:58.139323Z[0m [32m INFO[0m [2mhotpatch_smoke[0m[2m:[0m hotpatch smoke heartbeat [3mframe[0m[2m=[0m16200 [3mlabel[0m[2m=[0m"AFTER"
417.47s ERROR [2m2026-09-28T08:05:58.399628Z[0m [32m INFO[0m [2mhotpatch_smoke[0m[2m:[0m hotpatch smoke heartbeat [3mframe[0m[2m=[0m16230 [3mlabel[0m[2m=[0m"AFTER"
417.72s ERROR [2m2026-09-28T08:05:58.657272Z[0m [32m INFO[0m [2mhotpatch_smoke[0m[2m:[0m hotpatch smoke heartbeat [3mframe[0m[2m=[0m16260 [3mlabel[0m[2m=[0m"AFTER"
417.99s ERROR [2m2026-09-28T08:05:58.922023Z[0m [32m INFO[0m [2mhotpatch_smoke[0m[2m:[0m hotpatch smoke heartbeat [3mframe[0m[2m=[0m16290 [3mlabel[0m[2m=[0m"AFTER"
418.24s ERROR [2m2026-09-28T08:05:59.178657Z[0m [32m INFO[0m [2mhotpatch_smoke[0m[2m:[0m hotpatch smoke heartbeat [3mframe[0m[2m=[0m16320 [3mlabel[0m[2m=[0m"AFTER"
418.50s ERROR [2m2026-09-28T08:05:59.438864Z[0m [32m INFO[0m [2mhotpatch_smoke[0m[2m:[0m hotpatch smoke heartbeat [3mframe[0m[2m=[0m16350 [3mlabel[0m[2m=[0m"AFTER"
418.77s ERROR [2m2026-09-28T08:05:59.699043Z[0m [32m INFO[0m [2mhotpatch_smoke[0m[2m:[0m hotpatch smoke heartbeat [3mframe[0m[2m=[0m16380 [3mlabel[0m[2m=[0m"AFTER"
419.02s ERROR [2m2026-09-28T08:05:59.956981Z[0m [32m INFO[0m [2mhotpatch_smoke[0m[2m:[0m hotpatch smoke heartbeat [3mframe[0m[2m=[0m16410 [3mlabel[0m[2m=[0m"AFTER"
419.28s ERROR [2m2026-09-28T08:06:00.214521Z[0m [32m INFO[0m [2mhotpatch_smoke[0m[2m:[0m hotpatch smoke heartbeat [3mframe[0m[2m=[0m16440 [3mlabel[0m[2m=[0m"AFTER"
419.55s ERROR [2m2026-09-28T08:06:00.480217Z[0m [32m INFO[0m [2mhotpatch_smoke[0m[2m:[0m hotpatch smoke heartbeat [3mframe[0m[2m=[0m16470 [3mlabel[0m[2m=[0m"AFTER"
419.81s ERROR [2m2026-09-28T08:06:00.739580Z[0m [32m INFO[0m [2mhotpatch_smoke[0m[2m:[0m hotpatch smoke heartbeat [3mframe[0m[2m=[0m16500 [3mlabel[0m[2m=[0m"AFTER"
420.07s ERROR [2m2026-09-28T08:06:01.002445Z[0m [32m INFO[0m [2mhotpatch_smoke[0m[2m:[0m hotpatch smoke heartbeat [3mframe[0m[2m=[0m16530 [3mlabel[0m[2m=[0m"AFTER"
420.33s ERROR [2m2026-09-28T08:06:01.264488Z[0m [32m INFO[0m [2mhotpatch_smoke[0m[2m:[0m hotpatch smoke heartbeat [3mframe[0m[2m=[0m16560 [3mlabel[0m[2m=[0m"AFTER"
420.59s ERROR [2m2026-09-28T08:06:01.527765Z[0m [32m INFO[0m [2mhotpatch_smoke[0m[2m:[0m hotpatch smoke heartbeat [3mframe[0m[2m=[0m16590 [3mlabel[0m[2m=[0m"AFTER"
420.85s ERROR [2m2026-09-28T08:06:01.788544Z[0m [32m INFO[0m [2mhotpatch_smoke[0m[2m:[0m hotpatch smoke heartbeat [3mframe[0m[2m=[0m16620 [3mlabel[0m[2m=[0m"AFTER"
421.11s ERROR [2m2026-09-28T08:06:02.046762Z[0m [32m INFO[0m [2mhotpatch_smoke[0m[2m:[0m hotpatch smoke heartbeat [3mframe[0m[2m=[0m16650 [3mlabel[0m[2m=[0m"AFTER"
421.38s ERROR [2m2026-09-28T08:06:02.311572Z[0m [32m INFO[0m [2mhotpatch_smoke[0m[2m:[0m hotpatch smoke heartbeat [3mframe[0m[2m=[0m16680 [3mlabel[0m[2m=[0m"AFTER"
421.64s ERROR [2m2026-09-28T08:06:02.573549Z[0m [32m INFO[0m [2mhotpatch_smoke[0m[2m:[0m hotpatch smoke heartbeat [3mframe[0m[2m=[0m16710 [3mlabel[0m[2m=[0m"AFTER"
421.91s ERROR [2m2026-09-28T08:06:02.842610Z[0m [32m INFO[0m [2mhotpatch_smoke[0m[2m:[0m hotpatch smoke heartbeat [3mframe[0m[2m=[0m16740 [3mlabel[0m[2m=[0m"AFTER"
422.18s ERROR [2m2026-09-28T08:06:03.112492Z[0m [32m INFO[0m [2mhotpatch_smoke[0m[2m:[0m hotpatch smoke heartbeat [3mframe[0m[2m=[0m16770 [3mlabel[0m[2m=[0m"AFTER"
422.45s ERROR [2m2026-09-28T08:06:03.382411Z[0m [32m INFO[0m [2mhotpatch_smoke[0m[2m:[0m hotpatch smoke heartbeat [3mframe[0m[2m=[0m16800 [3mlabel[0m[2m=[0m"AFTER"
422.72s ERROR [2m2026-09-28T08:06:03.652505Z[0m [32m INFO[0m [2mhotpatch_smoke[0m[2m:[0m hotpatch smoke heartbeat [3mframe[0m[2m=[0m16830 [3mlabel[0m[2m=[0m"AFTER"
422.99s ERROR [2m2026-09-28T08:06:03.922535Z[0m [32m INFO[0m [2mhotpatch_smoke[0m[2m:[0m hotpatch smoke heartbeat [3mframe[0m[2m=[0m16860 [3mlabel[0m[2m=[0m"AFTER"
423.26s ERROR [2m2026-09-28T08:06:04.192468Z[0m [32m INFO[0m [2mhotpatch_smoke[0m[2m:[0m hotpatch smoke heartbeat [3mframe[0m[2m=[0m16890 [3mlabel[0m[2m=[0m"AFTER"
423.53s ERROR [2m2026-09-28T08:06:04.462398Z[0m [32m INFO[0m [2mhotpatch_smoke[0m[2m:[0m hotpatch smoke heartbeat [3mframe[0m[2m=[0m16920 [3mlabel[0m[2m=[0m"AFTER"
423.80s ERROR [2m2026-09-28T08:06:04.732551Z[0m [32m INFO[0m [2mhotpatch_smoke[0m[2m:[0m hotpatch smoke heartbeat [3mframe[0m[2m=[0m16950 [3mlabel[0m[2m=[0m"AFTER"
424.07s ERROR [2m2026-09-28T08:06:05.002546Z[0m [32m INFO[0m [2mhotpatch_smoke[0m[2m:[0m hotpatch smoke heartbeat [3mframe[0m[2m=[0m16980 [3mlabel[0m[2m=[0m"AFTER"
424.34s ERROR [2m2026-09-28T08:06:05.272774Z[0m [32m INFO[0m [2mhotpatch_smoke[0m[2m:[0m hotpatch smoke heartbeat [3mframe[0m[2m=[0m17010 [3mlabel[0m[2m=[0m"AFTER"
424.61s ERROR [2m2026-09-28T08:06:05.542528Z[0m [32m INFO[0m [2mhotpatch_smoke[0m[2m:[0m hotpatch smoke heartbeat [3mframe[0m[2m=[0m17040 [3mlabel[0m[2m=[0m"AFTER"
424.88s ERROR [2m2026-09-28T08:06:05.812496Z[0m [32m INFO[0m [2mhotpatch_smoke[0m[2m:[0m hotpatch smoke heartbeat [3mframe[0m[2m=[0m17070 [3mlabel[0m[2m=[0m"AFTER"
425.15s ERROR [2m2026-09-28T08:06:06.082539Z[0m [32m INFO[0m [2mhotpatch_smoke[0m[2m:[0m hotpatch smoke heartbeat [3mframe[0m[2m=[0m17100 [3mlabel[0m[2m=[0m"AFTER"
425.42s ERROR [2m2026-09-28T08:06:06.352469Z[0m [32m INFO[0m [2mhotpatch_smoke[0m[2m:[0m hotpatch smoke heartbeat [3mframe[0m[2m=[0m17130 [3mlabel[0m[2m=[0m"AFTER"
425.69s ERROR [2m2026-09-28T08:06:06.622728Z[0m [32m INFO[0m [2mhotpatch_smoke[0m[2m:[0m hotpatch smoke heartbeat [3mframe[0m[2m=[0m17160 [3mlabel[0m[2m=[0m"AFTER"
425.96s ERROR [2m2026-09-28T08:06:06.892586Z[0m [32m INFO[0m [2mhotpatch_smoke[0m[2m:[0m hotpatch smoke heartbeat [3mframe[0m[2m=[0m17190 [3mlabel[0m[2m=[0m"AFTER"
426.23s ERROR [2m2026-09-28T08:06:07.162488Z[0m [32m INFO[0m [2mhotpatch_smoke[0m[2m:[0m hotpatch smoke heartbeat [3mframe[0m[2m=[0m17220 [3mlabel[0m[2m=[0m"AFTER"
426.50s ERROR [2m2026-09-28T08:06:07.432437Z[0m [32m INFO[0m [2mhotpatch_smoke[0m[2m:[0m hotpatch smoke heartbeat [3mframe[0m[2m=[0m17250 [3mlabel[0m[2m=[0m"AFTER"
426.77s ERROR [2m2026-09-28T08:06:07.702455Z[0m [32m INFO[0m [2mhotpatch_smoke[0m[2m:[0m hotpatch smoke heartbeat [3mframe[0m[2m=[0m17280 [3mlabel[0m[2m=[0m"AFTER"
427.04s ERROR [2m2026-09-28T08:06:07.971523Z[0m [32m INFO[0m [2mhotpatch_smoke[0m[2m:[0m hotpatch smoke heartbeat [3mframe[0m[2m=[0m17310 [3mlabel[0m[2m=[0m"AFTER"
427.30s ERROR [2m2026-09-28T08:06:08.234798Z[0m [32m INFO[0m [2mhotpatch_smoke[0m[2m:[0m hotpatch smoke heartbeat [3mframe[0m[2m=[0m17340 [3mlabel[0m[2m=[0m"AFTER"
427.56s ERROR [2m2026-09-28T08:06:08.498290Z[0m [32m INFO[0m [2mhotpatch_smoke[0m[2m:[0m hotpatch smoke heartbeat [3mframe[0m[2m=[0m17370 [3mlabel[0m[2m=[0m"AFTER"
427.82s ERROR [2m2026-09-28T08:06:08.757611Z[0m [32m INFO[0m [2mhotpatch_smoke[0m[2m:[0m hotpatch smoke heartbeat [3mframe[0m[2m=[0m17400 [3mlabel[0m[2m=[0m"AFTER"
428.09s ERROR [2m2026-09-28T08:06:09.023504Z[0m [32m INFO[0m [2mhotpatch_smoke[0m[2m:[0m hotpatch smoke heartbeat [3mframe[0m[2m=[0m17430 [3mlabel[0m[2m=[0m"AFTER"
428.36s ERROR [2m2026-09-28T08:06:09.291416Z[0m [32m INFO[0m [2mhotpatch_smoke[0m[2m:[0m hotpatch smoke heartbeat [3mframe[0m[2m=[0m17460 [3mlabel[0m[2m=[0m"AFTER"
428.62s ERROR [2m2026-09-28T08:06:09.558899Z[0m [32m INFO[0m [2mhotpatch_smoke[0m[2m:[0m hotpatch smoke heartbeat [3mframe[0m[2m=[0m17490 [3mlabel[0m[2m=[0m"AFTER"
428.89s ERROR [2m2026-09-28T08:06:09.819902Z[0m [32m INFO[0m [2mhotpatch_smoke[0m[2m:[0m hotpatch smoke heartbeat [3mframe[0m[2m=[0m17520 [3mlabel[0m[2m=[0m"AFTER"
429.15s ERROR [2m2026-09-28T08:06:10.085134Z[0m [32m INFO[0m [2mhotpatch_smoke[0m[2m:[0m hotpatch smoke heartbeat [3mframe[0m[2m=[0m17550 [3mlabel[0m[2m=[0m"AFTER"
429.41s ERROR [2m2026-09-28T08:06:10.344981Z[0m [32m INFO[0m [2mhotpatch_smoke[0m[2m:[0m hotpatch smoke heartbeat [3mframe[0m[2m=[0m17580 [3mlabel[0m[2m=[0m"AFTER"
429.67s ERROR [2m2026-09-28T08:06:10.604120Z[0m [32m INFO[0m [2mhotpatch_smoke[0m[2m:[0m hotpatch smoke heartbeat [3mframe[0m[2m=[0m17610 [3mlabel[0m[2m=[0m"AFTER"
429.94s ERROR [2m2026-09-28T08:06:10.869785Z[0m [32m INFO[0m [2mhotpatch_smoke[0m[2m:[0m hotpatch smoke heartbeat [3mframe[0m[2m=[0m17640 [3mlabel[0m[2m=[0m"AFTER"
430.19s ERROR [2m2026-09-28T08:06:11.125689Z[0m [32m INFO[0m [2mhotpatch_smoke[0m[2m:[0m hotpatch smoke heartbeat [3mframe[0m[2m=[0m17670 [3mlabel[0m[2m=[0m"AFTER"
430.46s ERROR [2m2026-09-28T08:06:11.389556Z[0m [32m INFO[0m [2mhotpatch_smoke[0m[2m:[0m hotpatch smoke heartbeat [3mframe[0m[2m=[0m17700 [3mlabel[0m[2m=[0m"AFTER"
430.72s ERROR [2m2026-09-28T08:06:11.655630Z[0m [32m INFO[0m [2mhotpatch_smoke[0m[2m:[0m hotpatch smoke heartbeat [3mframe[0m[2m=[0m17730 [3mlabel[0m[2m=[0m"AFTER"
430.99s ERROR [2m2026-09-28T08:06:11.921308Z[0m [32m INFO[0m [2mhotpatch_smoke[0m[2m:[0m hotpatch smoke heartbeat [3mframe[0m[2m=[0m17760 [3mlabel[0m[2m=[0m"AFTER"
431.25s ERROR [2m2026-09-28T08:06:12.188492Z[0m [32m INFO[0m [2mhotpatch_smoke[0m[2m:[0m hotpatch smoke heartbeat [3mframe[0m[2m=[0m17790 [3mlabel[0m[2m=[0m"AFTER"
431.52s ERROR [2m2026-09-28T08:06:12.455763Z[0m [32m INFO[0m [2mhotpatch_smoke[0m[2m:[0m hotpatch smoke heartbeat [3mframe[0m[2m=[0m17820 [3mlabel[0m[2m=[0m"AFTER"
431.79s ERROR [2m2026-09-28T08:06:12.719864Z[0m [32m INFO[0m [2mhotpatch_smoke[0m[2m:[0m hotpatch smoke heartbeat [3mframe[0m[2m=[0m17850 [3mlabel[0m[2m=[0m"AFTER"
432.05s ERROR [2m2026-09-28T08:06:12.979490Z[0m [32m INFO[0m [2mhotpatch_smoke[0m[2m:[0m hotpatch smoke heartbeat [3mframe[0m[2m=[0m17880 [3mlabel[0m[2m=[0m"AFTER"
432.32s ERROR [2m2026-09-28T08:06:13.249854Z[0m [32m INFO[0m [2mhotpatch_smoke[0m[2m:[0m hotpatch smoke heartbeat [3mframe[0m[2m=[0m17910 [3mlabel[0m[2m=[0m"AFTER"
432.58s ERROR [2m2026-09-28T08:06:13.517708Z[0m [32m INFO[0m [2mhotpatch_smoke[0m[2m:[0m hotpatch smoke heartbeat [3mframe[0m[2m=[0m17940 [3mlabel[0m[2m=[0m"AFTER"
432.85s ERROR [2m2026-09-28T08:06:13.785713Z[0m [32m INFO[0m [2mhotpatch_smoke[0m[2m:[0m hotpatch smoke heartbeat [3mframe[0m[2m=[0m17970 [3mlabel[0m[2m=[0m"AFTER"
433.12s ERROR [2m2026-09-28T08:06:14.052588Z[0m [32m INFO[0m [2mhotpatch_smoke[0m[2m:[0m hotpatch smoke heartbeat [3mframe[0m[2m=[0m18000 [3mlabel[0m[2m=[0m"AFTER"
433.38s ERROR [2m2026-09-28T08:06:14.310991Z[0m [32m INFO[0m [2mhotpatch_smoke[0m[2m:[0m hotpatch smoke heartbeat [3mframe[0m[2m=[0m18030 [3mlabel[0m[2m=[0m"AFTER"
433.65s ERROR [2m2026-09-28T08:06:14.579168Z[0m [32m INFO[0m [2mhotpatch_smoke[0m[2m:[0m hotpatch smoke heartbeat [3mframe[0m[2m=[0m18060 [3mlabel[0m[2m=[0m"AFTER"
433.91s ERROR [2m2026-09-28T08:06:14.844601Z[0m [32m INFO[0m [2mhotpatch_smoke[0m[2m:[0m hotpatch smoke heartbeat [3mframe[0m[2m=[0m18090 [3mlabel[0m[2m=[0m"AFTER"
434.18s ERROR [2m2026-09-28T08:06:15.113208Z[0m [32m INFO[0m [2mhotpatch_smoke[0m[2m:[0m hotpatch smoke heartbeat [3mframe[0m[2m=[0m18120 [3mlabel[0m[2m=[0m"AFTER"
434.44s ERROR [2m2026-09-28T08:06:15.374704Z[0m [32m INFO[0m [2mhotpatch_smoke[0m[2m:[0m hotpatch smoke heartbeat [3mframe[0m[2m=[0m18150 [3mlabel[0m[2m=[0m"AFTER"
434.70s ERROR [2m2026-09-28T08:06:15.636809Z[0m [32m INFO[0m [2mhotpatch_smoke[0m[2m:[0m hotpatch smoke heartbeat [3mframe[0m[2m=[0m18180 [3mlabel[0m[2m=[0m"AFTER"
434.96s ERROR [2m2026-09-28T08:06:15.895641Z[0m [32m INFO[0m [2mhotpatch_smoke[0m[2m:[0m hotpatch smoke heartbeat [3mframe[0m[2m=[0m18210 [3mlabel[0m[2m=[0m"AFTER"
435.23s ERROR [2m2026-09-28T08:06:16.163840Z[0m [32m INFO[0m [2mhotpatch_smoke[0m[2m:[0m hotpatch smoke heartbeat [3mframe[0m[2m=[0m18240 [3mlabel[0m[2m=[0m"AFTER"
435.49s ERROR [2m2026-09-28T08:06:16.424800Z[0m [32m INFO[0m [2mhotpatch_smoke[0m[2m:[0m hotpatch smoke heartbeat [3mframe[0m[2m=[0m18270 [3mlabel[0m[2m=[0m"AFTER"
435.75s ERROR [2m2026-09-28T08:06:16.686764Z[0m [32m INFO[0m [2mhotpatch_smoke[0m[2m:[0m hotpatch smoke heartbeat [3mframe[0m[2m=[0m18300 [3mlabel[0m[2m=[0m"AFTER"
436.01s ERROR [2m2026-09-28T08:06:16.948730Z[0m [32m INFO[0m [2mhotpatch_smoke[0m[2m:[0m hotpatch smoke heartbeat [3mframe[0m[2m=[0m18330 [3mlabel[0m[2m=[0m"AFTER"
436.28s ERROR [2m2026-09-28T08:06:17.210796Z[0m [32m INFO[0m [2mhotpatch_smoke[0m[2m:[0m hotpatch smoke heartbeat [3mframe[0m[2m=[0m18360 [3mlabel[0m[2m=[0m"AFTER"
436.54s ERROR [2m2026-09-28T08:06:17.474851Z[0m [32m INFO[0m [2mhotpatch_smoke[0m[2m:[0m hotpatch smoke heartbeat [3mframe[0m[2m=[0m18390 [3mlabel[0m[2m=[0m"AFTER"
436.80s ERROR [2m2026-09-28T08:06:17.733818Z[0m [32m INFO[0m [2mhotpatch_smoke[0m[2m:[0m hotpatch smoke heartbeat [3mframe[0m[2m=[0m18420 [3mlabel[0m[2m=[0m"AFTER"
437.06s ERROR [2m2026-09-28T08:06:17.989097Z[0m [32m INFO[0m [2mhotpatch_smoke[0m[2m:[0m hotpatch smoke heartbeat [3mframe[0m[2m=[0m18450 [3mlabel[0m[2m=[0m"AFTER"
437.32s ERROR [2m2026-09-28T08:06:18.254606Z[0m [32m INFO[0m [2mhotpatch_smoke[0m[2m:[0m hotpatch smoke heartbeat [3mframe[0m[2m=[0m18480 [3mlabel[0m[2m=[0m"AFTER"
437.58s ERROR [2m2026-09-28T08:06:18.516601Z[0m [32m INFO[0m [2mhotpatch_smoke[0m[2m:[0m hotpatch smoke heartbeat [3mframe[0m[2m=[0m18510 [3mlabel[0m[2m=[0m"AFTER"
437.85s ERROR [2m2026-09-28T08:06:18.782994Z[0m [32m INFO[0m [2mhotpatch_smoke[0m[2m:[0m hotpatch smoke heartbeat [3mframe[0m[2m=[0m18540 [3mlabel[0m[2m=[0m"AFTER"
438.11s ERROR [2m2026-09-28T08:06:19.046756Z[0m [32m INFO[0m [2mhotpatch_smoke[0m[2m:[0m hotpatch smoke heartbeat [3mframe[0m[2m=[0m18570 [3mlabel[0m[2m=[0m"AFTER"
438.38s ERROR [2m2026-09-28T08:06:19.315686Z[0m [32m INFO[0m [2mhotpatch_smoke[0m[2m:[0m hotpatch smoke heartbeat [3mframe[0m[2m=[0m18600 [3mlabel[0m[2m=[0m"AFTER"
438.65s ERROR [2m2026-09-28T08:06:19.583657Z[0m [32m INFO[0m [2mhotpatch_smoke[0m[2m:[0m hotpatch smoke heartbeat [3mframe[0m[2m=[0m18630 [3mlabel[0m[2m=[0m"AFTER"
438.92s ERROR [2m2026-09-28T08:06:19.850721Z[0m [32m INFO[0m [2mhotpatch_smoke[0m[2m:[0m hotpatch smoke heartbeat [3mframe[0m[2m=[0m18660 [3mlabel[0m[2m=[0m"AFTER"
439.18s ERROR [2m2026-09-28T08:06:20.109756Z[0m [32m INFO[0m [2mhotpatch_smoke[0m[2m:[0m hotpatch smoke heartbeat [3mframe[0m[2m=[0m18690 [3mlabel[0m[2m=[0m"AFTER"
439.43s ERROR [2m2026-09-28T08:06:20.367546Z[0m [32m INFO[0m [2mhotpatch_smoke[0m[2m:[0m hotpatch smoke heartbeat [3mframe[0m[2m=[0m18720 [3mlabel[0m[2m=[0m"AFTER"
439.70s ERROR [2m2026-09-28T08:06:20.633696Z[0m [32m INFO[0m [2mhotpatch_smoke[0m[2m:[0m hotpatch smoke heartbeat [3mframe[0m[2m=[0m18750 [3mlabel[0m[2m=[0m"AFTER"
439.96s ERROR [2m2026-09-28T08:06:20.890958Z[0m [32m INFO[0m [2mhotpatch_smoke[0m[2m:[0m hotpatch smoke heartbeat [3mframe[0m[2m=[0m18780 [3mlabel[0m[2m=[0m"AFTER"
440.21s ERROR [2m2026-09-28T08:06:21.146738Z[0m [32m INFO[0m [2mhotpatch_smoke[0m[2m:[0m hotpatch smoke heartbeat [3mframe[0m[2m=[0m18810 [3mlabel[0m[2m=[0m"AFTER"
440.47s ERROR [2m2026-09-28T08:06:21.405715Z[0m [32m INFO[0m [2mhotpatch_smoke[0m[2m:[0m hotpatch smoke heartbeat [3mframe[0m[2m=[0m18840 [3mlabel[0m[2m=[0m"AFTER"
440.73s ERROR [2m2026-09-28T08:06:21.660606Z[0m [32m INFO[0m [2mhotpatch_smoke[0m[2m:[0m hotpatch smoke heartbeat [3mframe[0m[2m=[0m18870 [3mlabel[0m[2m=[0m"AFTER"
440.99s ERROR [2m2026-09-28T08:06:21.919838Z[0m [32m INFO[0m [2mhotpatch_smoke[0m[2m:[0m hotpatch smoke heartbeat [3mframe[0m[2m=[0m18900 [3mlabel[0m[2m=[0m"AFTER"
441.25s ERROR [2m2026-09-28T08:06:22.185576Z[0m [32m INFO[0m [2mhotpatch_smoke[0m[2m:[0m hotpatch smoke heartbeat [3mframe[0m[2m=[0m18930 [3mlabel[0m[2m=[0m"AFTER"
441.52s ERROR [2m2026-09-28T08:06:22.453544Z[0m [32m INFO[0m [2mhotpatch_smoke[0m[2m:[0m hotpatch smoke heartbeat [3mframe[0m[2m=[0m18960 [3mlabel[0m[2m=[0m"AFTER"
441.79s ERROR [2m2026-09-28T08:06:22.721589Z[0m [32m INFO[0m [2mhotpatch_smoke[0m[2m:[0m hotpatch smoke heartbeat [3mframe[0m[2m=[0m18990 [3mlabel[0m[2m=[0m"AFTER"
442.05s ERROR [2m2026-09-28T08:06:22.986677Z[0m [32m INFO[0m [2mhotpatch_smoke[0m[2m:[0m hotpatch smoke heartbeat [3mframe[0m[2m=[0m19020 [3mlabel[0m[2m=[0m"AFTER"
442.32s ERROR [2m2026-09-28T08:06:23.249854Z[0m [32m INFO[0m [2mhotpatch_smoke[0m[2m:[0m hotpatch smoke heartbeat [3mframe[0m[2m=[0m19050 [3mlabel[0m[2m=[0m"AFTER"
442.58s ERROR [2m2026-09-28T08:06:23.516164Z[0m [32m INFO[0m [2mhotpatch_smoke[0m[2m:[0m hotpatch smoke heartbeat [3mframe[0m[2m=[0m19080 [3mlabel[0m[2m=[0m"AFTER"
442.85s ERROR [2m2026-09-28T08:06:23.779841Z[0m [32m INFO[0m [2mhotpatch_smoke[0m[2m:[0m hotpatch smoke heartbeat [3mframe[0m[2m=[0m19110 [3mlabel[0m[2m=[0m"AFTER"
443.11s ERROR [2m2026-09-28T08:06:24.042722Z[0m [32m INFO[0m [2mhotpatch_smoke[0m[2m:[0m hotpatch smoke heartbeat [3mframe[0m[2m=[0m19140 [3mlabel[0m[2m=[0m"AFTER"
443.37s ERROR [2m2026-09-28T08:06:24.304556Z[0m [32m INFO[0m [2mhotpatch_smoke[0m[2m:[0m hotpatch smoke heartbeat [3mframe[0m[2m=[0m19170 [3mlabel[0m[2m=[0m"AFTER"
443.63s ERROR [2m2026-09-28T08:06:24.565260Z[0m [32m INFO[0m [2mhotpatch_smoke[0m[2m:[0m hotpatch smoke heartbeat [3mframe[0m[2m=[0m19200 [3mlabel[0m[2m=[0m"AFTER"
443.89s ERROR [2m2026-09-28T08:06:24.823464Z[0m [32m INFO[0m [2mhotpatch_smoke[0m[2m:[0m hotpatch smoke heartbeat [3mframe[0m[2m=[0m19230 [3mlabel[0m[2m=[0m"AFTER"
444.15s ERROR [2m2026-09-28T08:06:25.084718Z[0m [32m INFO[0m [2mhotpatch_smoke[0m[2m:[0m hotpatch smoke heartbeat [3mframe[0m[2m=[0m19260 [3mlabel[0m[2m=[0m"AFTER"
444.41s ERROR [2m2026-09-28T08:06:25.345660Z[0m [32m INFO[0m [2mhotpatch_smoke[0m[2m:[0m hotpatch smoke heartbeat [3mframe[0m[2m=[0m19290 [3mlabel[0m[2m=[0m"AFTER"
444.67s ERROR [2m2026-09-28T08:06:25.602206Z[0m [32m INFO[0m [2mhotpatch_smoke[0m[2m:[0m hotpatch smoke heartbeat [3mframe[0m[2m=[0m19320 [3mlabel[0m[2m=[0m"AFTER"
444.93s ERROR [2m2026-09-28T08:06:25.865796Z[0m [32m INFO[0m [2mhotpatch_smoke[0m[2m:[0m hotpatch smoke heartbeat [3mframe[0m[2m=[0m19350 [3mlabel[0m[2m=[0m"AFTER"
445.20s ERROR [2m2026-09-28T08:06:26.129456Z[0m [32m INFO[0m [2mhotpatch_smoke[0m[2m:[0m hotpatch smoke heartbeat [3mframe[0m[2m=[0m19380 [3mlabel[0m[2m=[0m"AFTER"
445.46s ERROR [2m2026-09-28T08:06:26.396458Z[0m [32m INFO[0m [2mhotpatch_smoke[0m[2m:[0m hotpatch smoke heartbeat [3mframe[0m[2m=[0m19410 [3mlabel[0m[2m=[0m"AFTER"
445.73s ERROR [2m2026-09-28T08:06:26.666320Z[0m [32m INFO[0m [2mhotpatch_smoke[0m[2m:[0m hotpatch smoke heartbeat [3mframe[0m[2m=[0m19440 [3mlabel[0m[2m=[0m"AFTER"
446.00s ERROR [2m2026-09-28T08:06:26.936436Z[0m [32m INFO[0m [2mhotpatch_smoke[0m[2m:[0m hotpatch smoke heartbeat [3mframe[0m[2m=[0m19470 [3mlabel[0m[2m=[0m"AFTER"
446.27s ERROR [2m2026-09-28T08:06:27.206330Z[0m [32m INFO[0m [2mhotpatch_smoke[0m[2m:[0m hotpatch smoke heartbeat [3mframe[0m[2m=[0m19500 [3mlabel[0m[2m=[0m"AFTER"
446.54s ERROR [2m2026-09-28T08:06:27.476426Z[0m [32m INFO[0m [2mhotpatch_smoke[0m[2m:[0m hotpatch smoke heartbeat [3mframe[0m[2m=[0m19530 [3mlabel[0m[2m=[0m"AFTER"
446.81s ERROR [2m2026-09-28T08:06:27.746410Z[0m [32m INFO[0m [2mhotpatch_smoke[0m[2m:[0m hotpatch smoke heartbeat [3mframe[0m[2m=[0m19560 [3mlabel[0m[2m=[0m"AFTER"
447.08s ERROR [2m2026-09-28T08:06:28.016379Z[0m [32m INFO[0m [2mhotpatch_smoke[0m[2m:[0m hotpatch smoke heartbeat [3mframe[0m[2m=[0m19590 [3mlabel[0m[2m=[0m"AFTER"
447.35s ERROR [2m2026-09-28T08:06:28.286319Z[0m [32m INFO[0m [2mhotpatch_smoke[0m[2m:[0m hotpatch smoke heartbeat [3mframe[0m[2m=[0m19620 [3mlabel[0m[2m=[0m"AFTER"
447.62s ERROR [2m2026-09-28T08:06:28.556370Z[0m [32m INFO[0m [2mhotpatch_smoke[0m[2m:[0m hotpatch smoke heartbeat [3mframe[0m[2m=[0m19650 [3mlabel[0m[2m=[0m"AFTER"
447.89s ERROR [2m2026-09-28T08:06:28.826414Z[0m [32m INFO[0m [2mhotpatch_smoke[0m[2m:[0m hotpatch smoke heartbeat [3mframe[0m[2m=[0m19680 [3mlabel[0m[2m=[0m"AFTER"
448.16s ERROR [2m2026-09-28T08:06:29.096296Z[0m [32m INFO[0m [2mhotpatch_smoke[0m[2m:[0m hotpatch smoke heartbeat [3mframe[0m[2m=[0m19710 [3mlabel[0m[2m=[0m"AFTER"
448.43s ERROR [2m2026-09-28T08:06:29.366425Z[0m [32m INFO[0m [2mhotpatch_smoke[0m[2m:[0m hotpatch smoke heartbeat [3mframe[0m[2m=[0m19740 [3mlabel[0m[2m=[0m"AFTER"
448.70s ERROR [2m2026-09-28T08:06:29.636375Z[0m [32m INFO[0m [2mhotpatch_smoke[0m[2m:[0m hotpatch smoke heartbeat [3mframe[0m[2m=[0m19770 [3mlabel[0m[2m=[0m"AFTER"
448.97s ERROR [2m2026-09-28T08:06:29.906406Z[0m [32m INFO[0m [2mhotpatch_smoke[0m[2m:[0m hotpatch smoke heartbeat [3mframe[0m[2m=[0m19800 [3mlabel[0m[2m=[0m"AFTER"
449.24s ERROR [2m2026-09-28T08:06:30.176451Z[0m [32m INFO[0m [2mhotpatch_smoke[0m[2m:[0m hotpatch smoke heartbeat [3mframe[0m[2m=[0m19830 [3mlabel[0m[2m=[0m"AFTER"
449.51s ERROR [2m2026-09-28T08:06:30.446592Z[0m [32m INFO[0m [2mhotpatch_smoke[0m[2m:[0m hotpatch smoke heartbeat [3mframe[0m[2m=[0m19860 [3mlabel[0m[2m=[0m"AFTER"
449.78s ERROR [2m2026-09-28T08:06:30.716481Z[0m [32m INFO[0m [2mhotpatch_smoke[0m[2m:[0m hotpatch smoke heartbeat [3mframe[0m[2m=[0m19890 [3mlabel[0m[2m=[0m"AFTER"
450.05s ERROR [2m2026-09-28T08:06:30.986416Z[0m [32m INFO[0m [2mhotpatch_smoke[0m[2m:[0m hotpatch smoke heartbeat [3mframe[0m[2m=[0m19920 [3mlabel[0m[2m=[0m"AFTER"
450.32s ERROR [2m2026-09-28T08:06:31.256491Z[0m [32m INFO[0m [2mhotpatch_smoke[0m[2m:[0m hotpatch smoke heartbeat [3mframe[0m[2m=[0m19950 [3mlabel[0m[2m=[0m"AFTER"
450.59s ERROR [2m2026-09-28T08:06:31.522791Z[0m [32m INFO[0m [2mhotpatch_smoke[0m[2m:[0m hotpatch smoke heartbeat [3mframe[0m[2m=[0m19980 [3mlabel[0m[2m=[0m"AFTER"
450.86s ERROR [2m2026-09-28T08:06:31.792580Z[0m [32m INFO[0m [2mhotpatch_smoke[0m[2m:[0m hotpatch smoke heartbeat [3mframe[0m[2m=[0m20010 [3mlabel[0m[2m=[0m"AFTER"
451.13s ERROR [2m2026-09-28T08:06:32.062628Z[0m [32m INFO[0m [2mhotpatch_smoke[0m[2m:[0m hotpatch smoke heartbeat [3mframe[0m[2m=[0m20040 [3mlabel[0m[2m=[0m"AFTER"
451.39s ERROR [2m2026-09-28T08:06:32.328502Z[0m [32m INFO[0m [2mhotpatch_smoke[0m[2m:[0m hotpatch smoke heartbeat [3mframe[0m[2m=[0m20070 [3mlabel[0m[2m=[0m"AFTER"
451.66s ERROR [2m2026-09-28T08:06:32.595005Z[0m [32m INFO[0m [2mhotpatch_smoke[0m[2m:[0m hotpatch smoke heartbeat [3mframe[0m[2m=[0m20100 [3mlabel[0m[2m=[0m"AFTER"
451.92s ERROR [2m2026-09-28T08:06:32.855812Z[0m [32m INFO[0m [2mhotpatch_smoke[0m[2m:[0m hotpatch smoke heartbeat [3mframe[0m[2m=[0m20130 [3mlabel[0m[2m=[0m"AFTER"
452.18s ERROR [2m2026-09-28T08:06:33.115467Z[0m [32m INFO[0m [2mhotpatch_smoke[0m[2m:[0m hotpatch smoke heartbeat [3mframe[0m[2m=[0m20160 [3mlabel[0m[2m=[0m"AFTER"
452.45s ERROR [2m2026-09-28T08:06:33.380612Z[0m [32m INFO[0m [2mhotpatch_smoke[0m[2m:[0m hotpatch smoke heartbeat [3mframe[0m[2m=[0m20190 [3mlabel[0m[2m=[0m"AFTER"
452.71s ERROR [2m2026-09-28T08:06:33.641910Z[0m [32m INFO[0m [2mhotpatch_smoke[0m[2m:[0m hotpatch smoke heartbeat [3mframe[0m[2m=[0m20220 [3mlabel[0m[2m=[0m"AFTER"
452.96s ERROR [2m2026-09-28T08:06:33.898969Z[0m [32m INFO[0m [2mhotpatch_smoke[0m[2m:[0m hotpatch smoke heartbeat [3mframe[0m[2m=[0m20250 [3mlabel[0m[2m=[0m"AFTER"
453.23s ERROR [2m2026-09-28T08:06:34.159567Z[0m [32m INFO[0m [2mhotpatch_smoke[0m[2m:[0m hotpatch smoke heartbeat [3mframe[0m[2m=[0m20280 [3mlabel[0m[2m=[0m"AFTER"
453.49s ERROR [2m2026-09-28T08:06:34.423200Z[0m [32m INFO[0m [2mhotpatch_smoke[0m[2m:[0m hotpatch smoke heartbeat [3mframe[0m[2m=[0m20310 [3mlabel[0m[2m=[0m"AFTER"
453.75s ERROR [2m2026-09-28T08:06:34.685322Z[0m [32m INFO[0m [2mhotpatch_smoke[0m[2m:[0m hotpatch smoke heartbeat [3mframe[0m[2m=[0m20340 [3mlabel[0m[2m=[0m"AFTER"
454.01s ERROR [2m2026-09-28T08:06:34.944750Z[0m [32m INFO[0m [2mhotpatch_smoke[0m[2m:[0m hotpatch smoke heartbeat [3mframe[0m[2m=[0m20370 [3mlabel[0m[2m=[0m"AFTER"
454.27s ERROR [2m2026-09-28T08:06:35.201396Z[0m [32m INFO[0m [2mhotpatch_smoke[0m[2m:[0m hotpatch smoke heartbeat [3mframe[0m[2m=[0m20400 [3mlabel[0m[2m=[0m"AFTER"
454.53s ERROR [2m2026-09-28T08:06:35.462575Z[0m [32m INFO[0m [2mhotpatch_smoke[0m[2m:[0m hotpatch smoke heartbeat [3mframe[0m[2m=[0m20430 [3mlabel[0m[2m=[0m"AFTER"
454.79s ERROR [2m2026-09-28T08:06:35.728489Z[0m [32m INFO[0m [2mhotpatch_smoke[0m[2m:[0m hotpatch smoke heartbeat [3mframe[0m[2m=[0m20460 [3mlabel[0m[2m=[0m"AFTER"
455.05s ERROR [2m2026-09-28T08:06:35.987724Z[0m [32m INFO[0m [2mhotpatch_smoke[0m[2m:[0m hotpatch smoke heartbeat [3mframe[0m[2m=[0m20490 [3mlabel[0m[2m=[0m"AFTER"
455.32s ERROR [2m2026-09-28T08:06:36.249960Z[0m [32m INFO[0m [2mhotpatch_smoke[0m[2m:[0m hotpatch smoke heartbeat [3mframe[0m[2m=[0m20520 [3mlabel[0m[2m=[0m"AFTER"
455.58s ERROR [2m2026-09-28T08:06:36.509464Z[0m [32m INFO[0m [2mhotpatch_smoke[0m[2m:[0m hotpatch smoke heartbeat [3mframe[0m[2m=[0m20550 [3mlabel[0m[2m=[0m"AFTER"
455.83s ERROR [2m2026-09-28T08:06:36.767875Z[0m [32m INFO[0m [2mhotpatch_smoke[0m[2m:[0m hotpatch smoke heartbeat [3mframe[0m[2m=[0m20580 [3mlabel[0m[2m=[0m"AFTER"
456.09s ERROR [2m2026-09-28T08:06:37.026170Z[0m [32m INFO[0m [2mhotpatch_smoke[0m[2m:[0m hotpatch smoke heartbeat [3mframe[0m[2m=[0m20610 [3mlabel[0m[2m=[0m"AFTER"
456.35s ERROR [2m2026-09-28T08:06:37.286076Z[0m [32m INFO[0m [2mhotpatch_smoke[0m[2m:[0m hotpatch smoke heartbeat [3mframe[0m[2m=[0m20640 [3mlabel[0m[2m=[0m"AFTER"
456.61s ERROR [2m2026-09-28T08:06:37.546868Z[0m [32m INFO[0m [2mhotpatch_smoke[0m[2m:[0m hotpatch smoke heartbeat [3mframe[0m[2m=[0m20670 [3mlabel[0m[2m=[0m"AFTER"
456.87s ERROR [2m2026-09-28T08:06:37.805901Z[0m [32m INFO[0m [2mhotpatch_smoke[0m[2m:[0m hotpatch smoke heartbeat [3mframe[0m[2m=[0m20700 [3mlabel[0m[2m=[0m"AFTER"
457.13s ERROR [2m2026-09-28T08:06:38.066015Z[0m [32m INFO[0m [2mhotpatch_smoke[0m[2m:[0m hotpatch smoke heartbeat [3mframe[0m[2m=[0m20730 [3mlabel[0m[2m=[0m"AFTER"
457.39s ERROR [2m2026-09-28T08:06:38.328120Z[0m [32m INFO[0m [2mhotpatch_smoke[0m[2m:[0m hotpatch smoke heartbeat [3mframe[0m[2m=[0m20760 [3mlabel[0m[2m=[0m"AFTER"
457.66s ERROR [2m2026-09-28T08:06:38.590323Z[0m [32m INFO[0m [2mhotpatch_smoke[0m[2m:[0m hotpatch smoke heartbeat [3mframe[0m[2m=[0m20790 [3mlabel[0m[2m=[0m"AFTER"
457.92s ERROR [2m2026-09-28T08:06:38.852869Z[0m [32m INFO[0m [2mhotpatch_smoke[0m[2m:[0m hotpatch smoke heartbeat [3mframe[0m[2m=[0m20820 [3mlabel[0m[2m=[0m"AFTER"
458.18s ERROR [2m2026-09-28T08:06:39.118407Z[0m [32m INFO[0m [2mhotpatch_smoke[0m[2m:[0m hotpatch smoke heartbeat [3mframe[0m[2m=[0m20850 [3mlabel[0m[2m=[0m"AFTER"
458.45s ERROR [2m2026-09-28T08:06:39.379660Z[0m [32m INFO[0m [2mhotpatch_smoke[0m[2m:[0m hotpatch smoke heartbeat [3mframe[0m[2m=[0m20880 [3mlabel[0m[2m=[0m"AFTER"
458.71s ERROR [2m2026-09-28T08:06:39.647781Z[0m [32m INFO[0m [2mhotpatch_smoke[0m[2m:[0m hotpatch smoke heartbeat [3mframe[0m[2m=[0m20910 [3mlabel[0m[2m=[0m"AFTER"
458.97s ERROR [2m2026-09-28T08:06:39.906758Z[0m [32m INFO[0m [2mhotpatch_smoke[0m[2m:[0m hotpatch smoke heartbeat [3mframe[0m[2m=[0m20940 [3mlabel[0m[2m=[0m"AFTER"
459.24s ERROR [2m2026-09-28T08:06:40.171717Z[0m [32m INFO[0m [2mhotpatch_smoke[0m[2m:[0m hotpatch smoke heartbeat [3mframe[0m[2m=[0m20970 [3mlabel[0m[2m=[0m"AFTER"
459.50s ERROR [2m2026-09-28T08:06:40.438563Z[0m [32m INFO[0m [2mhotpatch_smoke[0m[2m:[0m hotpatch smoke heartbeat [3mframe[0m[2m=[0m21000 [3mlabel[0m[2m=[0m"AFTER"
459.77s ERROR [2m2026-09-28T08:06:40.705687Z[0m [32m INFO[0m [2mhotpatch_smoke[0m[2m:[0m hotpatch smoke heartbeat [3mframe[0m[2m=[0m21030 [3mlabel[0m[2m=[0m"AFTER"
460.03s ERROR [2m2026-09-28T08:06:40.964295Z[0m [32m INFO[0m [2mhotpatch_smoke[0m[2m:[0m hotpatch smoke heartbeat [3mframe[0m[2m=[0m21060 [3mlabel[0m[2m=[0m"AFTER"
460.29s ERROR [2m2026-09-28T08:06:41.219422Z[0m [32m INFO[0m [2mhotpatch_smoke[0m[2m:[0m hotpatch smoke heartbeat [3mframe[0m[2m=[0m21090 [3mlabel[0m[2m=[0m"AFTER"
460.55s ERROR [2m2026-09-28T08:06:41.479613Z[0m [32m INFO[0m [2mhotpatch_smoke[0m[2m:[0m hotpatch smoke heartbeat [3mframe[0m[2m=[0m21120 [3mlabel[0m[2m=[0m"AFTER"
460.81s ERROR [2m2026-09-28T08:06:41.745537Z[0m [32m INFO[0m [2mhotpatch_smoke[0m[2m:[0m hotpatch smoke heartbeat [3mframe[0m[2m=[0m21150 [3mlabel[0m[2m=[0m"AFTER"
461.07s ERROR [2m2026-09-28T08:06:42.002786Z[0m [32m INFO[0m [2mhotpatch_smoke[0m[2m:[0m hotpatch smoke heartbeat [3mframe[0m[2m=[0m21180 [3mlabel[0m[2m=[0m"AFTER"
461.34s ERROR [2m2026-09-28T08:06:42.271810Z[0m [32m INFO[0m [2mhotpatch_smoke[0m[2m:[0m hotpatch smoke heartbeat [3mframe[0m[2m=[0m21210 [3mlabel[0m[2m=[0m"AFTER"
461.61s ERROR [2m2026-09-28T08:06:42.541820Z[0m [32m INFO[0m [2mhotpatch_smoke[0m[2m:[0m hotpatch smoke heartbeat [3mframe[0m[2m=[0m21240 [3mlabel[0m[2m=[0m"AFTER"
461.88s ERROR [2m2026-09-28T08:06:42.811851Z[0m [32m INFO[0m [2mhotpatch_smoke[0m[2m:[0m hotpatch smoke heartbeat [3mframe[0m[2m=[0m21270 [3mlabel[0m[2m=[0m"AFTER"
462.14s ERROR [2m2026-09-28T08:06:43.078118Z[0m [32m INFO[0m [2mhotpatch_smoke[0m[2m:[0m hotpatch smoke heartbeat [3mframe[0m[2m=[0m21300 [3mlabel[0m[2m=[0m"AFTER"
462.41s ERROR [2m2026-09-28T08:06:43.340799Z[0m [32m INFO[0m [2mhotpatch_smoke[0m[2m:[0m hotpatch smoke heartbeat [3mframe[0m[2m=[0m21330 [3mlabel[0m[2m=[0m"AFTER"
462.66s ERROR [2m2026-09-28T08:06:43.598710Z[0m [32m INFO[0m [2mhotpatch_smoke[0m[2m:[0m hotpatch smoke heartbeat [3mframe[0m[2m=[0m21360 [3mlabel[0m[2m=[0m"AFTER"
462.92s ERROR [2m2026-09-28T08:06:43.853824Z[0m [32m INFO[0m [2mhotpatch_smoke[0m[2m:[0m hotpatch smoke heartbeat [3mframe[0m[2m=[0m21390 [3mlabel[0m[2m=[0m"AFTER"
463.18s ERROR [2m2026-09-28T08:06:44.111531Z[0m [32m INFO[0m [2mhotpatch_smoke[0m[2m:[0m hotpatch smoke heartbeat [3mframe[0m[2m=[0m21420 [3mlabel[0m[2m=[0m"AFTER"
463.45s ERROR [2m2026-09-28T08:06:44.379594Z[0m [32m INFO[0m [2mhotpatch_smoke[0m[2m:[0m hotpatch smoke heartbeat [3mframe[0m[2m=[0m21450 [3mlabel[0m[2m=[0m"AFTER"
463.72s ERROR [2m2026-09-28T08:06:44.649600Z[0m [32m INFO[0m [2mhotpatch_smoke[0m[2m:[0m hotpatch smoke heartbeat [3mframe[0m[2m=[0m21480 [3mlabel[0m[2m=[0m"AFTER"
463.97s ERROR [2m2026-09-28T08:06:44.908684Z[0m [32m INFO[0m [2mhotpatch_smoke[0m[2m:[0m hotpatch smoke heartbeat [3mframe[0m[2m=[0m21510 [3mlabel[0m[2m=[0m"AFTER"
464.23s ERROR [2m2026-09-28T08:06:45.166130Z[0m [32m INFO[0m [2mhotpatch_smoke[0m[2m:[0m hotpatch smoke heartbeat [3mframe[0m[2m=[0m21540 [3mlabel[0m[2m=[0m"AFTER"
464.49s ERROR [2m2026-09-28T08:06:45.424138Z[0m [32m INFO[0m [2mhotpatch_smoke[0m[2m:[0m hotpatch smoke heartbeat [3mframe[0m[2m=[0m21570 [3mlabel[0m[2m=[0m"AFTER"
464.75s ERROR [2m2026-09-28T08:06:45.685484Z[0m [32m INFO[0m [2mhotpatch_smoke[0m[2m:[0m hotpatch smoke heartbeat [3mframe[0m[2m=[0m21600 [3mlabel[0m[2m=[0m"AFTER"
465.01s ERROR [2m2026-09-28T08:06:45.947590Z[0m [32m INFO[0m [2mhotpatch_smoke[0m[2m:[0m hotpatch smoke heartbeat [3mframe[0m[2m=[0m21630 [3mlabel[0m[2m=[0m"AFTER"
465.28s ERROR [2m2026-09-28T08:06:46.213593Z[0m [32m INFO[0m [2mhotpatch_smoke[0m[2m:[0m hotpatch smoke heartbeat [3mframe[0m[2m=[0m21660 [3mlabel[0m[2m=[0m"AFTER"
465.54s ERROR [2m2026-09-28T08:06:46.478586Z[0m [32m INFO[0m [2mhotpatch_smoke[0m[2m:[0m hotpatch smoke heartbeat [3mframe[0m[2m=[0m21690 [3mlabel[0m[2m=[0m"AFTER"
465.81s ERROR [2m2026-09-28T08:06:46.740673Z[0m [32m INFO[0m [2mhotpatch_smoke[0m[2m:[0m hotpatch smoke heartbeat [3mframe[0m[2m=[0m21720 [3mlabel[0m[2m=[0m"AFTER"
466.07s ERROR [2m2026-09-28T08:06:47.004642Z[0m [32m INFO[0m [2mhotpatch_smoke[0m[2m:[0m hotpatch smoke heartbeat [3mframe[0m[2m=[0m21750 [3mlabel[0m[2m=[0m"AFTER"
466.34s ERROR [2m2026-09-28T08:06:47.274500Z[0m [32m INFO[0m [2mhotpatch_smoke[0m[2m:[0m hotpatch smoke heartbeat [3mframe[0m[2m=[0m21780 [3mlabel[0m[2m=[0m"AFTER"
466.61s ERROR [2m2026-09-28T08:06:47.540248Z[0m [32m INFO[0m [2mhotpatch_smoke[0m[2m:[0m hotpatch smoke heartbeat [3mframe[0m[2m=[0m21810 [3mlabel[0m[2m=[0m"AFTER"
466.87s ERROR [2m2026-09-28T08:06:47.804656Z[0m [32m INFO[0m [2mhotpatch_smoke[0m[2m:[0m hotpatch smoke heartbeat [3mframe[0m[2m=[0m21840 [3mlabel[0m[2m=[0m"AFTER"
467.13s ERROR [2m2026-09-28T08:06:48.065941Z[0m [32m INFO[0m [2mhotpatch_smoke[0m[2m:[0m hotpatch smoke heartbeat [3mframe[0m[2m=[0m21870 [3mlabel[0m[2m=[0m"AFTER"
467.39s ERROR [2m2026-09-28T08:06:48.326826Z[0m [32m INFO[0m [2mhotpatch_smoke[0m[2m:[0m hotpatch smoke heartbeat [3mframe[0m[2m=[0m21900 [3mlabel[0m[2m=[0m"AFTER"
467.65s ERROR [2m2026-09-28T08:06:48.581874Z[0m [32m INFO[0m [2mhotpatch_smoke[0m[2m:[0m hotpatch smoke heartbeat [3mframe[0m[2m=[0m21930 [3mlabel[0m[2m=[0m"AFTER"
467.91s ERROR [2m2026-09-28T08:06:48.839657Z[0m [32m INFO[0m [2mhotpatch_smoke[0m[2m:[0m hotpatch smoke heartbeat [3mframe[0m[2m=[0m21960 [3mlabel[0m[2m=[0m"AFTER"
468.16s ERROR [2m2026-09-28T08:06:49.096901Z[0m [32m INFO[0m [2mhotpatch_smoke[0m[2m:[0m hotpatch smoke heartbeat [3mframe[0m[2m=[0m21990 [3mlabel[0m[2m=[0m"AFTER"
468.42s ERROR [2m2026-09-28T08:06:49.357588Z[0m [32m INFO[0m [2mhotpatch_smoke[0m[2m:[0m hotpatch smoke heartbeat [3mframe[0m[2m=[0m22020 [3mlabel[0m[2m=[0m"AFTER"
468.68s ERROR [2m2026-09-28T08:06:49.617990Z[0m [32m INFO[0m [2mhotpatch_smoke[0m[2m:[0m hotpatch smoke heartbeat [3mframe[0m[2m=[0m22050 [3mlabel[0m[2m=[0m"AFTER"
468.95s ERROR [2m2026-09-28T08:06:49.879121Z[0m [32m INFO[0m [2mhotpatch_smoke[0m[2m:[0m hotpatch smoke heartbeat [3mframe[0m[2m=[0m22080 [3mlabel[0m[2m=[0m"AFTER"
469.20s ERROR [2m2026-09-28T08:06:50.136166Z[0m [32m INFO[0m [2mhotpatch_smoke[0m[2m:[0m hotpatch smoke heartbeat [3mframe[0m[2m=[0m22110 [3mlabel[0m[2m=[0m"AFTER"
469.46s ERROR [2m2026-09-28T08:06:50.393561Z[0m [32m INFO[0m [2mhotpatch_smoke[0m[2m:[0m hotpatch smoke heartbeat [3mframe[0m[2m=[0m22140 [3mlabel[0m[2m=[0m"AFTER"
469.73s ERROR [2m2026-09-28T08:06:50.662549Z[0m [32m INFO[0m [2mhotpatch_smoke[0m[2m:[0m hotpatch smoke heartbeat [3mframe[0m[2m=[0m22170 [3mlabel[0m[2m=[0m"AFTER"
470.00s ERROR [2m2026-09-28T08:06:50.932547Z[0m [32m INFO[0m [2mhotpatch_smoke[0m[2m:[0m hotpatch smoke heartbeat [3mframe[0m[2m=[0m22200 [3mlabel[0m[2m=[0m"AFTER"
470.26s ERROR [2m2026-09-28T08:06:51.192233Z[0m [32m INFO[0m [2mhotpatch_smoke[0m[2m:[0m hotpatch smoke heartbeat [3mframe[0m[2m=[0m22230 [3mlabel[0m[2m=[0m"AFTER"
470.52s ERROR [2m2026-09-28T08:06:51.454545Z[0m [32m INFO[0m [2mhotpatch_smoke[0m[2m:[0m hotpatch smoke heartbeat [3mframe[0m[2m=[0m22260 [3mlabel[0m[2m=[0m"AFTER"
470.78s ERROR [2m2026-09-28T08:06:51.711782Z[0m [32m INFO[0m [2mhotpatch_smoke[0m[2m:[0m hotpatch smoke heartbeat [3mframe[0m[2m=[0m22290 [3mlabel[0m[2m=[0m"AFTER"
471.04s ERROR [2m2026-09-28T08:06:51.970221Z[0m [32m INFO[0m [2mhotpatch_smoke[0m[2m:[0m hotpatch smoke heartbeat [3mframe[0m[2m=[0m22320 [3mlabel[0m[2m=[0m"AFTER"
471.30s ERROR [2m2026-09-28T08:06:52.229747Z[0m [32m INFO[0m [2mhotpatch_smoke[0m[2m:[0m hotpatch smoke heartbeat [3mframe[0m[2m=[0m22350 [3mlabel[0m[2m=[0m"AFTER"
471.56s ERROR [2m2026-09-28T08:06:52.493685Z[0m [32m INFO[0m [2mhotpatch_smoke[0m[2m:[0m hotpatch smoke heartbeat [3mframe[0m[2m=[0m22380 [3mlabel[0m[2m=[0m"AFTER"
471.82s ERROR [2m2026-09-28T08:06:52.757520Z[0m [32m INFO[0m [2mhotpatch_smoke[0m[2m:[0m hotpatch smoke heartbeat [3mframe[0m[2m=[0m22410 [3mlabel[0m[2m=[0m"AFTER"
472.09s ERROR [2m2026-09-28T08:06:53.020604Z[0m [32m INFO[0m [2mhotpatch_smoke[0m[2m:[0m hotpatch smoke heartbeat [3mframe[0m[2m=[0m22440 [3mlabel[0m[2m=[0m"AFTER"
472.35s ERROR [2m2026-09-28T08:06:53.281890Z[0m [32m INFO[0m [2mhotpatch_smoke[0m[2m:[0m hotpatch smoke heartbeat [3mframe[0m[2m=[0m22470 [3mlabel[0m[2m=[0m"AFTER"
472.62s ERROR [2m2026-09-28T08:06:53.549629Z[0m [32m INFO[0m [2mhotpatch_smoke[0m[2m:[0m hotpatch smoke heartbeat [3mframe[0m[2m=[0m22500 [3mlabel[0m[2m=[0m"AFTER"
472.88s ERROR [2m2026-09-28T08:06:53.815589Z[0m [32m INFO[0m [2mhotpatch_smoke[0m[2m:[0m hotpatch smoke heartbeat [3mframe[0m[2m=[0m22530 [3mlabel[0m[2m=[0m"AFTER"
473.15s ERROR [2m2026-09-28T08:06:54.079482Z[0m [32m INFO[0m [2mhotpatch_smoke[0m[2m:[0m hotpatch smoke heartbeat [3mframe[0m[2m=[0m22560 [3mlabel[0m[2m=[0m"AFTER"
473.41s ERROR [2m2026-09-28T08:06:54.341722Z[0m [32m INFO[0m [2mhotpatch_smoke[0m[2m:[0m hotpatch smoke heartbeat [3mframe[0m[2m=[0m22590 [3mlabel[0m[2m=[0m"AFTER"
473.67s ERROR [2m2026-09-28T08:06:54.602636Z[0m [32m INFO[0m [2mhotpatch_smoke[0m[2m:[0m hotpatch smoke heartbeat [3mframe[0m[2m=[0m22620 [3mlabel[0m[2m=[0m"AFTER"
473.94s ERROR [2m2026-09-28T08:06:54.872619Z[0m [32m INFO[0m [2mhotpatch_smoke[0m[2m:[0m hotpatch smoke heartbeat [3mframe[0m[2m=[0m22650 [3mlabel[0m[2m=[0m"AFTER"
474.21s ERROR [2m2026-09-28T08:06:55.142738Z[0m [32m INFO[0m [2mhotpatch_smoke[0m[2m:[0m hotpatch smoke heartbeat [3mframe[0m[2m=[0m22680 [3mlabel[0m[2m=[0m"AFTER"
474.47s ERROR [2m2026-09-28T08:06:55.405621Z[0m [32m INFO[0m [2mhotpatch_smoke[0m[2m:[0m hotpatch smoke heartbeat [3mframe[0m[2m=[0m22710 [3mlabel[0m[2m=[0m"AFTER"
474.73s ERROR [2m2026-09-28T08:06:55.668603Z[0m [32m INFO[0m [2mhotpatch_smoke[0m[2m:[0m hotpatch smoke heartbeat [3mframe[0m[2m=[0m22740 [3mlabel[0m[2m=[0m"AFTER"
474.99s ERROR [2m2026-09-28T08:06:55.927542Z[0m [32m INFO[0m [2mhotpatch_smoke[0m[2m:[0m hotpatch smoke heartbeat [3mframe[0m[2m=[0m22770 [3mlabel[0m[2m=[0m"AFTER"
475.25s ERROR [2m2026-09-28T08:06:56.186138Z[0m [32m INFO[0m [2mhotpatch_smoke[0m[2m:[0m hotpatch smoke heartbeat [3mframe[0m[2m=[0m22800 [3mlabel[0m[2m=[0m"AFTER"
475.52s ERROR [2m2026-09-28T08:06:56.451158Z[0m [32m INFO[0m [2mhotpatch_smoke[0m[2m:[0m hotpatch smoke heartbeat [3mframe[0m[2m=[0m22830 [3mlabel[0m[2m=[0m"AFTER"
475.77s ERROR [2m2026-09-28T08:06:56.706609Z[0m [32m INFO[0m [2mhotpatch_smoke[0m[2m:[0m hotpatch smoke heartbeat [3mframe[0m[2m=[0m22860 [3mlabel[0m[2m=[0m"AFTER"
476.04s ERROR [2m2026-09-28T08:06:56.970579Z[0m [32m INFO[0m [2mhotpatch_smoke[0m[2m:[0m hotpatch smoke heartbeat [3mframe[0m[2m=[0m22890 [3mlabel[0m[2m=[0m"AFTER"
476.30s ERROR [2m2026-09-28T08:06:57.229298Z[0m [32m INFO[0m [2mhotpatch_smoke[0m[2m:[0m hotpatch smoke heartbeat [3mframe[0m[2m=[0m22920 [3mlabel[0m[2m=[0m"AFTER"
476.56s ERROR [2m2026-09-28T08:06:57.497521Z[0m [32m INFO[0m [2mhotpatch_smoke[0m[2m:[0m hotpatch smoke heartbeat [3mframe[0m[2m=[0m22950 [3mlabel[0m[2m=[0m"AFTER"
476.83s ERROR [2m2026-09-28T08:06:57.759677Z[0m [32m INFO[0m [2mhotpatch_smoke[0m[2m:[0m hotpatch smoke heartbeat [3mframe[0m[2m=[0m22980 [3mlabel[0m[2m=[0m"AFTER"
477.09s ERROR [2m2026-09-28T08:06:58.021421Z[0m [32m INFO[0m [2mhotpatch_smoke[0m[2m:[0m hotpatch smoke heartbeat [3mframe[0m[2m=[0m23010 [3mlabel[0m[2m=[0m"AFTER"
477.35s ERROR [2m2026-09-28T08:06:58.285142Z[0m [32m INFO[0m [2mhotpatch_smoke[0m[2m:[0m hotpatch smoke heartbeat [3mframe[0m[2m=[0m23040 [3mlabel[0m[2m=[0m"AFTER"
477.61s ERROR [2m2026-09-28T08:06:58.542902Z[0m [32m INFO[0m [2mhotpatch_smoke[0m[2m:[0m hotpatch smoke heartbeat [3mframe[0m[2m=[0m23070 [3mlabel[0m[2m=[0m"AFTER"
477.87s ERROR [2m2026-09-28T08:06:58.801132Z[0m [32m INFO[0m [2mhotpatch_smoke[0m[2m:[0m hotpatch smoke heartbeat [3mframe[0m[2m=[0m23100 [3mlabel[0m[2m=[0m"AFTER"
478.13s ERROR [2m2026-09-28T08:06:59.062563Z[0m [32m INFO[0m [2mhotpatch_smoke[0m[2m:[0m hotpatch smoke heartbeat [3mframe[0m[2m=[0m23130 [3mlabel[0m[2m=[0m"AFTER"
478.39s ERROR [2m2026-09-28T08:06:59.322659Z[0m [32m INFO[0m [2mhotpatch_smoke[0m[2m:[0m hotpatch smoke heartbeat [3mframe[0m[2m=[0m23160 [3mlabel[0m[2m=[0m"AFTER"
478.65s ERROR [2m2026-09-28T08:06:59.585279Z[0m [32m INFO[0m [2mhotpatch_smoke[0m[2m:[0m hotpatch smoke heartbeat [3mframe[0m[2m=[0m23190 [3mlabel[0m[2m=[0m"AFTER"
478.91s ERROR [2m2026-09-28T08:06:59.842903Z[0m [32m INFO[0m [2mhotpatch_smoke[0m[2m:[0m hotpatch smoke heartbeat [3mframe[0m[2m=[0m23220 [3mlabel[0m[2m=[0m"AFTER"
479.17s ERROR [2m2026-09-28T08:07:00.102988Z[0m [32m INFO[0m [2mhotpatch_smoke[0m[2m:[0m hotpatch smoke heartbeat [3mframe[0m[2m=[0m23250 [3mlabel[0m[2m=[0m"AFTER"
479.43s ERROR [2m2026-09-28T08:07:00.360472Z[0m [32m INFO[0m [2mhotpatch_smoke[0m[2m:[0m hotpatch smoke heartbeat [3mframe[0m[2m=[0m23280 [3mlabel[0m[2m=[0m"AFTER"
479.69s ERROR [2m2026-09-28T08:07:00.625111Z[0m [32m INFO[0m [2mhotpatch_smoke[0m[2m:[0m hotpatch smoke heartbeat [3mframe[0m[2m=[0m23310 [3mlabel[0m[2m=[0m"AFTER"
479.95s ERROR [2m2026-09-28T08:07:00.881747Z[0m [32m INFO[0m [2mhotpatch_smoke[0m[2m:[0m hotpatch smoke heartbeat [3mframe[0m[2m=[0m23340 [3mlabel[0m[2m=[0m"AFTER"
480.21s ERROR [2m2026-09-28T08:07:01.147542Z[0m [32m INFO[0m [2mhotpatch_smoke[0m[2m:[0m hotpatch smoke heartbeat [3mframe[0m[2m=[0m23370 [3mlabel[0m[2m=[0m"AFTER"
480.47s ERROR [2m2026-09-28T08:07:01.407686Z[0m [32m INFO[0m [2mhotpatch_smoke[0m[2m:[0m hotpatch smoke heartbeat [3mframe[0m[2m=[0m23400 [3mlabel[0m[2m=[0m"AFTER"
480.74s ERROR [2m2026-09-28T08:07:01.669649Z[0m [32m INFO[0m [2mhotpatch_smoke[0m[2m:[0m hotpatch smoke heartbeat [3mframe[0m[2m=[0m23430 [3mlabel[0m[2m=[0m"AFTER"
481.01s ERROR [2m2026-09-28T08:07:01.939588Z[0m [32m INFO[0m [2mhotpatch_smoke[0m[2m:[0m hotpatch smoke heartbeat [3mframe[0m[2m=[0m23460 [3mlabel[0m[2m=[0m"AFTER"
481.27s ERROR [2m2026-09-28T08:07:02.201705Z[0m [32m INFO[0m [2mhotpatch_smoke[0m[2m:[0m hotpatch smoke heartbeat [3mframe[0m[2m=[0m23490 [3mlabel[0m[2m=[0m"AFTER"
481.52s ERROR [2m2026-09-28T08:07:02.457779Z[0m [32m INFO[0m [2mhotpatch_smoke[0m[2m:[0m hotpatch smoke heartbeat [3mframe[0m[2m=[0m23520 [3mlabel[0m[2m=[0m"AFTER"
481.78s ERROR [2m2026-09-28T08:07:02.714538Z[0m [32m INFO[0m [2mhotpatch_smoke[0m[2m:[0m hotpatch smoke heartbeat [3mframe[0m[2m=[0m23550 [3mlabel[0m[2m=[0m"AFTER"
482.04s ERROR [2m2026-09-28T08:07:02.969000Z[0m [32m INFO[0m [2mhotpatch_smoke[0m[2m:[0m hotpatch smoke heartbeat [3mframe[0m[2m=[0m23580 [3mlabel[0m[2m=[0m"AFTER"
482.30s ERROR [2m2026-09-28T08:07:03.232606Z[0m [32m INFO[0m [2mhotpatch_smoke[0m[2m:[0m hotpatch smoke heartbeat [3mframe[0m[2m=[0m23610 [3mlabel[0m[2m=[0m"AFTER"
482.56s ERROR [2m2026-09-28T08:07:03.498652Z[0m [32m INFO[0m [2mhotpatch_smoke[0m[2m:[0m hotpatch smoke heartbeat [3mframe[0m[2m=[0m23640 [3mlabel[0m[2m=[0m"AFTER"
482.83s ERROR [2m2026-09-28T08:07:03.763715Z[0m [32m INFO[0m [2mhotpatch_smoke[0m[2m:[0m hotpatch smoke heartbeat [3mframe[0m[2m=[0m23670 [3mlabel[0m[2m=[0m"AFTER"
483.09s ERROR [2m2026-09-28T08:07:04.026702Z[0m [32m INFO[0m [2mhotpatch_smoke[0m[2m:[0m hotpatch smoke heartbeat [3mframe[0m[2m=[0m23700 [3mlabel[0m[2m=[0m"AFTER"
483.35s ERROR [2m2026-09-28T08:07:04.286016Z[0m [32m INFO[0m [2mhotpatch_smoke[0m[2m:[0m hotpatch smoke heartbeat [3mframe[0m[2m=[0m23730 [3mlabel[0m[2m=[0m"AFTER"
483.62s ERROR [2m2026-09-28T08:07:04.550094Z[0m [32m INFO[0m [2mhotpatch_smoke[0m[2m:[0m hotpatch smoke heartbeat [3mframe[0m[2m=[0m23760 [3mlabel[0m[2m=[0m"AFTER"
483.88s ERROR [2m2026-09-28T08:07:04.809402Z[0m [32m INFO[0m [2mhotpatch_smoke[0m[2m:[0m hotpatch smoke heartbeat [3mframe[0m[2m=[0m23790 [3mlabel[0m[2m=[0m"AFTER"
484.14s ERROR [2m2026-09-28T08:07:05.069826Z[0m [32m INFO[0m [2mhotpatch_smoke[0m[2m:[0m hotpatch smoke heartbeat [3mframe[0m[2m=[0m23820 [3mlabel[0m[2m=[0m"AFTER"
484.40s ERROR [2m2026-09-28T08:07:05.329618Z[0m [32m INFO[0m [2mhotpatch_smoke[0m[2m:[0m hotpatch smoke heartbeat [3mframe[0m[2m=[0m23850 [3mlabel[0m[2m=[0m"AFTER"
484.66s ERROR [2m2026-09-28T08:07:05.590424Z[0m [32m INFO[0m [2mhotpatch_smoke[0m[2m:[0m hotpatch smoke heartbeat [3mframe[0m[2m=[0m23880 [3mlabel[0m[2m=[0m"AFTER"
484.92s ERROR [2m2026-09-28T08:07:05.852078Z[0m [32m INFO[0m [2mhotpatch_smoke[0m[2m:[0m hotpatch smoke heartbeat [3mframe[0m[2m=[0m23910 [3mlabel[0m[2m=[0m"AFTER"
485.19s ERROR [2m2026-09-28T08:07:06.122030Z[0m [32m INFO[0m [2mhotpatch_smoke[0m[2m:[0m hotpatch smoke heartbeat [3mframe[0m[2m=[0m23940 [3mlabel[0m[2m=[0m"AFTER"
485.46s ERROR [2m2026-09-28T08:07:06.391843Z[0m [32m INFO[0m [2mhotpatch_smoke[0m[2m:[0m hotpatch smoke heartbeat [3mframe[0m[2m=[0m23970 [3mlabel[0m[2m=[0m"AFTER"
485.73s ERROR [2m2026-09-28T08:07:06.661721Z[0m [32m INFO[0m [2mhotpatch_smoke[0m[2m:[0m hotpatch smoke heartbeat [3mframe[0m[2m=[0m24000 [3mlabel[0m[2m=[0m"AFTER"
486.00s ERROR [2m2026-09-28T08:07:06.931815Z[0m [32m INFO[0m [2mhotpatch_smoke[0m[2m:[0m hotpatch smoke heartbeat [3mframe[0m[2m=[0m24030 [3mlabel[0m[2m=[0m"AFTER"
486.27s ERROR [2m2026-09-28T08:07:07.201864Z[0m [32m INFO[0m [2mhotpatch_smoke[0m[2m:[0m hotpatch smoke heartbeat [3mframe[0m[2m=[0m24060 [3mlabel[0m[2m=[0m"AFTER"
486.54s ERROR [2m2026-09-28T08:07:07.471853Z[0m [32m INFO[0m [2mhotpatch_smoke[0m[2m:[0m hotpatch smoke heartbeat [3mframe[0m[2m=[0m24090 [3mlabel[0m[2m=[0m"AFTER"
486.81s ERROR [2m2026-09-28T08:07:07.741742Z[0m [32m INFO[0m [2mhotpatch_smoke[0m[2m:[0m hotpatch smoke heartbeat [3mframe[0m[2m=[0m24120 [3mlabel[0m[2m=[0m"AFTER"
487.08s ERROR [2m2026-09-28T08:07:08.011837Z[0m [32m INFO[0m [2mhotpatch_smoke[0m[2m:[0m hotpatch smoke heartbeat [3mframe[0m[2m=[0m24150 [3mlabel[0m[2m=[0m"AFTER"
487.35s ERROR [2m2026-09-28T08:07:08.281872Z[0m [32m INFO[0m [2mhotpatch_smoke[0m[2m:[0m hotpatch smoke heartbeat [3mframe[0m[2m=[0m24180 [3mlabel[0m[2m=[0m"AFTER"
487.62s ERROR [2m2026-09-28T08:07:08.551794Z[0m [32m INFO[0m [2mhotpatch_smoke[0m[2m:[0m hotpatch smoke heartbeat [3mframe[0m[2m=[0m24210 [3mlabel[0m[2m=[0m"AFTER"
487.89s ERROR [2m2026-09-28T08:07:08.821788Z[0m [32m INFO[0m [2mhotpatch_smoke[0m[2m:[0m hotpatch smoke heartbeat [3mframe[0m[2m=[0m24240 [3mlabel[0m[2m=[0m"AFTER"
488.16s ERROR [2m2026-09-28T08:07:09.091897Z[0m [32m INFO[0m [2mhotpatch_smoke[0m[2m:[0m hotpatch smoke heartbeat [3mframe[0m[2m=[0m24270 [3mlabel[0m[2m=[0m"AFTER"
488.43s ERROR [2m2026-09-28T08:07:09.361874Z[0m [32m INFO[0m [2mhotpatch_smoke[0m[2m:[0m hotpatch smoke heartbeat [3mframe[0m[2m=[0m24300 [3mlabel[0m[2m=[0m"AFTER"
488.70s ERROR [2m2026-09-28T08:07:09.631848Z[0m [32m INFO[0m [2mhotpatch_smoke[0m[2m:[0m hotpatch smoke heartbeat [3mframe[0m[2m=[0m24330 [3mlabel[0m[2m=[0m"AFTER"
488.97s ERROR [2m2026-09-28T08:07:09.901891Z[0m [32m INFO[0m [2mhotpatch_smoke[0m[2m:[0m hotpatch smoke heartbeat [3mframe[0m[2m=[0m24360 [3mlabel[0m[2m=[0m"AFTER"
489.24s ERROR [2m2026-09-28T08:07:10.171802Z[0m [32m INFO[0m [2mhotpatch_smoke[0m[2m:[0m hotpatch smoke heartbeat [3mframe[0m[2m=[0m24390 [3mlabel[0m[2m=[0m"AFTER"
489.51s ERROR [2m2026-09-28T08:07:10.441875Z[0m [32m INFO[0m [2mhotpatch_smoke[0m[2m:[0m hotpatch smoke heartbeat [3mframe[0m[2m=[0m24420 [3mlabel[0m[2m=[0m"AFTER"
489.78s ERROR [2m2026-09-28T08:07:10.711819Z[0m [32m INFO[0m [2mhotpatch_smoke[0m[2m:[0m hotpatch smoke heartbeat [3mframe[0m[2m=[0m24450 [3mlabel[0m[2m=[0m"AFTER"
490.05s ERROR [2m2026-09-28T08:07:10.982181Z[0m [32m INFO[0m [2mhotpatch_smoke[0m[2m:[0m hotpatch smoke heartbeat [3mframe[0m[2m=[0m24480 [3mlabel[0m[2m=[0m"AFTER"
490.32s ERROR [2m2026-09-28T08:07:11.249615Z[0m [32m INFO[0m [2mhotpatch_smoke[0m[2m:[0m hotpatch smoke heartbeat [3mframe[0m[2m=[0m24510 [3mlabel[0m[2m=[0m"AFTER"
490.58s ERROR [2m2026-09-28T08:07:11.518628Z[0m [32m INFO[0m [2mhotpatch_smoke[0m[2m:[0m hotpatch smoke heartbeat [3mframe[0m[2m=[0m24540 [3mlabel[0m[2m=[0m"AFTER"
490.85s ERROR [2m2026-09-28T08:07:11.786679Z[0m [32m INFO[0m [2mhotpatch_smoke[0m[2m:[0m hotpatch smoke heartbeat [3mframe[0m[2m=[0m24570 [3mlabel[0m[2m=[0m"AFTER"
491.11s ERROR [2m2026-09-28T08:07:12.044810Z[0m [32m INFO[0m [2mhotpatch_smoke[0m[2m:[0m hotpatch smoke heartbeat [3mframe[0m[2m=[0m24600 [3mlabel[0m[2m=[0m"AFTER"
491.37s ERROR [2m2026-09-28T08:07:12.301584Z[0m [32m INFO[0m [2mhotpatch_smoke[0m[2m:[0m hotpatch smoke heartbeat [3mframe[0m[2m=[0m24630 [3mlabel[0m[2m=[0m"AFTER"
491.64s ERROR [2m2026-09-28T08:07:12.569592Z[0m [32m INFO[0m [2mhotpatch_smoke[0m[2m:[0m hotpatch smoke heartbeat [3mframe[0m[2m=[0m24660 [3mlabel[0m[2m=[0m"AFTER"
491.89s ERROR [2m2026-09-28T08:07:12.827748Z[0m [32m INFO[0m [2mhotpatch_smoke[0m[2m:[0m hotpatch smoke heartbeat [3mframe[0m[2m=[0m24690 [3mlabel[0m[2m=[0m"AFTER"
492.16s ERROR [2m2026-09-28T08:07:13.089559Z[0m [32m INFO[0m [2mhotpatch_smoke[0m[2m:[0m hotpatch smoke heartbeat [3mframe[0m[2m=[0m24720 [3mlabel[0m[2m=[0m"AFTER"
492.42s ERROR [2m2026-09-28T08:07:13.356000Z[0m [32m INFO[0m [2mhotpatch_smoke[0m[2m:[0m hotpatch smoke heartbeat [3mframe[0m[2m=[0m24750 [3mlabel[0m[2m=[0m"AFTER"
492.69s ERROR [2m2026-09-28T08:07:13.619515Z[0m [32m INFO[0m [2mhotpatch_smoke[0m[2m:[0m hotpatch smoke heartbeat [3mframe[0m[2m=[0m24780 [3mlabel[0m[2m=[0m"AFTER"
492.95s ERROR [2m2026-09-28T08:07:13.884683Z[0m [32m INFO[0m [2mhotpatch_smoke[0m[2m:[0m hotpatch smoke heartbeat [3mframe[0m[2m=[0m24810 [3mlabel[0m[2m=[0m"AFTER"
493.22s ERROR [2m2026-09-28T08:07:14.152656Z[0m [32m INFO[0m [2mhotpatch_smoke[0m[2m:[0m hotpatch smoke heartbeat [3mframe[0m[2m=[0m24840 [3mlabel[0m[2m=[0m"AFTER"
493.48s ERROR [2m2026-09-28T08:07:14.418840Z[0m [32m INFO[0m [2mhotpatch_smoke[0m[2m:[0m hotpatch smoke heartbeat [3mframe[0m[2m=[0m24870 [3mlabel[0m[2m=[0m"AFTER"
493.74s ERROR [2m2026-09-28T08:07:14.678849Z[0m [32m INFO[0m [2mhotpatch_smoke[0m[2m:[0m hotpatch smoke heartbeat [3mframe[0m[2m=[0m24900 [3mlabel[0m[2m=[0m"AFTER"
494.01s ERROR [2m2026-09-28T08:07:14.948704Z[0m [32m INFO[0m [2mhotpatch_smoke[0m[2m:[0m hotpatch smoke heartbeat [3mframe[0m[2m=[0m24930 [3mlabel[0m[2m=[0m"AFTER"
494.27s ERROR [2m2026-09-28T08:07:15.206599Z[0m [32m INFO[0m [2mhotpatch_smoke[0m[2m:[0m hotpatch smoke heartbeat [3mframe[0m[2m=[0m24960 [3mlabel[0m[2m=[0m"AFTER"
494.53s ERROR [2m2026-09-28T08:07:15.461628Z[0m [32m INFO[0m [2mhotpatch_smoke[0m[2m:[0m hotpatch smoke heartbeat [3mframe[0m[2m=[0m24990 [3mlabel[0m[2m=[0m"AFTER"
494.79s ERROR [2m2026-09-28T08:07:15.720748Z[0m [32m INFO[0m [2mhotpatch_smoke[0m[2m:[0m hotpatch smoke heartbeat [3mframe[0m[2m=[0m25020 [3mlabel[0m[2m=[0m"AFTER"
495.06s ERROR [2m2026-09-28T08:07:15.990783Z[0m [32m INFO[0m [2mhotpatch_smoke[0m[2m:[0m hotpatch smoke heartbeat [3mframe[0m[2m=[0m25050 [3mlabel[0m[2m=[0m"AFTER"
495.32s ERROR [2m2026-09-28T08:07:16.253821Z[0m [32m INFO[0m [2mhotpatch_smoke[0m[2m:[0m hotpatch smoke heartbeat [3mframe[0m[2m=[0m25080 [3mlabel[0m[2m=[0m"AFTER"
495.58s ERROR [2m2026-09-28T08:07:16.517575Z[0m [32m INFO[0m [2mhotpatch_smoke[0m[2m:[0m hotpatch smoke heartbeat [3mframe[0m[2m=[0m25110 [3mlabel[0m[2m=[0m"AFTER"
495.85s ERROR [2m2026-09-28T08:07:16.783573Z[0m [32m INFO[0m [2mhotpatch_smoke[0m[2m:[0m hotpatch smoke heartbeat [3mframe[0m[2m=[0m25140 [3mlabel[0m[2m=[0m"AFTER"
496.11s ERROR [2m2026-09-28T08:07:17.041800Z[0m [32m INFO[0m [2mhotpatch_smoke[0m[2m:[0m hotpatch smoke heartbeat [3mframe[0m[2m=[0m25170 [3mlabel[0m[2m=[0m"AFTER"
496.37s ERROR [2m2026-09-28T08:07:17.307503Z[0m [32m INFO[0m [2mhotpatch_smoke[0m[2m:[0m hotpatch smoke heartbeat [3mframe[0m[2m=[0m25200 [3mlabel[0m[2m=[0m"AFTER"
496.64s ERROR [2m2026-09-28T08:07:17.577540Z[0m [32m INFO[0m [2mhotpatch_smoke[0m[2m:[0m hotpatch smoke heartbeat [3mframe[0m[2m=[0m25230 [3mlabel[0m[2m=[0m"AFTER"
496.91s ERROR [2m2026-09-28T08:07:17.842265Z[0m [32m INFO[0m [2mhotpatch_smoke[0m[2m:[0m hotpatch smoke heartbeat [3mframe[0m[2m=[0m25260 [3mlabel[0m[2m=[0m"AFTER"
497.17s ERROR [2m2026-09-28T08:07:18.104941Z[0m [32m INFO[0m [2mhotpatch_smoke[0m[2m:[0m hotpatch smoke heartbeat [3mframe[0m[2m=[0m25290 [3mlabel[0m[2m=[0m"AFTER"
497.44s ERROR [2m2026-09-28T08:07:18.373649Z[0m [32m INFO[0m [2mhotpatch_smoke[0m[2m:[0m hotpatch smoke heartbeat [3mframe[0m[2m=[0m25320 [3mlabel[0m[2m=[0m"AFTER"
497.70s ERROR [2m2026-09-28T08:07:18.636475Z[0m [32m INFO[0m [2mhotpatch_smoke[0m[2m:[0m hotpatch smoke heartbeat [3mframe[0m[2m=[0m25350 [3mlabel[0m[2m=[0m"AFTER"
497.96s ERROR [2m2026-09-28T08:07:18.898731Z[0m [32m INFO[0m [2mhotpatch_smoke[0m[2m:[0m hotpatch smoke heartbeat [3mframe[0m[2m=[0m25380 [3mlabel[0m[2m=[0m"AFTER"
498.23s ERROR [2m2026-09-28T08:07:19.159520Z[0m [32m INFO[0m [2mhotpatch_smoke[0m[2m:[0m hotpatch smoke heartbeat [3mframe[0m[2m=[0m25410 [3mlabel[0m[2m=[0m"AFTER"
498.49s ERROR [2m2026-09-28T08:07:19.427701Z[0m [32m INFO[0m [2mhotpatch_smoke[0m[2m:[0m hotpatch smoke heartbeat [3mframe[0m[2m=[0m25440 [3mlabel[0m[2m=[0m"AFTER"
498.76s ERROR [2m2026-09-28T08:07:19.695604Z[0m [32m INFO[0m [2mhotpatch_smoke[0m[2m:[0m hotpatch smoke heartbeat [3mframe[0m[2m=[0m25470 [3mlabel[0m[2m=[0m"AFTER"
499.03s ERROR [2m2026-09-28T08:07:19.964570Z[0m [32m INFO[0m [2mhotpatch_smoke[0m[2m:[0m hotpatch smoke heartbeat [3mframe[0m[2m=[0m25500 [3mlabel[0m[2m=[0m"AFTER"
499.29s ERROR [2m2026-09-28T08:07:20.225382Z[0m [32m INFO[0m [2mhotpatch_smoke[0m[2m:[0m hotpatch smoke heartbeat [3mframe[0m[2m=[0m25530 [3mlabel[0m[2m=[0m"AFTER"
499.55s ERROR [2m2026-09-28T08:07:20.487831Z[0m [32m INFO[0m [2mhotpatch_smoke[0m[2m:[0m hotpatch smoke heartbeat [3mframe[0m[2m=[0m25560 [3mlabel[0m[2m=[0m"AFTER"
499.82s ERROR [2m2026-09-28T08:07:20.751846Z[0m [32m INFO[0m [2mhotpatch_smoke[0m[2m:[0m hotpatch smoke heartbeat [3mframe[0m[2m=[0m25590 [3mlabel[0m[2m=[0m"AFTER"
500.08s ERROR [2m2026-09-28T08:07:21.014199Z[0m [32m INFO[0m [2mhotpatch_smoke[0m[2m:[0m hotpatch smoke heartbeat [3mframe[0m[2m=[0m25620 [3mlabel[0m[2m=[0m"AFTER"
500.34s ERROR [2m2026-09-28T08:07:21.276679Z[0m [32m INFO[0m [2mhotpatch_smoke[0m[2m:[0m hotpatch smoke heartbeat [3mframe[0m[2m=[0m25650 [3mlabel[0m[2m=[0m"AFTER"
500.61s ERROR [2m2026-09-28T08:07:21.543858Z[0m [32m INFO[0m [2mhotpatch_smoke[0m[2m:[0m hotpatch smoke heartbeat [3mframe[0m[2m=[0m25680 [3mlabel[0m[2m=[0m"AFTER"
500.87s ERROR [2m2026-09-28T08:07:21.807583Z[0m [32m INFO[0m [2mhotpatch_smoke[0m[2m:[0m hotpatch smoke heartbeat [3mframe[0m[2m=[0m25710 [3mlabel[0m[2m=[0m"AFTER"
501.14s ERROR [2m2026-09-28T08:07:22.074602Z[0m [32m INFO[0m [2mhotpatch_smoke[0m[2m:[0m hotpatch smoke heartbeat [3mframe[0m[2m=[0m25740 [3mlabel[0m[2m=[0m"AFTER"
501.41s ERROR [2m2026-09-28T08:07:22.340565Z[0m [32m INFO[0m [2mhotpatch_smoke[0m[2m:[0m hotpatch smoke heartbeat [3mframe[0m[2m=[0m25770 [3mlabel[0m[2m=[0m"AFTER"
501.67s ERROR [2m2026-09-28T08:07:22.602763Z[0m [32m INFO[0m [2mhotpatch_smoke[0m[2m:[0m hotpatch smoke heartbeat [3mframe[0m[2m=[0m25800 [3mlabel[0m[2m=[0m"AFTER"
501.94s ERROR [2m2026-09-28T08:07:22.872831Z[0m [32m INFO[0m [2mhotpatch_smoke[0m[2m:[0m hotpatch smoke heartbeat [3mframe[0m[2m=[0m25830 [3mlabel[0m[2m=[0m"AFTER"
502.21s ERROR [2m2026-09-28T08:07:23.140855Z[0m [32m INFO[0m [2mhotpatch_smoke[0m[2m:[0m hotpatch smoke heartbeat [3mframe[0m[2m=[0m25860 [3mlabel[0m[2m=[0m"AFTER"
502.47s ERROR [2m2026-09-28T08:07:23.405691Z[0m [32m INFO[0m [2mhotpatch_smoke[0m[2m:[0m hotpatch smoke heartbeat [3mframe[0m[2m=[0m25890 [3mlabel[0m[2m=[0m"AFTER"
502.74s ERROR [2m2026-09-28T08:07:23.672793Z[0m [32m INFO[0m [2mhotpatch_smoke[0m[2m:[0m hotpatch smoke heartbeat [3mframe[0m[2m=[0m25920 [3mlabel[0m[2m=[0m"AFTER"
503.01s ERROR [2m2026-09-28T08:07:23.939566Z[0m [32m INFO[0m [2mhotpatch_smoke[0m[2m:[0m hotpatch smoke heartbeat [3mframe[0m[2m=[0m25950 [3mlabel[0m[2m=[0m"AFTER"
503.27s ERROR [2m2026-09-28T08:07:24.206156Z[0m [32m INFO[0m [2mhotpatch_smoke[0m[2m:[0m hotpatch smoke heartbeat [3mframe[0m[2m=[0m25980 [3mlabel[0m[2m=[0m"AFTER"
503.53s ERROR [2m2026-09-28T08:07:24.466698Z[0m [32m INFO[0m [2mhotpatch_smoke[0m[2m:[0m hotpatch smoke heartbeat [3mframe[0m[2m=[0m26010 [3mlabel[0m[2m=[0m"AFTER"
503.80s ERROR [2m2026-09-28T08:07:24.732165Z[0m [32m INFO[0m [2mhotpatch_smoke[0m[2m:[0m hotpatch smoke heartbeat [3mframe[0m[2m=[0m26040 [3mlabel[0m[2m=[0m"AFTER"
504.07s ERROR [2m2026-09-28T08:07:25.000589Z[0m [32m INFO[0m [2mhotpatch_smoke[0m[2m:[0m hotpatch smoke heartbeat [3mframe[0m[2m=[0m26070 [3mlabel[0m[2m=[0m"AFTER"
504.34s ERROR [2m2026-09-28T08:07:25.270521Z[0m [32m INFO[0m [2mhotpatch_smoke[0m[2m:[0m hotpatch smoke heartbeat [3mframe[0m[2m=[0m26100 [3mlabel[0m[2m=[0m"AFTER"
504.61s ERROR [2m2026-09-28T08:07:25.540495Z[0m [32m INFO[0m [2mhotpatch_smoke[0m[2m:[0m hotpatch smoke heartbeat [3mframe[0m[2m=[0m26130 [3mlabel[0m[2m=[0m"AFTER"
504.88s ERROR [2m2026-09-28T08:07:25.810504Z[0m [32m INFO[0m [2mhotpatch_smoke[0m[2m:[0m hotpatch smoke heartbeat [3mframe[0m[2m=[0m26160 [3mlabel[0m[2m=[0m"AFTER"
505.15s ERROR [2m2026-09-28T08:07:26.080528Z[0m [32m INFO[0m [2mhotpatch_smoke[0m[2m:[0m hotpatch smoke heartbeat [3mframe[0m[2m=[0m26190 [3mlabel[0m[2m=[0m"AFTER"
505.42s ERROR [2m2026-09-28T08:07:26.350604Z[0m [32m INFO[0m [2mhotpatch_smoke[0m[2m:[0m hotpatch smoke heartbeat [3mframe[0m[2m=[0m26220 [3mlabel[0m[2m=[0m"AFTER"
505.69s ERROR [2m2026-09-28T08:07:26.620502Z[0m [32m INFO[0m [2mhotpatch_smoke[0m[2m:[0m hotpatch smoke heartbeat [3mframe[0m[2m=[0m26250 [3mlabel[0m[2m=[0m"AFTER"
505.96s ERROR [2m2026-09-28T08:07:26.890692Z[0m [32m INFO[0m [2mhotpatch_smoke[0m[2m:[0m hotpatch smoke heartbeat [3mframe[0m[2m=[0m26280 [3mlabel[0m[2m=[0m"AFTER"
506.23s ERROR [2m2026-09-28T08:07:27.160558Z[0m [32m INFO[0m [2mhotpatch_smoke[0m[2m:[0m hotpatch smoke heartbeat [3mframe[0m[2m=[0m26310 [3mlabel[0m[2m=[0m"AFTER"
506.50s ERROR [2m2026-09-28T08:07:27.430574Z[0m [32m INFO[0m [2mhotpatch_smoke[0m[2m:[0m hotpatch smoke heartbeat [3mframe[0m[2m=[0m26340 [3mlabel[0m[2m=[0m"AFTER"
506.77s ERROR [2m2026-09-28T08:07:27.700573Z[0m [32m INFO[0m [2mhotpatch_smoke[0m[2m:[0m hotpatch smoke heartbeat [3mframe[0m[2m=[0m26370 [3mlabel[0m[2m=[0m"AFTER"
507.04s ERROR [2m2026-09-28T08:07:27.970642Z[0m [32m INFO[0m [2mhotpatch_smoke[0m[2m:[0m hotpatch smoke heartbeat [3mframe[0m[2m=[0m26400 [3mlabel[0m[2m=[0m"AFTER"
507.31s ERROR [2m2026-09-28T08:07:28.240597Z[0m [32m INFO[0m [2mhotpatch_smoke[0m[2m:[0m hotpatch smoke heartbeat [3mframe[0m[2m=[0m26430 [3mlabel[0m[2m=[0m"AFTER"
507.58s ERROR [2m2026-09-28T08:07:28.510694Z[0m [32m INFO[0m [2mhotpatch_smoke[0m[2m:[0m hotpatch smoke heartbeat [3mframe[0m[2m=[0m26460 [3mlabel[0m[2m=[0m"AFTER"
507.85s ERROR [2m2026-09-28T08:07:28.780621Z[0m [32m INFO[0m [2mhotpatch_smoke[0m[2m:[0m hotpatch smoke heartbeat [3mframe[0m[2m=[0m26490 [3mlabel[0m[2m=[0m"AFTER"
508.12s ERROR [2m2026-09-28T08:07:29.050661Z[0m [32m INFO[0m [2mhotpatch_smoke[0m[2m:[0m hotpatch smoke heartbeat [3mframe[0m[2m=[0m26520 [3mlabel[0m[2m=[0m"AFTER"
508.39s ERROR [2m2026-09-28T08:07:29.320706Z[0m [32m INFO[0m [2mhotpatch_smoke[0m[2m:[0m hotpatch smoke heartbeat [3mframe[0m[2m=[0m26550 [3mlabel[0m[2m=[0m"AFTER"
508.66s ERROR [2m2026-09-28T08:07:29.590732Z[0m [32m INFO[0m [2mhotpatch_smoke[0m[2m:[0m hotpatch smoke heartbeat [3mframe[0m[2m=[0m26580 [3mlabel[0m[2m=[0m"AFTER"
508.93s ERROR [2m2026-09-28T08:07:29.860736Z[0m [32m INFO[0m [2mhotpatch_smoke[0m[2m:[0m hotpatch smoke heartbeat [3mframe[0m[2m=[0m26610 [3mlabel[0m[2m=[0m"AFTER"
509.20s ERROR [2m2026-09-28T08:07:30.130761Z[0m [32m INFO[0m [2mhotpatch_smoke[0m[2m:[0m hotpatch smoke heartbeat [3mframe[0m[2m=[0m26640 [3mlabel[0m[2m=[0m"AFTER"
509.47s ERROR [2m2026-09-28T08:07:30.400504Z[0m [32m INFO[0m [2mhotpatch_smoke[0m[2m:[0m hotpatch smoke heartbeat [3mframe[0m[2m=[0m26670 [3mlabel[0m[2m=[0m"AFTER"
509.74s ERROR [2m2026-09-28T08:07:30.670049Z[0m [32m INFO[0m [2mhotpatch_smoke[0m[2m:[0m hotpatch smoke heartbeat [3mframe[0m[2m=[0m26700 [3mlabel[0m[2m=[0m"AFTER"
509.92s  INFO Hot-patching: [32msrc\main.rs[0m took [33m1186ms[0m
510.01s ERROR [2m2026-09-28T08:07:30.940008Z[0m [32m INFO[0m [2mhotpatch_smoke[0m[2m:[0m hotpatch smoke heartbeat [3mframe[0m[2m=[0m26730 [3mlabel[0m[2m=[0m"AFTER"
510.10s ERROR [2m2026-09-28T08:07:31.029918Z[0m [32m INFO[0m [2mhotpatch_smoke[0m[2m:[0m hotpatch smoke heartbeat [3mframe[0m[2m=[0m26740 [3mlabel[0m[2m=[0m"AFTER"
510.18s ERROR [2m2026-09-28T08:07:31.116902Z[0m [32m INFO[0m [2mhotpatch_smoke[0m[2m:[0m hotpatch smoke heartbeat [3mframe[0m[2m=[0m26750 [3mlabel[0m[2m=[0m"AFTER"
510.27s ERROR [2m2026-09-28T08:07:31.205713Z[0m [32m INFO[0m [2mhotpatch_smoke[0m[2m:[0m hotpatch smoke heartbeat [3mframe[0m[2m=[0m26760 [3mlabel[0m[2m=[0m"AFTER"
510.36s ERROR [2m2026-09-28T08:07:31.295860Z[0m [32m INFO[0m [2mhotpatch_smoke[0m[2m:[0m hotpatch smoke heartbeat [3mframe[0m[2m=[0m26770 [3mlabel[0m[2m=[0m"AFTER"
510.45s ERROR [2m2026-09-28T08:07:31.385595Z[0m [32m INFO[0m [2mhotpatch_smoke[0m[2m:[0m hotpatch smoke heartbeat [3mframe[0m[2m=[0m26780 [3mlabel[0m[2m=[0m"AFTER"
510.54s ERROR [2m2026-09-28T08:07:31.472334Z[0m [32m INFO[0m [2mhotpatch_smoke[0m[2m:[0m hotpatch smoke heartbeat [3mframe[0m[2m=[0m26790 [3mlabel[0m[2m=[0m"AFTER"
510.63s ERROR [2m2026-09-28T08:07:31.560516Z[0m [32m INFO[0m [2mhotpatch_smoke[0m[2m:[0m hotpatch smoke heartbeat [3mframe[0m[2m=[0m26800 [3mlabel[0m[2m=[0m"AFTER"
510.71s ERROR [2m2026-09-28T08:07:31.648602Z[0m [32m INFO[0m [2mhotpatch_smoke[0m[2m:[0m hotpatch smoke heartbeat [3mframe[0m[2m=[0m26810 [3mlabel[0m[2m=[0m"AFTER"
510.80s ERROR [2m2026-09-28T08:07:31.738708Z[0m [32m INFO[0m [2mhotpatch_smoke[0m[2m:[0m hotpatch smoke heartbeat [3mframe[0m[2m=[0m26820 [3mlabel[0m[2m=[0m"AFTER"
510.89s ERROR [2m2026-09-28T08:07:31.823582Z[0m [32m INFO[0m [2mhotpatch_smoke[0m[2m:[0m hotpatch smoke heartbeat [3mframe[0m[2m=[0m26830 [3mlabel[0m[2m=[0m"AFTER"
510.98s ERROR [2m2026-09-28T08:07:31.911597Z[0m [32m INFO[0m [2mhotpatch_smoke[0m[2m:[0m hotpatch smoke heartbeat [3mframe[0m[2m=[0m26840 [3mlabel[0m[2m=[0m"AFTER"
511.06s ERROR [2m2026-09-28T08:07:31.996748Z[0m [32m INFO[0m [2mhotpatch_smoke[0m[2m:[0m hotpatch smoke heartbeat [3mframe[0m[2m=[0m26850 [3mlabel[0m[2m=[0m"AFTER"
511.15s ERROR [2m2026-09-28T08:07:32.081941Z[0m [32m INFO[0m [2mhotpatch_smoke[0m[2m:[0m hotpatch smoke heartbeat [3mframe[0m[2m=[0m26860 [3mlabel[0m[2m=[0m"AFTER"
511.23s ERROR [2m2026-09-28T08:07:32.166060Z[0m [32m INFO[0m [2mhotpatch_smoke[0m[2m:[0m hotpatch smoke heartbeat [3mframe[0m[2m=[0m26870 [3mlabel[0m[2m=[0m"AFTER"
511.32s ERROR [2m2026-09-28T08:07:32.251839Z[0m [32m INFO[0m [2mhotpatch_smoke[0m[2m:[0m hotpatch smoke heartbeat [3mframe[0m[2m=[0m26880 [3mlabel[0m[2m=[0m"AFTER"
511.41s ERROR [2m2026-09-28T08:07:32.339597Z[0m [32m INFO[0m [2mhotpatch_smoke[0m[2m:[0m hotpatch smoke heartbeat [3mframe[0m[2m=[0m26890 [3mlabel[0m[2m=[0m"AFTER"
511.49s ERROR [2m2026-09-28T08:07:32.428729Z[0m [32m INFO[0m [2mhotpatch_smoke[0m[2m:[0m hotpatch smoke heartbeat [3mframe[0m[2m=[0m26900 [3mlabel[0m[2m=[0m"AFTER"
511.58s ERROR [2m2026-09-28T08:07:32.518845Z[0m [32m INFO[0m [2mhotpatch_smoke[0m[2m:[0m hotpatch smoke heartbeat [3mframe[0m[2m=[0m26910 [3mlabel[0m[2m=[0m"AFTER"
511.67s ERROR [2m2026-09-28T08:07:32.608706Z[0m [32m INFO[0m [2mhotpatch_smoke[0m[2m:[0m hotpatch smoke heartbeat [3mframe[0m[2m=[0m26920 [3mlabel[0m[2m=[0m"AFTER"
511.76s ERROR [2m2026-09-28T08:07:32.697624Z[0m [32m INFO[0m [2mhotpatch_smoke[0m[2m:[0m hotpatch smoke heartbeat [3mframe[0m[2m=[0m26930 [3mlabel[0m[2m=[0m"AFTER"
511.85s ERROR [2m2026-09-28T08:07:32.787622Z[0m [32m INFO[0m [2mhotpatch_smoke[0m[2m:[0m hotpatch smoke heartbeat [3mframe[0m[2m=[0m26940 [3mlabel[0m[2m=[0m"AFTER"
511.94s ERROR [2m2026-09-28T08:07:32.877624Z[0m [32m INFO[0m [2mhotpatch_smoke[0m[2m:[0m hotpatch smoke heartbeat [3mframe[0m[2m=[0m26950 [3mlabel[0m[2m=[0m"AFTER"
512.03s ERROR [2m2026-09-28T08:07:32.966703Z[0m [32m INFO[0m [2mhotpatch_smoke[0m[2m:[0m hotpatch smoke heartbeat [3mframe[0m[2m=[0m26960 [3mlabel[0m[2m=[0m"AFTER"
512.12s ERROR [2m2026-09-28T08:07:33.055611Z[0m [32m INFO[0m [2mhotpatch_smoke[0m[2m:[0m hotpatch smoke heartbeat [3mframe[0m[2m=[0m26970 [3mlabel[0m[2m=[0m"AFTER"
512.21s ERROR [2m2026-09-28T08:07:33.142559Z[0m [32m INFO[0m [2mhotpatch_smoke[0m[2m:[0m hotpatch smoke heartbeat [3mframe[0m[2m=[0m26980 [3mlabel[0m[2m=[0m"AFTER"
512.30s ERROR [2m2026-09-28T08:07:33.229616Z[0m [32m INFO[0m [2mhotpatch_smoke[0m[2m:[0m hotpatch smoke heartbeat [3mframe[0m[2m=[0m26990 [3mlabel[0m[2m=[0m"AFTER"
512.39s ERROR [2m2026-09-28T08:07:33.319834Z[0m [32m INFO[0m [2mhotpatch_smoke[0m[2m:[0m hotpatch smoke heartbeat [3mframe[0m[2m=[0m27000 [3mlabel[0m[2m=[0m"AFTER"
512.48s ERROR [2m2026-09-28T08:07:33.409652Z[0m [32m INFO[0m [2mhotpatch_smoke[0m[2m:[0m hotpatch smoke heartbeat [3mframe[0m[2m=[0m27010 [3mlabel[0m[2m=[0m"AFTER"
512.57s ERROR [2m2026-09-28T08:07:33.499910Z[0m [32m INFO[0m [2mhotpatch_smoke[0m[2m:[0m hotpatch smoke heartbeat [3mframe[0m[2m=[0m27020 [3mlabel[0m[2m=[0m"AFTER"
512.65s ERROR [2m2026-09-28T08:07:33.588619Z[0m [32m INFO[0m [2mhotpatch_smoke[0m[2m:[0m hotpatch smoke heartbeat [3mframe[0m[2m=[0m27030 [3mlabel[0m[2m=[0m"AFTER"
512.74s ERROR [2m2026-09-28T08:07:33.678630Z[0m [32m INFO[0m [2mhotpatch_smoke[0m[2m:[0m hotpatch smoke heartbeat [3mframe[0m[2m=[0m27040 [3mlabel[0m[2m=[0m"AFTER"
512.83s ERROR [2m2026-09-28T08:07:33.768539Z[0m [32m INFO[0m [2mhotpatch_smoke[0m[2m:[0m hotpatch smoke heartbeat [3mframe[0m[2m=[0m27050 [3mlabel[0m[2m=[0m"AFTER"
512.92s ERROR [2m2026-09-28T08:07:33.858716Z[0m [32m INFO[0m [2mhotpatch_smoke[0m[2m:[0m hotpatch smoke heartbeat [3mframe[0m[2m=[0m27060 [3mlabel[0m[2m=[0m"AFTER"
513.01s ERROR [2m2026-09-28T08:07:33.946607Z[0m [32m INFO[0m [2mhotpatch_smoke[0m[2m:[0m hotpatch smoke heartbeat [3mframe[0m[2m=[0m27070 [3mlabel[0m[2m=[0m"AFTER"
513.10s ERROR [2m2026-09-28T08:07:34.036310Z[0m [32m INFO[0m [2mhotpatch_smoke[0m[2m:[0m hotpatch smoke heartbeat [3mframe[0m[2m=[0m27080 [3mlabel[0m[2m=[0m"AFTER"
513.19s ERROR [2m2026-09-28T08:07:34.126271Z[0m [32m INFO[0m [2mhotpatch_smoke[0m[2m:[0m hotpatch smoke heartbeat [3mframe[0m[2m=[0m27090 [3mlabel[0m[2m=[0m"AFTER"
513.28s ERROR [2m2026-09-28T08:07:34.216364Z[0m [32m INFO[0m [2mhotpatch_smoke[0m[2m:[0m hotpatch smoke heartbeat [3mframe[0m[2m=[0m27100 [3mlabel[0m[2m=[0m"AFTER"
513.37s ERROR [2m2026-09-28T08:07:34.305570Z[0m [32m INFO[0m [2mhotpatch_smoke[0m[2m:[0m hotpatch smoke heartbeat [3mframe[0m[2m=[0m27110 [3mlabel[0m[2m=[0m"AFTER"
513.46s ERROR [2m2026-09-28T08:07:34.393258Z[0m [32m INFO[0m [2mhotpatch_smoke[0m[2m:[0m hotpatch smoke heartbeat [3mframe[0m[2m=[0m27120 [3mlabel[0m[2m=[0m"AFTER"
513.55s ERROR [2m2026-09-28T08:07:34.482611Z[0m [32m INFO[0m [2mhotpatch_smoke[0m[2m:[0m hotpatch smoke heartbeat [3mframe[0m[2m=[0m27130 [3mlabel[0m[2m=[0m"AFTER"
513.64s ERROR [2m2026-09-28T08:07:34.572475Z[0m [32m INFO[0m [2mhotpatch_smoke[0m[2m:[0m hotpatch smoke heartbeat [3mframe[0m[2m=[0m27140 [3mlabel[0m[2m=[0m"AFTER"
513.73s ERROR [2m2026-09-28T08:07:34.662607Z[0m [32m INFO[0m [2mhotpatch_smoke[0m[2m:[0m hotpatch smoke heartbeat [3mframe[0m[2m=[0m27150 [3mlabel[0m[2m=[0m"AFTER"
513.82s ERROR [2m2026-09-28T08:07:34.752634Z[0m [32m INFO[0m [2mhotpatch_smoke[0m[2m:[0m hotpatch smoke heartbeat [3mframe[0m[2m=[0m27160 [3mlabel[0m[2m=[0m"AFTER"
513.91s ERROR [2m2026-09-28T08:07:34.842471Z[0m [32m INFO[0m [2mhotpatch_smoke[0m[2m:[0m hotpatch smoke heartbeat [3mframe[0m[2m=[0m27170 [3mlabel[0m[2m=[0m"AFTER"
513.99s ERROR [2m2026-09-28T08:07:34.927127Z[0m [32m INFO[0m [2mhotpatch_smoke[0m[2m:[0m hotpatch smoke heartbeat [3mframe[0m[2m=[0m27180 [3mlabel[0m[2m=[0m"AFTER"
514.08s ERROR [2m2026-09-28T08:07:35.015348Z[0m [32m INFO[0m [2mhotpatch_smoke[0m[2m:[0m hotpatch smoke heartbeat [3mframe[0m[2m=[0m27190 [3mlabel[0m[2m=[0m"AFTER"
514.17s ERROR [2m2026-09-28T08:07:35.105266Z[0m [32m INFO[0m [2mhotpatch_smoke[0m[2m:[0m hotpatch smoke heartbeat [3mframe[0m[2m=[0m27200 [3mlabel[0m[2m=[0m"AFTER"
514.26s ERROR [2m2026-09-28T08:07:35.195236Z[0m [32m INFO[0m [2mhotpatch_smoke[0m[2m:[0m hotpatch smoke heartbeat [3mframe[0m[2m=[0m27210 [3mlabel[0m[2m=[0m"AFTER"
514.35s ERROR [2m2026-09-28T08:07:35.282790Z[0m [32m INFO[0m [2mhotpatch_smoke[0m[2m:[0m hotpatch smoke heartbeat [3mframe[0m[2m=[0m27220 [3mlabel[0m[2m=[0m"AFTER"
514.43s ERROR [2m2026-09-28T08:07:35.368093Z[0m [32m INFO[0m [2mhotpatch_smoke[0m[2m:[0m hotpatch smoke heartbeat [3mframe[0m[2m=[0m27230 [3mlabel[0m[2m=[0m"AFTER"
514.52s ERROR [2m2026-09-28T08:07:35.452949Z[0m [32m INFO[0m [2mhotpatch_smoke[0m[2m:[0m hotpatch smoke heartbeat [3mframe[0m[2m=[0m27240 [3mlabel[0m[2m=[0m"AFTER"
514.60s ERROR [2m2026-09-28T08:07:35.538626Z[0m [32m INFO[0m [2mhotpatch_smoke[0m[2m:[0m hotpatch smoke heartbeat [3mframe[0m[2m=[0m27250 [3mlabel[0m[2m=[0m"AFTER"
514.69s ERROR [2m2026-09-28T08:07:35.628815Z[0m [32m INFO[0m [2mhotpatch_smoke[0m[2m:[0m hotpatch smoke heartbeat [3mframe[0m[2m=[0m27260 [3mlabel[0m[2m=[0m"AFTER"
514.78s ERROR [2m2026-09-28T08:07:35.718990Z[0m [32m INFO[0m [2mhotpatch_smoke[0m[2m:[0m hotpatch smoke heartbeat [3mframe[0m[2m=[0m27270 [3mlabel[0m[2m=[0m"AFTER"
514.87s ERROR [2m2026-09-28T08:07:35.808727Z[0m [32m INFO[0m [2mhotpatch_smoke[0m[2m:[0m hotpatch smoke heartbeat [3mframe[0m[2m=[0m27280 [3mlabel[0m[2m=[0m"AFTER"
514.96s ERROR [2m2026-09-28T08:07:35.898716Z[0m [32m INFO[0m [2mhotpatch_smoke[0m[2m:[0m hotpatch smoke heartbeat [3mframe[0m[2m=[0m27290 [3mlabel[0m[2m=[0m"AFTER"
515.05s ERROR [2m2026-09-28T08:07:35.987739Z[0m [32m INFO[0m [2mhotpatch_smoke[0m[2m:[0m hotpatch smoke heartbeat [3mframe[0m[2m=[0m27300 [3mlabel[0m[2m=[0m"AFTER"
515.14s ERROR [2m2026-09-28T08:07:36.077709Z[0m [32m INFO[0m [2mhotpatch_smoke[0m[2m:[0m hotpatch smoke heartbeat [3mframe[0m[2m=[0m27310 [3mlabel[0m[2m=[0m"AFTER"
515.23s ERROR [2m2026-09-28T08:07:36.167661Z[0m [32m INFO[0m [2mhotpatch_smoke[0m[2m:[0m hotpatch smoke heartbeat [3mframe[0m[2m=[0m27320 [3mlabel[0m[2m=[0m"AFTER"
515.32s ERROR [2m2026-09-28T08:07:36.257643Z[0m [32m INFO[0m [2mhotpatch_smoke[0m[2m:[0m hotpatch smoke heartbeat [3mframe[0m[2m=[0m27330 [3mlabel[0m[2m=[0m"AFTER"
515.41s ERROR [2m2026-09-28T08:07:36.347688Z[0m [32m INFO[0m [2mhotpatch_smoke[0m[2m:[0m hotpatch smoke heartbeat [3mframe[0m[2m=[0m27340 [3mlabel[0m[2m=[0m"AFTER"
515.50s ERROR [2m2026-09-28T08:07:36.437702Z[0m [32m INFO[0m [2mhotpatch_smoke[0m[2m:[0m hotpatch smoke heartbeat [3mframe[0m[2m=[0m27350 [3mlabel[0m[2m=[0m"AFTER"
515.59s ERROR [2m2026-09-28T08:07:36.527724Z[0m [32m INFO[0m [2mhotpatch_smoke[0m[2m:[0m hotpatch smoke heartbeat [3mframe[0m[2m=[0m27360 [3mlabel[0m[2m=[0m"AFTER"
515.68s ERROR [2m2026-09-28T08:07:36.616840Z[0m [32m INFO[0m [2mhotpatch_smoke[0m[2m:[0m hotpatch smoke heartbeat [3mframe[0m[2m=[0m27370 [3mlabel[0m[2m=[0m"AFTER"
515.77s ERROR [2m2026-09-28T08:07:36.706669Z[0m [32m INFO[0m [2mhotpatch_smoke[0m[2m:[0m hotpatch smoke heartbeat [3mframe[0m[2m=[0m27380 [3mlabel[0m[2m=[0m"AFTER"
515.86s ERROR [2m2026-09-28T08:07:36.796795Z[0m [32m INFO[0m [2mhotpatch_smoke[0m[2m:[0m hotpatch smoke heartbeat [3mframe[0m[2m=[0m27390 [3mlabel[0m[2m=[0m"AFTER"
515.95s ERROR [2m2026-09-28T08:07:36.886679Z[0m [32m INFO[0m [2mhotpatch_smoke[0m[2m:[0m hotpatch smoke heartbeat [3mframe[0m[2m=[0m27400 [3mlabel[0m[2m=[0m"AFTER"
516.04s ERROR [2m2026-09-28T08:07:36.976604Z[0m [32m INFO[0m [2mhotpatch_smoke[0m[2m:[0m hotpatch smoke heartbeat [3mframe[0m[2m=[0m27410 [3mlabel[0m[2m=[0m"AFTER"
516.13s ERROR [2m2026-09-28T08:07:37.066724Z[0m [32m INFO[0m [2mhotpatch_smoke[0m[2m:[0m hotpatch smoke heartbeat [3mframe[0m[2m=[0m27420 [3mlabel[0m[2m=[0m"AFTER"
516.22s ERROR [2m2026-09-28T08:07:37.156710Z[0m [32m INFO[0m [2mhotpatch_smoke[0m[2m:[0m hotpatch smoke heartbeat [3mframe[0m[2m=[0m27430 [3mlabel[0m[2m=[0m"AFTER"
516.31s ERROR [2m2026-09-28T08:07:37.246747Z[0m [32m INFO[0m [2mhotpatch_smoke[0m[2m:[0m hotpatch smoke heartbeat [3mframe[0m[2m=[0m27440 [3mlabel[0m[2m=[0m"AFTER"
516.40s ERROR [2m2026-09-28T08:07:37.336663Z[0m [32m INFO[0m [2mhotpatch_smoke[0m[2m:[0m hotpatch smoke heartbeat [3mframe[0m[2m=[0m27450 [3mlabel[0m[2m=[0m"AFTER"
516.49s ERROR [2m2026-09-28T08:07:37.426655Z[0m [32m INFO[0m [2mhotpatch_smoke[0m[2m:[0m hotpatch smoke heartbeat [3mframe[0m[2m=[0m27460 [3mlabel[0m[2m=[0m"AFTER"
516.58s ERROR [2m2026-09-28T08:07:37.516799Z[0m [32m INFO[0m [2mhotpatch_smoke[0m[2m:[0m hotpatch smoke heartbeat [3mframe[0m[2m=[0m27470 [3mlabel[0m[2m=[0m"AFTER"
516.67s ERROR [2m2026-09-28T08:07:37.606715Z[0m [32m INFO[0m [2mhotpatch_smoke[0m[2m:[0m hotpatch smoke heartbeat [3mframe[0m[2m=[0m27480 [3mlabel[0m[2m=[0m"AFTER"
516.76s ERROR [2m2026-09-28T08:07:37.696665Z[0m [32m INFO[0m [2mhotpatch_smoke[0m[2m:[0m hotpatch smoke heartbeat [3mframe[0m[2m=[0m27490 [3mlabel[0m[2m=[0m"AFTER"
516.85s ERROR [2m2026-09-28T08:07:37.786630Z[0m [32m INFO[0m [2mhotpatch_smoke[0m[2m:[0m hotpatch smoke heartbeat [3mframe[0m[2m=[0m27500 [3mlabel[0m[2m=[0m"AFTER"
516.94s ERROR [2m2026-09-28T08:07:37.876667Z[0m [32m INFO[0m [2mhotpatch_smoke[0m[2m:[0m hotpatch smoke heartbeat [3mframe[0m[2m=[0m27510 [3mlabel[0m[2m=[0m"AFTER"
517.03s ERROR [2m2026-09-28T08:07:37.966773Z[0m [32m INFO[0m [2mhotpatch_smoke[0m[2m:[0m hotpatch smoke heartbeat [3mframe[0m[2m=[0m27520 [3mlabel[0m[2m=[0m"AFTER"
517.12s ERROR [2m2026-09-28T08:07:38.056661Z[0m [32m INFO[0m [2mhotpatch_smoke[0m[2m:[0m hotpatch smoke heartbeat [3mframe[0m[2m=[0m27530 [3mlabel[0m[2m=[0m"AFTER"
517.21s ERROR [2m2026-09-28T08:07:38.146652Z[0m [32m INFO[0m [2mhotpatch_smoke[0m[2m:[0m hotpatch smoke heartbeat [3mframe[0m[2m=[0m27540 [3mlabel[0m[2m=[0m"AFTER"
517.30s ERROR [2m2026-09-28T08:07:38.236656Z[0m [32m INFO[0m [2mhotpatch_smoke[0m[2m:[0m hotpatch smoke heartbeat [3mframe[0m[2m=[0m27550 [3mlabel[0m[2m=[0m"AFTER"
517.39s ERROR [2m2026-09-28T08:07:38.326878Z[0m [32m INFO[0m [2mhotpatch_smoke[0m[2m:[0m hotpatch smoke heartbeat [3mframe[0m[2m=[0m27560 [3mlabel[0m[2m=[0m"AFTER"
517.48s ERROR [2m2026-09-28T08:07:38.416734Z[0m [32m INFO[0m [2mhotpatch_smoke[0m[2m:[0m hotpatch smoke heartbeat [3mframe[0m[2m=[0m27570 [3mlabel[0m[2m=[0m"AFTER"
517.57s ERROR [2m2026-09-28T08:07:38.506620Z[0m [32m INFO[0m [2mhotpatch_smoke[0m[2m:[0m hotpatch smoke heartbeat [3mframe[0m[2m=[0m27580 [3mlabel[0m[2m=[0m"AFTER"
517.66s ERROR [2m2026-09-28T08:07:38.596730Z[0m [32m INFO[0m [2mhotpatch_smoke[0m[2m:[0m hotpatch smoke heartbeat [3mframe[0m[2m=[0m27590 [3mlabel[0m[2m=[0m"AFTER"
517.75s ERROR [2m2026-09-28T08:07:38.686716Z[0m [32m INFO[0m [2mhotpatch_smoke[0m[2m:[0m hotpatch smoke heartbeat [3mframe[0m[2m=[0m27600 [3mlabel[0m[2m=[0m"AFTER"
517.84s ERROR [2m2026-09-28T08:07:38.776662Z[0m [32m INFO[0m [2mhotpatch_smoke[0m[2m:[0m hotpatch smoke heartbeat [3mframe[0m[2m=[0m27610 [3mlabel[0m[2m=[0m"AFTER"
517.93s ERROR [2m2026-09-28T08:07:38.866754Z[0m [32m INFO[0m [2mhotpatch_smoke[0m[2m:[0m hotpatch smoke heartbeat [3mframe[0m[2m=[0m27620 [3mlabel[0m[2m=[0m"AFTER"
518.02s ERROR [2m2026-09-28T08:07:38.956716Z[0m [32m INFO[0m [2mhotpatch_smoke[0m[2m:[0m hotpatch smoke heartbeat [3mframe[0m[2m=[0m27630 [3mlabel[0m[2m=[0m"AFTER"
518.11s ERROR [2m2026-09-28T08:07:39.046727Z[0m [32m INFO[0m [2mhotpatch_smoke[0m[2m:[0m hotpatch smoke heartbeat [3mframe[0m[2m=[0m27640 [3mlabel[0m[2m=[0m"AFTER"
518.20s ERROR [2m2026-09-28T08:07:39.135678Z[0m [32m INFO[0m [2mhotpatch_smoke[0m[2m:[0m hotpatch smoke heartbeat [3mframe[0m[2m=[0m27650 [3mlabel[0m[2m=[0m"AFTER"
518.29s ERROR [2m2026-09-28T08:07:39.225854Z[0m [32m INFO[0m [2mhotpatch_smoke[0m[2m:[0m hotpatch smoke heartbeat [3mframe[0m[2m=[0m27660 [3mlabel[0m[2m=[0m"AFTER"
518.38s ERROR [2m2026-09-28T08:07:39.315796Z[0m [32m INFO[0m [2mhotpatch_smoke[0m[2m:[0m hotpatch smoke heartbeat [3mframe[0m[2m=[0m27670 [3mlabel[0m[2m=[0m"AFTER"
518.47s ERROR [2m2026-09-28T08:07:39.405637Z[0m [32m INFO[0m [2mhotpatch_smoke[0m[2m:[0m hotpatch smoke heartbeat [3mframe[0m[2m=[0m27680 [3mlabel[0m[2m=[0m"AFTER"
518.56s ERROR [2m2026-09-28T08:07:39.495689Z[0m [32m INFO[0m [2mhotpatch_smoke[0m[2m:[0m hotpatch smoke heartbeat [3mframe[0m[2m=[0m27690 [3mlabel[0m[2m=[0m"AFTER"
518.65s ERROR [2m2026-09-28T08:07:39.585678Z[0m [32m INFO[0m [2mhotpatch_smoke[0m[2m:[0m hotpatch smoke heartbeat [3mframe[0m[2m=[0m27700 [3mlabel[0m[2m=[0m"AFTER"
518.74s ERROR [2m2026-09-28T08:07:39.675743Z[0m [32m INFO[0m [2mhotpatch_smoke[0m[2m:[0m hotpatch smoke heartbeat [3mframe[0m[2m=[0m27710 [3mlabel[0m[2m=[0m"AFTER"
518.83s ERROR [2m2026-09-28T08:07:39.765656Z[0m [32m INFO[0m [2mhotpatch_smoke[0m[2m:[0m hotpatch smoke heartbeat [3mframe[0m[2m=[0m27720 [3mlabel[0m[2m=[0m"AFTER"
518.92s ERROR [2m2026-09-28T08:07:39.855857Z[0m [32m INFO[0m [2mhotpatch_smoke[0m[2m:[0m hotpatch smoke heartbeat [3mframe[0m[2m=[0m27730 [3mlabel[0m[2m=[0m"AFTER"
519.01s ERROR [2m2026-09-28T08:07:39.945739Z[0m [32m INFO[0m [2mhotpatch_smoke[0m[2m:[0m hotpatch smoke heartbeat [3mframe[0m[2m=[0m27740 [3mlabel[0m[2m=[0m"AFTER"
519.10s ERROR [2m2026-09-28T08:07:40.035718Z[0m [32m INFO[0m [2mhotpatch_smoke[0m[2m:[0m hotpatch smoke heartbeat [3mframe[0m[2m=[0m27750 [3mlabel[0m[2m=[0m"AFTER"
519.19s ERROR [2m2026-09-28T08:07:40.125615Z[0m [32m INFO[0m [2mhotpatch_smoke[0m[2m:[0m hotpatch smoke heartbeat [3mframe[0m[2m=[0m27760 [3mlabel[0m[2m=[0m"AFTER"
519.28s ERROR [2m2026-09-28T08:07:40.215780Z[0m [32m INFO[0m [2mhotpatch_smoke[0m[2m:[0m hotpatch smoke heartbeat [3mframe[0m[2m=[0m27770 [3mlabel[0m[2m=[0m"AFTER"
519.37s ERROR [2m2026-09-28T08:07:40.305683Z[0m [32m INFO[0m [2mhotpatch_smoke[0m[2m:[0m hotpatch smoke heartbeat [3mframe[0m[2m=[0m27780 [3mlabel[0m[2m=[0m"AFTER"
519.46s ERROR [2m2026-09-28T08:07:40.395778Z[0m [32m INFO[0m [2mhotpatch_smoke[0m[2m:[0m hotpatch smoke heartbeat [3mframe[0m[2m=[0m27790 [3mlabel[0m[2m=[0m"AFTER"
519.55s ERROR [2m2026-09-28T08:07:40.485822Z[0m [32m INFO[0m [2mhotpatch_smoke[0m[2m:[0m hotpatch smoke heartbeat [3mframe[0m[2m=[0m27800 [3mlabel[0m[2m=[0m"AFTER"
519.64s ERROR [2m2026-09-28T08:07:40.572643Z[0m [32m INFO[0m [2mhotpatch_smoke[0m[2m:[0m hotpatch smoke heartbeat [3mframe[0m[2m=[0m27810 [3mlabel[0m[2m=[0m"AFTER"
519.73s ERROR [2m2026-09-28T08:07:40.662663Z[0m [32m INFO[0m [2mhotpatch_smoke[0m[2m:[0m hotpatch smoke heartbeat [3mframe[0m[2m=[0m27820 [3mlabel[0m[2m=[0m"AFTER"
519.82s ERROR [2m2026-09-28T08:07:40.752645Z[0m [32m INFO[0m [2mhotpatch_smoke[0m[2m:[0m hotpatch smoke heartbeat [3mframe[0m[2m=[0m27830 [3mlabel[0m[2m=[0m"AFTER"
519.91s ERROR [2m2026-09-28T08:07:40.842638Z[0m [32m INFO[0m [2mhotpatch_smoke[0m[2m:[0m hotpatch smoke heartbeat [3mframe[0m[2m=[0m27840 [3mlabel[0m[2m=[0m"AFTER"
519.99s ERROR [2m2026-09-28T08:07:40.927552Z[0m [32m INFO[0m [2mhotpatch_smoke[0m[2m:[0m hotpatch smoke heartbeat [3mframe[0m[2m=[0m27850 [3mlabel[0m[2m=[0m"AFTER"
520.08s ERROR [2m2026-09-28T08:07:41.014000Z[0m [32m INFO[0m [2mhotpatch_smoke[0m[2m:[0m hotpatch smoke heartbeat [3mframe[0m[2m=[0m27860 [3mlabel[0m[2m=[0m"AFTER"
520.17s ERROR [2m2026-09-28T08:07:41.103654Z[0m [32m INFO[0m [2mhotpatch_smoke[0m[2m:[0m hotpatch smoke heartbeat [3mframe[0m[2m=[0m27870 [3mlabel[0m[2m=[0m"AFTER"
520.26s ERROR [2m2026-09-28T08:07:41.193555Z[0m [32m INFO[0m [2mhotpatch_smoke[0m[2m:[0m hotpatch smoke heartbeat [3mframe[0m[2m=[0m27880 [3mlabel[0m[2m=[0m"AFTER"
520.35s ERROR [2m2026-09-28T08:07:41.281724Z[0m [32m INFO[0m [2mhotpatch_smoke[0m[2m:[0m hotpatch smoke heartbeat [3mframe[0m[2m=[0m27890 [3mlabel[0m[2m=[0m"AFTER"
520.44s ERROR [2m2026-09-28T08:07:41.371586Z[0m [32m INFO[0m [2mhotpatch_smoke[0m[2m:[0m hotpatch smoke heartbeat [3mframe[0m[2m=[0m27900 [3mlabel[0m[2m=[0m"AFTER"
520.52s ERROR [2m2026-09-28T08:07:41.458598Z[0m [32m INFO[0m [2mhotpatch_smoke[0m[2m:[0m hotpatch smoke heartbeat [3mframe[0m[2m=[0m27910 [3mlabel[0m[2m=[0m"AFTER"
520.61s ERROR [2m2026-09-28T08:07:41.547696Z[0m [32m INFO[0m [2mhotpatch_smoke[0m[2m:[0m hotpatch smoke heartbeat [3mframe[0m[2m=[0m27920 [3mlabel[0m[2m=[0m"AFTER"
520.70s ERROR [2m2026-09-28T08:07:41.634481Z[0m [32m INFO[0m [2mhotpatch_smoke[0m[2m:[0m hotpatch smoke heartbeat [3mframe[0m[2m=[0m27930 [3mlabel[0m[2m=[0m"AFTER"
520.79s ERROR [2m2026-09-28T08:07:41.720662Z[0m [32m INFO[0m [2mhotpatch_smoke[0m[2m:[0m hotpatch smoke heartbeat [3mframe[0m[2m=[0m27940 [3mlabel[0m[2m=[0m"AFTER"
520.87s ERROR [2m2026-09-28T08:07:41.806725Z[0m [32m INFO[0m [2mhotpatch_smoke[0m[2m:[0m hotpatch smoke heartbeat [3mframe[0m[2m=[0m27950 [3mlabel[0m[2m=[0m"AFTER"
520.96s ERROR [2m2026-09-28T08:07:41.895575Z[0m [32m INFO[0m [2mhotpatch_smoke[0m[2m:[0m hotpatch smoke heartbeat [3mframe[0m[2m=[0m27960 [3mlabel[0m[2m=[0m"AFTER"
521.05s ERROR [2m2026-09-28T08:07:41.981984Z[0m [32m INFO[0m [2mhotpatch_smoke[0m[2m:[0m hotpatch smoke heartbeat [3mframe[0m[2m=[0m27970 [3mlabel[0m[2m=[0m"AFTER"
521.13s ERROR [2m2026-09-28T08:07:42.068325Z[0m [32m INFO[0m [2mhotpatch_smoke[0m[2m:[0m hotpatch smoke heartbeat [3mframe[0m[2m=[0m27980 [3mlabel[0m[2m=[0m"AFTER"
521.22s ERROR [2m2026-09-28T08:07:42.157424Z[0m [32m INFO[0m [2mhotpatch_smoke[0m[2m:[0m hotpatch smoke heartbeat [3mframe[0m[2m=[0m27990 [3mlabel[0m[2m=[0m"AFTER"
521.31s ERROR [2m2026-09-28T08:07:42.245481Z[0m [32m INFO[0m [2mhotpatch_smoke[0m[2m:[0m hotpatch smoke heartbeat [3mframe[0m[2m=[0m28000 [3mlabel[0m[2m=[0m"AFTER"
521.40s ERROR [2m2026-09-28T08:07:42.334549Z[0m [32m INFO[0m [2mhotpatch_smoke[0m[2m:[0m hotpatch smoke heartbeat [3mframe[0m[2m=[0m28010 [3mlabel[0m[2m=[0m"AFTER"
521.49s ERROR [2m2026-09-28T08:07:42.423551Z[0m [32m INFO[0m [2mhotpatch_smoke[0m[2m:[0m hotpatch smoke heartbeat [3mframe[0m[2m=[0m28020 [3mlabel[0m[2m=[0m"AFTER"
521.58s ERROR [2m2026-09-28T08:07:42.513740Z[0m [32m INFO[0m [2mhotpatch_smoke[0m[2m:[0m hotpatch smoke heartbeat [3mframe[0m[2m=[0m28030 [3mlabel[0m[2m=[0m"AFTER"
521.67s ERROR [2m2026-09-28T08:07:42.602570Z[0m [32m INFO[0m [2mhotpatch_smoke[0m[2m:[0m hotpatch smoke heartbeat [3mframe[0m[2m=[0m28040 [3mlabel[0m[2m=[0m"AFTER"
521.76s ERROR [2m2026-09-28T08:07:42.690646Z[0m [32m INFO[0m [2mhotpatch_smoke[0m[2m:[0m hotpatch smoke heartbeat [3mframe[0m[2m=[0m28050 [3mlabel[0m[2m=[0m"AFTER"
521.85s ERROR [2m2026-09-28T08:07:42.780593Z[0m [32m INFO[0m [2mhotpatch_smoke[0m[2m:[0m hotpatch smoke heartbeat [3mframe[0m[2m=[0m28060 [3mlabel[0m[2m=[0m"AFTER"
521.93s ERROR [2m2026-09-28T08:07:42.867209Z[0m [32m INFO[0m [2mhotpatch_smoke[0m[2m:[0m hotpatch smoke heartbeat [3mframe[0m[2m=[0m28070 [3mlabel[0m[2m=[0m"AFTER"
522.02s ERROR [2m2026-09-28T08:07:42.953646Z[0m [32m INFO[0m [2mhotpatch_smoke[0m[2m:[0m hotpatch smoke heartbeat [3mframe[0m[2m=[0m28080 [3mlabel[0m[2m=[0m"AFTER"
522.11s ERROR [2m2026-09-28T08:07:43.040845Z[0m [32m INFO[0m [2mhotpatch_smoke[0m[2m:[0m hotpatch smoke heartbeat [3mframe[0m[2m=[0m28090 [3mlabel[0m[2m=[0m"AFTER"
522.19s ERROR [2m2026-09-28T08:07:43.126676Z[0m [32m INFO[0m [2mhotpatch_smoke[0m[2m:[0m hotpatch smoke heartbeat [3mframe[0m[2m=[0m28100 [3mlabel[0m[2m=[0m"AFTER"
522.28s ERROR [2m2026-09-28T08:07:43.216571Z[0m [32m INFO[0m [2mhotpatch_smoke[0m[2m:[0m hotpatch smoke heartbeat [3mframe[0m[2m=[0m28110 [3mlabel[0m[2m=[0m"AFTER"
522.37s ERROR [2m2026-09-28T08:07:43.305593Z[0m [32m INFO[0m [2mhotpatch_smoke[0m[2m:[0m hotpatch smoke heartbeat [3mframe[0m[2m=[0m28120 [3mlabel[0m[2m=[0m"AFTER"
522.46s ERROR [2m2026-09-28T08:07:43.395687Z[0m [32m INFO[0m [2mhotpatch_smoke[0m[2m:[0m hotpatch smoke heartbeat [3mframe[0m[2m=[0m28130 [3mlabel[0m[2m=[0m"AFTER"
522.55s ERROR [2m2026-09-28T08:07:43.485603Z[0m [32m INFO[0m [2mhotpatch_smoke[0m[2m:[0m hotpatch smoke heartbeat [3mframe[0m[2m=[0m28140 [3mlabel[0m[2m=[0m"AFTER"
522.64s ERROR [2m2026-09-28T08:07:43.575578Z[0m [32m INFO[0m [2mhotpatch_smoke[0m[2m:[0m hotpatch smoke heartbeat [3mframe[0m[2m=[0m28150 [3mlabel[0m[2m=[0m"AFTER"
522.73s ERROR [2m2026-09-28T08:07:43.665644Z[0m [32m INFO[0m [2mhotpatch_smoke[0m[2m:[0m hotpatch smoke heartbeat [3mframe[0m[2m=[0m28160 [3mlabel[0m[2m=[0m"AFTER"
522.82s ERROR [2m2026-09-28T08:07:43.753797Z[0m [32m INFO[0m [2mhotpatch_smoke[0m[2m:[0m hotpatch smoke heartbeat [3mframe[0m[2m=[0m28170 [3mlabel[0m[2m=[0m"AFTER"
522.91s ERROR [2m2026-09-28T08:07:43.841668Z[0m [32m INFO[0m [2mhotpatch_smoke[0m[2m:[0m hotpatch smoke heartbeat [3mframe[0m[2m=[0m28180 [3mlabel[0m[2m=[0m"AFTER"
522.99s ERROR [2m2026-09-28T08:07:43.927094Z[0m [32m INFO[0m [2mhotpatch_smoke[0m[2m:[0m hotpatch smoke heartbeat [3mframe[0m[2m=[0m28190 [3mlabel[0m[2m=[0m"AFTER"
523.08s ERROR [2m2026-09-28T08:07:44.013535Z[0m [32m INFO[0m [2mhotpatch_smoke[0m[2m:[0m hotpatch smoke heartbeat [3mframe[0m[2m=[0m28200 [3mlabel[0m[2m=[0m"AFTER"
523.17s ERROR [2m2026-09-28T08:07:44.100496Z[0m [32m INFO[0m [2mhotpatch_smoke[0m[2m:[0m hotpatch smoke heartbeat [3mframe[0m[2m=[0m28210 [3mlabel[0m[2m=[0m"AFTER"
523.26s ERROR [2m2026-09-28T08:07:44.189548Z[0m [32m INFO[0m [2mhotpatch_smoke[0m[2m:[0m hotpatch smoke heartbeat [3mframe[0m[2m=[0m28220 [3mlabel[0m[2m=[0m"AFTER"
523.34s ERROR [2m2026-09-28T08:07:44.275592Z[0m [32m INFO[0m [2mhotpatch_smoke[0m[2m:[0m hotpatch smoke heartbeat [3mframe[0m[2m=[0m28230 [3mlabel[0m[2m=[0m"AFTER"
523.43s ERROR [2m2026-09-28T08:07:44.363448Z[0m [32m INFO[0m [2mhotpatch_smoke[0m[2m:[0m hotpatch smoke heartbeat [3mframe[0m[2m=[0m28240 [3mlabel[0m[2m=[0m"AFTER"
523.51s ERROR [2m2026-09-28T08:07:44.448683Z[0m [32m INFO[0m [2mhotpatch_smoke[0m[2m:[0m hotpatch smoke heartbeat [3mframe[0m[2m=[0m28250 [3mlabel[0m[2m=[0m"AFTER"
523.60s ERROR [2m2026-09-28T08:07:44.535584Z[0m [32m INFO[0m [2mhotpatch_smoke[0m[2m:[0m hotpatch smoke heartbeat [3mframe[0m[2m=[0m28260 [3mlabel[0m[2m=[0m"AFTER"
523.69s ERROR [2m2026-09-28T08:07:44.623867Z[0m [32m INFO[0m [2mhotpatch_smoke[0m[2m:[0m hotpatch smoke heartbeat [3mframe[0m[2m=[0m28270 [3mlabel[0m[2m=[0m"AFTER"
523.78s ERROR [2m2026-09-28T08:07:44.711345Z[0m [32m INFO[0m [2mhotpatch_smoke[0m[2m:[0m hotpatch smoke heartbeat [3mframe[0m[2m=[0m28280 [3mlabel[0m[2m=[0m"AFTER"
523.87s ERROR [2m2026-09-28T08:07:44.801147Z[0m [32m INFO[0m [2mhotpatch_smoke[0m[2m:[0m hotpatch smoke heartbeat [3mframe[0m[2m=[0m28290 [3mlabel[0m[2m=[0m"AFTER"
523.96s ERROR [2m2026-09-28T08:07:44.890249Z[0m [32m INFO[0m [2mhotpatch_smoke[0m[2m:[0m hotpatch smoke heartbeat [3mframe[0m[2m=[0m28300 [3mlabel[0m[2m=[0m"AFTER"
524.05s ERROR [2m2026-09-28T08:07:44.980005Z[0m [32m INFO[0m [2mhotpatch_smoke[0m[2m:[0m hotpatch smoke heartbeat [3mframe[0m[2m=[0m28310 [3mlabel[0m[2m=[0m"AFTER"
524.14s ERROR [2m2026-09-28T08:07:45.069996Z[0m [32m INFO[0m [2mhotpatch_smoke[0m[2m:[0m hotpatch smoke heartbeat [3mframe[0m[2m=[0m28320 [3mlabel[0m[2m=[0m"AFTER"
524.23s ERROR [2m2026-09-28T08:07:45.160339Z[0m [32m INFO[0m [2mhotpatch_smoke[0m[2m:[0m hotpatch smoke heartbeat [3mframe[0m[2m=[0m28330 [3mlabel[0m[2m=[0m"AFTER"
524.32s ERROR [2m2026-09-28T08:07:45.250252Z[0m [32m INFO[0m [2mhotpatch_smoke[0m[2m:[0m hotpatch smoke heartbeat [3mframe[0m[2m=[0m28340 [3mlabel[0m[2m=[0m"AFTER"
524.41s ERROR [2m2026-09-28T08:07:45.339990Z[0m [32m INFO[0m [2mhotpatch_smoke[0m[2m:[0m hotpatch smoke heartbeat [3mframe[0m[2m=[0m28350 [3mlabel[0m[2m=[0m"AFTER"
524.50s ERROR [2m2026-09-28T08:07:45.430019Z[0m [32m INFO[0m [2mhotpatch_smoke[0m[2m:[0m hotpatch smoke heartbeat [3mframe[0m[2m=[0m28360 [3mlabel[0m[2m=[0m"AFTER"
524.59s ERROR [2m2026-09-28T08:07:45.520003Z[0m [32m INFO[0m [2mhotpatch_smoke[0m[2m:[0m hotpatch smoke heartbeat [3mframe[0m[2m=[0m28370 [3mlabel[0m[2m=[0m"AFTER"
524.68s ERROR [2m2026-09-28T08:07:45.610315Z[0m [32m INFO[0m [2mhotpatch_smoke[0m[2m:[0m hotpatch smoke heartbeat [3mframe[0m[2m=[0m28380 [3mlabel[0m[2m=[0m"AFTER"
524.77s ERROR [2m2026-09-28T08:07:45.700175Z[0m [32m INFO[0m [2mhotpatch_smoke[0m[2m:[0m hotpatch smoke heartbeat [3mframe[0m[2m=[0m28390 [3mlabel[0m[2m=[0m"AFTER"
524.86s ERROR [2m2026-09-28T08:07:45.790007Z[0m [32m INFO[0m [2mhotpatch_smoke[0m[2m:[0m hotpatch smoke heartbeat [3mframe[0m[2m=[0m28400 [3mlabel[0m[2m=[0m"AFTER"
524.95s ERROR [2m2026-09-28T08:07:45.879980Z[0m [32m INFO[0m [2mhotpatch_smoke[0m[2m:[0m hotpatch smoke heartbeat [3mframe[0m[2m=[0m28410 [3mlabel[0m[2m=[0m"AFTER"
525.04s ERROR [2m2026-09-28T08:07:45.970086Z[0m [32m INFO[0m [2mhotpatch_smoke[0m[2m:[0m hotpatch smoke heartbeat [3mframe[0m[2m=[0m28420 [3mlabel[0m[2m=[0m"AFTER"
525.13s ERROR [2m2026-09-28T08:07:46.060132Z[0m [32m INFO[0m [2mhotpatch_smoke[0m[2m:[0m hotpatch smoke heartbeat [3mframe[0m[2m=[0m28430 [3mlabel[0m[2m=[0m"AFTER"
525.22s ERROR [2m2026-09-28T08:07:46.150094Z[0m [32m INFO[0m [2mhotpatch_smoke[0m[2m:[0m hotpatch smoke heartbeat [3mframe[0m[2m=[0m28440 [3mlabel[0m[2m=[0m"AFTER"
525.31s ERROR [2m2026-09-28T08:07:46.240014Z[0m [32m INFO[0m [2mhotpatch_smoke[0m[2m:[0m hotpatch smoke heartbeat [3mframe[0m[2m=[0m28450 [3mlabel[0m[2m=[0m"AFTER"
525.40s ERROR [2m2026-09-28T08:07:46.330127Z[0m [32m INFO[0m [2mhotpatch_smoke[0m[2m:[0m hotpatch smoke heartbeat [3mframe[0m[2m=[0m28460 [3mlabel[0m[2m=[0m"AFTER"
525.49s ERROR [2m2026-09-28T08:07:46.420033Z[0m [32m INFO[0m [2mhotpatch_smoke[0m[2m:[0m hotpatch smoke heartbeat [3mframe[0m[2m=[0m28470 [3mlabel[0m[2m=[0m"AFTER"
525.58s ERROR [2m2026-09-28T08:07:46.510115Z[0m [32m INFO[0m [2mhotpatch_smoke[0m[2m:[0m hotpatch smoke heartbeat [3mframe[0m[2m=[0m28480 [3mlabel[0m[2m=[0m"AFTER"
525.67s ERROR [2m2026-09-28T08:07:46.600176Z[0m [32m INFO[0m [2mhotpatch_smoke[0m[2m:[0m hotpatch smoke heartbeat [3mframe[0m[2m=[0m28490 [3mlabel[0m[2m=[0m"AFTER"
525.76s ERROR [2m2026-09-28T08:07:46.690094Z[0m [32m INFO[0m [2mhotpatch_smoke[0m[2m:[0m hotpatch smoke heartbeat [3mframe[0m[2m=[0m28500 [3mlabel[0m[2m=[0m"AFTER"
525.85s ERROR [2m2026-09-28T08:07:46.780186Z[0m [32m INFO[0m [2mhotpatch_smoke[0m[2m:[0m hotpatch smoke heartbeat [3mframe[0m[2m=[0m28510 [3mlabel[0m[2m=[0m"AFTER"
525.94s ERROR [2m2026-09-28T08:07:46.870081Z[0m [32m INFO[0m [2mhotpatch_smoke[0m[2m:[0m hotpatch smoke heartbeat [3mframe[0m[2m=[0m28520 [3mlabel[0m[2m=[0m"AFTER"
526.03s ERROR [2m2026-09-28T08:07:46.960044Z[0m [32m INFO[0m [2mhotpatch_smoke[0m[2m:[0m hotpatch smoke heartbeat [3mframe[0m[2m=[0m28530 [3mlabel[0m[2m=[0m"AFTER"
526.12s ERROR [2m2026-09-28T08:07:47.050058Z[0m [32m INFO[0m [2mhotpatch_smoke[0m[2m:[0m hotpatch smoke heartbeat [3mframe[0m[2m=[0m28540 [3mlabel[0m[2m=[0m"AFTER"
526.21s ERROR [2m2026-09-28T08:07:47.140092Z[0m [32m INFO[0m [2mhotpatch_smoke[0m[2m:[0m hotpatch smoke heartbeat [3mframe[0m[2m=[0m28550 [3mlabel[0m[2m=[0m"AFTER"
526.30s ERROR [2m2026-09-28T08:07:47.230224Z[0m [32m INFO[0m [2mhotpatch_smoke[0m[2m:[0m hotpatch smoke heartbeat [3mframe[0m[2m=[0m28560 [3mlabel[0m[2m=[0m"AFTER"
526.39s ERROR [2m2026-09-28T08:07:47.320099Z[0m [32m INFO[0m [2mhotpatch_smoke[0m[2m:[0m hotpatch smoke heartbeat [3mframe[0m[2m=[0m28570 [3mlabel[0m[2m=[0m"AFTER"
526.48s ERROR [2m2026-09-28T08:07:47.409969Z[0m [32m INFO[0m [2mhotpatch_smoke[0m[2m:[0m hotpatch smoke heartbeat [3mframe[0m[2m=[0m28580 [3mlabel[0m[2m=[0m"AFTER"
526.57s ERROR [2m2026-09-28T08:07:47.500072Z[0m [32m INFO[0m [2mhotpatch_smoke[0m[2m:[0m hotpatch smoke heartbeat [3mframe[0m[2m=[0m28590 [3mlabel[0m[2m=[0m"AFTER"
526.66s ERROR [2m2026-09-28T08:07:47.590184Z[0m [32m INFO[0m [2mhotpatch_smoke[0m[2m:[0m hotpatch smoke heartbeat [3mframe[0m[2m=[0m28600 [3mlabel[0m[2m=[0m"AFTER"
526.75s ERROR [2m2026-09-28T08:07:47.680050Z[0m [32m INFO[0m [2mhotpatch_smoke[0m[2m:[0m hotpatch smoke heartbeat [3mframe[0m[2m=[0m28610 [3mlabel[0m[2m=[0m"AFTER"
526.84s ERROR [2m2026-09-28T08:07:47.770071Z[0m [32m INFO[0m [2mhotpatch_smoke[0m[2m:[0m hotpatch smoke heartbeat [3mframe[0m[2m=[0m28620 [3mlabel[0m[2m=[0m"AFTER"
526.93s ERROR [2m2026-09-28T08:07:47.860217Z[0m [32m INFO[0m [2mhotpatch_smoke[0m[2m:[0m hotpatch smoke heartbeat [3mframe[0m[2m=[0m28630 [3mlabel[0m[2m=[0m"AFTER"
527.02s ERROR [2m2026-09-28T08:07:47.950160Z[0m [32m INFO[0m [2mhotpatch_smoke[0m[2m:[0m hotpatch smoke heartbeat [3mframe[0m[2m=[0m28640 [3mlabel[0m[2m=[0m"AFTER"
527.11s ERROR [2m2026-09-28T08:07:48.040044Z[0m [32m INFO[0m [2mhotpatch_smoke[0m[2m:[0m hotpatch smoke heartbeat [3mframe[0m[2m=[0m28650 [3mlabel[0m[2m=[0m"AFTER"
527.20s ERROR [2m2026-09-28T08:07:48.130135Z[0m [32m INFO[0m [2mhotpatch_smoke[0m[2m:[0m hotpatch smoke heartbeat [3mframe[0m[2m=[0m28660 [3mlabel[0m[2m=[0m"AFTER"
527.29s ERROR [2m2026-09-28T08:07:48.220024Z[0m [32m INFO[0m [2mhotpatch_smoke[0m[2m:[0m hotpatch smoke heartbeat [3mframe[0m[2m=[0m28670 [3mlabel[0m[2m=[0m"AFTER"
527.38s ERROR [2m2026-09-28T08:07:48.310208Z[0m [32m INFO[0m [2mhotpatch_smoke[0m[2m:[0m hotpatch smoke heartbeat [3mframe[0m[2m=[0m28680 [3mlabel[0m[2m=[0m"AFTER"
527.47s ERROR [2m2026-09-28T08:07:48.400077Z[0m [32m INFO[0m [2mhotpatch_smoke[0m[2m:[0m hotpatch smoke heartbeat [3mframe[0m[2m=[0m28690 [3mlabel[0m[2m=[0m"AFTER"
527.56s ERROR [2m2026-09-28T08:07:48.490136Z[0m [32m INFO[0m [2mhotpatch_smoke[0m[2m:[0m hotpatch smoke heartbeat [3mframe[0m[2m=[0m28700 [3mlabel[0m[2m=[0m"AFTER"
527.65s ERROR [2m2026-09-28T08:07:48.580104Z[0m [32m INFO[0m [2mhotpatch_smoke[0m[2m:[0m hotpatch smoke heartbeat [3mframe[0m[2m=[0m28710 [3mlabel[0m[2m=[0m"AFTER"
527.74s ERROR [2m2026-09-28T08:07:48.670152Z[0m [32m INFO[0m [2mhotpatch_smoke[0m[2m:[0m hotpatch smoke heartbeat [3mframe[0m[2m=[0m28720 [3mlabel[0m[2m=[0m"AFTER"
527.83s ERROR [2m2026-09-28T08:07:48.760120Z[0m [32m INFO[0m [2mhotpatch_smoke[0m[2m:[0m hotpatch smoke heartbeat [3mframe[0m[2m=[0m28730 [3mlabel[0m[2m=[0m"AFTER"
527.92s ERROR [2m2026-09-28T08:07:48.850116Z[0m [32m INFO[0m [2mhotpatch_smoke[0m[2m:[0m hotpatch smoke heartbeat [3mframe[0m[2m=[0m28740 [3mlabel[0m[2m=[0m"AFTER"
528.01s ERROR [2m2026-09-28T08:07:48.940102Z[0m [32m INFO[0m [2mhotpatch_smoke[0m[2m:[0m hotpatch smoke heartbeat [3mframe[0m[2m=[0m28750 [3mlabel[0m[2m=[0m"AFTER"
528.10s ERROR [2m2026-09-28T08:07:49.029664Z[0m [32m INFO[0m [2mhotpatch_smoke[0m[2m:[0m hotpatch smoke heartbeat [3mframe[0m[2m=[0m28760 [3mlabel[0m[2m=[0m"AFTER"
528.19s ERROR [2m2026-09-28T08:07:49.119621Z[0m [32m INFO[0m [2mhotpatch_smoke[0m[2m:[0m hotpatch smoke heartbeat [3mframe[0m[2m=[0m28770 [3mlabel[0m[2m=[0m"AFTER"
528.28s ERROR [2m2026-09-28T08:07:49.209510Z[0m [32m INFO[0m [2mhotpatch_smoke[0m[2m:[0m hotpatch smoke heartbeat [3mframe[0m[2m=[0m28780 [3mlabel[0m[2m=[0m"AFTER"
528.37s ERROR [2m2026-09-28T08:07:49.299544Z[0m [32m INFO[0m [2mhotpatch_smoke[0m[2m:[0m hotpatch smoke heartbeat [3mframe[0m[2m=[0m28790 [3mlabel[0m[2m=[0m"AFTER"
528.46s ERROR [2m2026-09-28T08:07:49.389576Z[0m [32m INFO[0m [2mhotpatch_smoke[0m[2m:[0m hotpatch smoke heartbeat [3mframe[0m[2m=[0m28800 [3mlabel[0m[2m=[0m"AFTER"
528.55s ERROR [2m2026-09-28T08:07:49.479674Z[0m [32m INFO[0m [2mhotpatch_smoke[0m[2m:[0m hotpatch smoke heartbeat [3mframe[0m[2m=[0m28810 [3mlabel[0m[2m=[0m"AFTER"
528.64s ERROR [2m2026-09-28T08:07:49.569536Z[0m [32m INFO[0m [2mhotpatch_smoke[0m[2m:[0m hotpatch smoke heartbeat [3mframe[0m[2m=[0m28820 [3mlabel[0m[2m=[0m"AFTER"
528.73s ERROR [2m2026-09-28T08:07:49.659619Z[0m [32m INFO[0m [2mhotpatch_smoke[0m[2m:[0m hotpatch smoke heartbeat [3mframe[0m[2m=[0m28830 [3mlabel[0m[2m=[0m"AFTER"
528.82s ERROR [2m2026-09-28T08:07:49.749609Z[0m [32m INFO[0m [2mhotpatch_smoke[0m[2m:[0m hotpatch smoke heartbeat [3mframe[0m[2m=[0m28840 [3mlabel[0m[2m=[0m"AFTER"
528.90s ERROR [2m2026-09-28T08:07:49.838610Z[0m [32m INFO[0m [2mhotpatch_smoke[0m[2m:[0m hotpatch smoke heartbeat [3mframe[0m[2m=[0m28850 [3mlabel[0m[2m=[0m"AFTER"
528.99s ERROR [2m2026-09-28T08:07:49.928867Z[0m [32m INFO[0m [2mhotpatch_smoke[0m[2m:[0m hotpatch smoke heartbeat [3mframe[0m[2m=[0m28860 [3mlabel[0m[2m=[0m"AFTER"
529.08s ERROR [2m2026-09-28T08:07:50.015936Z[0m [32m INFO[0m [2mhotpatch_smoke[0m[2m:[0m hotpatch smoke heartbeat [3mframe[0m[2m=[0m28870 [3mlabel[0m[2m=[0m"AFTER"
529.17s ERROR [2m2026-09-28T08:07:50.102768Z[0m [32m INFO[0m [2mhotpatch_smoke[0m[2m:[0m hotpatch smoke heartbeat [3mframe[0m[2m=[0m28880 [3mlabel[0m[2m=[0m"AFTER"
529.26s ERROR [2m2026-09-28T08:07:50.190633Z[0m [32m INFO[0m [2mhotpatch_smoke[0m[2m:[0m hotpatch smoke heartbeat [3mframe[0m[2m=[0m28890 [3mlabel[0m[2m=[0m"AFTER"
529.34s ERROR [2m2026-09-28T08:07:50.275697Z[0m [32m INFO[0m [2mhotpatch_smoke[0m[2m:[0m hotpatch smoke heartbeat [3mframe[0m[2m=[0m28900 [3mlabel[0m[2m=[0m"AFTER"
529.43s ERROR [2m2026-09-28T08:07:50.360229Z[0m [32m INFO[0m [2mhotpatch_smoke[0m[2m:[0m hotpatch smoke heartbeat [3mframe[0m[2m=[0m28910 [3mlabel[0m[2m=[0m"AFTER"
529.51s ERROR [2m2026-09-28T08:07:50.447373Z[0m [32m INFO[0m [2mhotpatch_smoke[0m[2m:[0m hotpatch smoke heartbeat [3mframe[0m[2m=[0m28920 [3mlabel[0m[2m=[0m"AFTER"
529.60s ERROR [2m2026-09-28T08:07:50.531719Z[0m [32m INFO[0m [2mhotpatch_smoke[0m[2m:[0m hotpatch smoke heartbeat [3mframe[0m[2m=[0m28930 [3mlabel[0m[2m=[0m"AFTER"
529.68s ERROR [2m2026-09-28T08:07:50.616668Z[0m [32m INFO[0m [2mhotpatch_smoke[0m[2m:[0m hotpatch smoke heartbeat [3mframe[0m[2m=[0m28940 [3mlabel[0m[2m=[0m"AFTER"
529.77s ERROR [2m2026-09-28T08:07:50.703508Z[0m [32m INFO[0m [2mhotpatch_smoke[0m[2m:[0m hotpatch smoke heartbeat [3mframe[0m[2m=[0m28950 [3mlabel[0m[2m=[0m"AFTER"
529.86s ERROR [2m2026-09-28T08:07:50.792747Z[0m [32m INFO[0m [2mhotpatch_smoke[0m[2m:[0m hotpatch smoke heartbeat [3mframe[0m[2m=[0m28960 [3mlabel[0m[2m=[0m"AFTER"
529.95s ERROR [2m2026-09-28T08:07:50.879879Z[0m [32m INFO[0m [2mhotpatch_smoke[0m[2m:[0m hotpatch smoke heartbeat [3mframe[0m[2m=[0m28970 [3mlabel[0m[2m=[0m"AFTER"
530.03s ERROR [2m2026-09-28T08:07:50.966696Z[0m [32m INFO[0m [2mhotpatch_smoke[0m[2m:[0m hotpatch smoke heartbeat [3mframe[0m[2m=[0m28980 [3mlabel[0m[2m=[0m"AFTER"
530.12s ERROR [2m2026-09-28T08:07:51.051304Z[0m [32m INFO[0m [2mhotpatch_smoke[0m[2m:[0m hotpatch smoke heartbeat [3mframe[0m[2m=[0m28990 [3mlabel[0m[2m=[0m"AFTER"
530.20s ERROR [2m2026-09-28T08:07:51.137817Z[0m [32m INFO[0m [2mhotpatch_smoke[0m[2m:[0m hotpatch smoke heartbeat [3mframe[0m[2m=[0m29000 [3mlabel[0m[2m=[0m"AFTER"
530.29s ERROR [2m2026-09-28T08:07:51.224720Z[0m [32m INFO[0m [2mhotpatch_smoke[0m[2m:[0m hotpatch smoke heartbeat [3mframe[0m[2m=[0m29010 [3mlabel[0m[2m=[0m"AFTER"
530.38s ERROR [2m2026-09-28T08:07:51.312947Z[0m [32m INFO[0m [2mhotpatch_smoke[0m[2m:[0m hotpatch smoke heartbeat [3mframe[0m[2m=[0m29020 [3mlabel[0m[2m=[0m"AFTER"
530.46s ERROR [2m2026-09-28T08:07:51.398563Z[0m [32m INFO[0m [2mhotpatch_smoke[0m[2m:[0m hotpatch smoke heartbeat [3mframe[0m[2m=[0m29030 [3mlabel[0m[2m=[0m"AFTER"
530.55s ERROR [2m2026-09-28T08:07:51.484096Z[0m [32m INFO[0m [2mhotpatch_smoke[0m[2m:[0m hotpatch smoke heartbeat [3mframe[0m[2m=[0m29040 [3mlabel[0m[2m=[0m"AFTER"
530.64s ERROR [2m2026-09-28T08:07:51.571155Z[0m [32m INFO[0m [2mhotpatch_smoke[0m[2m:[0m hotpatch smoke heartbeat [3mframe[0m[2m=[0m29050 [3mlabel[0m[2m=[0m"AFTER"
530.72s ERROR [2m2026-09-28T08:07:51.657011Z[0m [32m INFO[0m [2mhotpatch_smoke[0m[2m:[0m hotpatch smoke heartbeat [3mframe[0m[2m=[0m29060 [3mlabel[0m[2m=[0m"AFTER"
530.81s ERROR [2m2026-09-28T08:07:51.745662Z[0m [32m INFO[0m [2mhotpatch_smoke[0m[2m:[0m hotpatch smoke heartbeat [3mframe[0m[2m=[0m29070 [3mlabel[0m[2m=[0m"AFTER"
530.90s ERROR [2m2026-09-28T08:07:51.835379Z[0m [32m INFO[0m [2mhotpatch_smoke[0m[2m:[0m hotpatch smoke heartbeat [3mframe[0m[2m=[0m29080 [3mlabel[0m[2m=[0m"AFTER"
530.99s ERROR [2m2026-09-28T08:07:51.923649Z[0m [32m INFO[0m [2mhotpatch_smoke[0m[2m:[0m hotpatch smoke heartbeat [3mframe[0m[2m=[0m29090 [3mlabel[0m[2m=[0m"AFTER"
531.07s ERROR [2m2026-09-28T08:07:52.008700Z[0m [32m INFO[0m [2mhotpatch_smoke[0m[2m:[0m hotpatch smoke heartbeat [3mframe[0m[2m=[0m29100 [3mlabel[0m[2m=[0m"AFTER"
531.16s ERROR [2m2026-09-28T08:07:52.092522Z[0m [32m INFO[0m [2mhotpatch_smoke[0m[2m:[0m hotpatch smoke heartbeat [3mframe[0m[2m=[0m29110 [3mlabel[0m[2m=[0m"AFTER"
531.24s ERROR [2m2026-09-28T08:07:52.178633Z[0m [32m INFO[0m [2mhotpatch_smoke[0m[2m:[0m hotpatch smoke heartbeat [3mframe[0m[2m=[0m29120 [3mlabel[0m[2m=[0m"AFTER"
531.33s ERROR [2m2026-09-28T08:07:52.264869Z[0m [32m INFO[0m [2mhotpatch_smoke[0m[2m:[0m hotpatch smoke heartbeat [3mframe[0m[2m=[0m29130 [3mlabel[0m[2m=[0m"AFTER"
531.42s ERROR [2m2026-09-28T08:07:52.350771Z[0m [32m INFO[0m [2mhotpatch_smoke[0m[2m:[0m hotpatch smoke heartbeat [3mframe[0m[2m=[0m29140 [3mlabel[0m[2m=[0m"AFTER"
531.50s ERROR [2m2026-09-28T08:07:52.436637Z[0m [32m INFO[0m [2mhotpatch_smoke[0m[2m:[0m hotpatch smoke heartbeat [3mframe[0m[2m=[0m29150 [3mlabel[0m[2m=[0m"AFTER"
531.59s ERROR [2m2026-09-28T08:07:52.521453Z[0m [32m INFO[0m [2mhotpatch_smoke[0m[2m:[0m hotpatch smoke heartbeat [3mframe[0m[2m=[0m29160 [3mlabel[0m[2m=[0m"AFTER"
531.67s ERROR [2m2026-09-28T08:07:52.605569Z[0m [32m INFO[0m [2mhotpatch_smoke[0m[2m:[0m hotpatch smoke heartbeat [3mframe[0m[2m=[0m29170 [3mlabel[0m[2m=[0m"AFTER"
531.76s ERROR [2m2026-09-28T08:07:52.693533Z[0m [32m INFO[0m [2mhotpatch_smoke[0m[2m:[0m hotpatch smoke heartbeat [3mframe[0m[2m=[0m29180 [3mlabel[0m[2m=[0m"AFTER"
531.85s ERROR [2m2026-09-28T08:07:52.783653Z[0m [32m INFO[0m [2mhotpatch_smoke[0m[2m:[0m hotpatch smoke heartbeat [3mframe[0m[2m=[0m29190 [3mlabel[0m[2m=[0m"AFTER"
531.94s ERROR [2m2026-09-28T08:07:52.873682Z[0m [32m INFO[0m [2mhotpatch_smoke[0m[2m:[0m hotpatch smoke heartbeat [3mframe[0m[2m=[0m29200 [3mlabel[0m[2m=[0m"AFTER"
532.03s ERROR [2m2026-09-28T08:07:52.962632Z[0m [32m INFO[0m [2mhotpatch_smoke[0m[2m:[0m hotpatch smoke heartbeat [3mframe[0m[2m=[0m29210 [3mlabel[0m[2m=[0m"AFTER"
532.11s ERROR [2m2026-09-28T08:07:53.048850Z[0m [32m INFO[0m [2mhotpatch_smoke[0m[2m:[0m hotpatch smoke heartbeat [3mframe[0m[2m=[0m29220 [3mlabel[0m[2m=[0m"AFTER"
532.20s ERROR [2m2026-09-28T08:07:53.135904Z[0m [32m INFO[0m [2mhotpatch_smoke[0m[2m:[0m hotpatch smoke heartbeat [3mframe[0m[2m=[0m29230 [3mlabel[0m[2m=[0m"AFTER"
532.29s ERROR [2m2026-09-28T08:07:53.221158Z[0m [32m INFO[0m [2mhotpatch_smoke[0m[2m:[0m hotpatch smoke heartbeat [3mframe[0m[2m=[0m29240 [3mlabel[0m[2m=[0m"AFTER"
532.37s ERROR [2m2026-09-28T08:07:53.307629Z[0m [32m INFO[0m [2mhotpatch_smoke[0m[2m:[0m hotpatch smoke heartbeat [3mframe[0m[2m=[0m29250 [3mlabel[0m[2m=[0m"AFTER"
532.46s ERROR [2m2026-09-28T08:07:53.397517Z[0m [32m INFO[0m [2mhotpatch_smoke[0m[2m:[0m hotpatch smoke heartbeat [3mframe[0m[2m=[0m29260 [3mlabel[0m[2m=[0m"AFTER"
532.55s ERROR [2m2026-09-28T08:07:53.486615Z[0m [32m INFO[0m [2mhotpatch_smoke[0m[2m:[0m hotpatch smoke heartbeat [3mframe[0m[2m=[0m29270 [3mlabel[0m[2m=[0m"AFTER"
532.64s ERROR [2m2026-09-28T08:07:53.572740Z[0m [32m INFO[0m [2mhotpatch_smoke[0m[2m:[0m hotpatch smoke heartbeat [3mframe[0m[2m=[0m29280 [3mlabel[0m[2m=[0m"AFTER"
532.73s ERROR [2m2026-09-28T08:07:53.662649Z[0m [32m INFO[0m [2mhotpatch_smoke[0m[2m:[0m hotpatch smoke heartbeat [3mframe[0m[2m=[0m29290 [3mlabel[0m[2m=[0m"AFTER"
532.82s ERROR [2m2026-09-28T08:07:53.752742Z[0m [32m INFO[0m [2mhotpatch_smoke[0m[2m:[0m hotpatch smoke heartbeat [3mframe[0m[2m=[0m29300 [3mlabel[0m[2m=[0m"AFTER"
532.91s ERROR [2m2026-09-28T08:07:53.841666Z[0m [32m INFO[0m [2mhotpatch_smoke[0m[2m:[0m hotpatch smoke heartbeat [3mframe[0m[2m=[0m29310 [3mlabel[0m[2m=[0m"AFTER"
533.00s ERROR [2m2026-09-28T08:07:53.929597Z[0m [32m INFO[0m [2mhotpatch_smoke[0m[2m:[0m hotpatch smoke heartbeat [3mframe[0m[2m=[0m29320 [3mlabel[0m[2m=[0m"AFTER"
533.08s ERROR [2m2026-09-28T08:07:54.015694Z[0m [32m INFO[0m [2mhotpatch_smoke[0m[2m:[0m hotpatch smoke heartbeat [3mframe[0m[2m=[0m29330 [3mlabel[0m[2m=[0m"AFTER"
533.17s ERROR [2m2026-09-28T08:07:54.101600Z[0m [32m INFO[0m [2mhotpatch_smoke[0m[2m:[0m hotpatch smoke heartbeat [3mframe[0m[2m=[0m29340 [3mlabel[0m[2m=[0m"AFTER"
533.25s ERROR [2m2026-09-28T08:07:54.187856Z[0m [32m INFO[0m [2mhotpatch_smoke[0m[2m:[0m hotpatch smoke heartbeat [3mframe[0m[2m=[0m29350 [3mlabel[0m[2m=[0m"AFTER"
533.34s ERROR [2m2026-09-28T08:07:54.275552Z[0m [32m INFO[0m [2mhotpatch_smoke[0m[2m:[0m hotpatch smoke heartbeat [3mframe[0m[2m=[0m29360 [3mlabel[0m[2m=[0m"AFTER"
533.43s ERROR [2m2026-09-28T08:07:54.362866Z[0m [32m INFO[0m [2mhotpatch_smoke[0m[2m:[0m hotpatch smoke heartbeat [3mframe[0m[2m=[0m29370 [3mlabel[0m[2m=[0m"AFTER"
533.51s ERROR [2m2026-09-28T08:07:54.448613Z[0m [32m INFO[0m [2mhotpatch_smoke[0m[2m:[0m hotpatch smoke heartbeat [3mframe[0m[2m=[0m29380 [3mlabel[0m[2m=[0m"AFTER"
533.60s ERROR [2m2026-09-28T08:07:54.537629Z[0m [32m INFO[0m [2mhotpatch_smoke[0m[2m:[0m hotpatch smoke heartbeat [3mframe[0m[2m=[0m29390 [3mlabel[0m[2m=[0m"AFTER"
533.69s ERROR [2m2026-09-28T08:07:54.623225Z[0m [32m INFO[0m [2mhotpatch_smoke[0m[2m:[0m hotpatch smoke heartbeat [3mframe[0m[2m=[0m29400 [3mlabel[0m[2m=[0m"AFTER"
533.78s ERROR [2m2026-09-28T08:07:54.710687Z[0m [32m INFO[0m [2mhotpatch_smoke[0m[2m:[0m hotpatch smoke heartbeat [3mframe[0m[2m=[0m29410 [3mlabel[0m[2m=[0m"AFTER"
533.86s ERROR [2m2026-09-28T08:07:54.798728Z[0m [32m INFO[0m [2mhotpatch_smoke[0m[2m:[0m hotpatch smoke heartbeat [3mframe[0m[2m=[0m29420 [3mlabel[0m[2m=[0m"AFTER"
533.95s ERROR [2m2026-09-28T08:07:54.887788Z[0m [32m INFO[0m [2mhotpatch_smoke[0m[2m:[0m hotpatch smoke heartbeat [3mframe[0m[2m=[0m29430 [3mlabel[0m[2m=[0m"AFTER"
534.04s ERROR [2m2026-09-28T08:07:54.973309Z[0m [32m INFO[0m [2mhotpatch_smoke[0m[2m:[0m hotpatch smoke heartbeat [3mframe[0m[2m=[0m29440 [3mlabel[0m[2m=[0m"AFTER"
534.12s ERROR [2m2026-09-28T08:07:55.057683Z[0m [32m INFO[0m [2mhotpatch_smoke[0m[2m:[0m hotpatch smoke heartbeat [3mframe[0m[2m=[0m29450 [3mlabel[0m[2m=[0m"AFTER"
534.21s ERROR [2m2026-09-28T08:07:55.145595Z[0m [32m INFO[0m [2mhotpatch_smoke[0m[2m:[0m hotpatch smoke heartbeat [3mframe[0m[2m=[0m29460 [3mlabel[0m[2m=[0m"AFTER"
534.30s ERROR [2m2026-09-28T08:07:55.234574Z[0m [32m INFO[0m [2mhotpatch_smoke[0m[2m:[0m hotpatch smoke heartbeat [3mframe[0m[2m=[0m29470 [3mlabel[0m[2m=[0m"AFTER"
534.39s ERROR [2m2026-09-28T08:07:55.320756Z[0m [32m INFO[0m [2mhotpatch_smoke[0m[2m:[0m hotpatch smoke heartbeat [3mframe[0m[2m=[0m29480 [3mlabel[0m[2m=[0m"AFTER"
534.47s ERROR [2m2026-09-28T08:07:55.405673Z[0m [32m INFO[0m [2mhotpatch_smoke[0m[2m:[0m hotpatch smoke heartbeat [3mframe[0m[2m=[0m29490 [3mlabel[0m[2m=[0m"AFTER"
534.56s ERROR [2m2026-09-28T08:07:55.491557Z[0m [32m INFO[0m [2mhotpatch_smoke[0m[2m:[0m hotpatch smoke heartbeat [3mframe[0m[2m=[0m29500 [3mlabel[0m[2m=[0m"AFTER"
534.64s ERROR [2m2026-09-28T08:07:55.576797Z[0m [32m INFO[0m [2mhotpatch_smoke[0m[2m:[0m hotpatch smoke heartbeat [3mframe[0m[2m=[0m29510 [3mlabel[0m[2m=[0m"AFTER"
534.73s ERROR [2m2026-09-28T08:07:55.661689Z[0m [32m INFO[0m [2mhotpatch_smoke[0m[2m:[0m hotpatch smoke heartbeat [3mframe[0m[2m=[0m29520 [3mlabel[0m[2m=[0m"AFTER"
534.82s ERROR [2m2026-09-28T08:07:55.749690Z[0m [32m INFO[0m [2mhotpatch_smoke[0m[2m:[0m hotpatch smoke heartbeat [3mframe[0m[2m=[0m29530 [3mlabel[0m[2m=[0m"AFTER"
534.90s ERROR [2m2026-09-28T08:07:55.836648Z[0m [32m INFO[0m [2mhotpatch_smoke[0m[2m:[0m hotpatch smoke heartbeat [3mframe[0m[2m=[0m29540 [3mlabel[0m[2m=[0m"AFTER"
534.99s ERROR [2m2026-09-28T08:07:55.925775Z[0m [32m INFO[0m [2mhotpatch_smoke[0m[2m:[0m hotpatch smoke heartbeat [3mframe[0m[2m=[0m29550 [3mlabel[0m[2m=[0m"AFTER"
535.08s ERROR [2m2026-09-28T08:07:56.011615Z[0m [32m INFO[0m [2mhotpatch_smoke[0m[2m:[0m hotpatch smoke heartbeat [3mframe[0m[2m=[0m29560 [3mlabel[0m[2m=[0m"AFTER"
535.17s ERROR [2m2026-09-28T08:07:56.101632Z[0m [32m INFO[0m [2mhotpatch_smoke[0m[2m:[0m hotpatch smoke heartbeat [3mframe[0m[2m=[0m29570 [3mlabel[0m[2m=[0m"AFTER"
535.26s ERROR [2m2026-09-28T08:07:56.191750Z[0m [32m INFO[0m [2mhotpatch_smoke[0m[2m:[0m hotpatch smoke heartbeat [3mframe[0m[2m=[0m29580 [3mlabel[0m[2m=[0m"AFTER"
535.34s ERROR [2m2026-09-28T08:07:56.277608Z[0m [32m INFO[0m [2mhotpatch_smoke[0m[2m:[0m hotpatch smoke heartbeat [3mframe[0m[2m=[0m29590 [3mlabel[0m[2m=[0m"AFTER"
535.43s ERROR [2m2026-09-28T08:07:56.364623Z[0m [32m INFO[0m [2mhotpatch_smoke[0m[2m:[0m hotpatch smoke heartbeat [3mframe[0m[2m=[0m29600 [3mlabel[0m[2m=[0m"AFTER"
535.52s ERROR [2m2026-09-28T08:07:56.450746Z[0m [32m INFO[0m [2mhotpatch_smoke[0m[2m:[0m hotpatch smoke heartbeat [3mframe[0m[2m=[0m29610 [3mlabel[0m[2m=[0m"AFTER"
535.60s ERROR [2m2026-09-28T08:07:56.536707Z[0m [32m INFO[0m [2mhotpatch_smoke[0m[2m:[0m hotpatch smoke heartbeat [3mframe[0m[2m=[0m29620 [3mlabel[0m[2m=[0m"AFTER"
535.69s ERROR [2m2026-09-28T08:07:56.623696Z[0m [32m INFO[0m [2mhotpatch_smoke[0m[2m:[0m hotpatch smoke heartbeat [3mframe[0m[2m=[0m29630 [3mlabel[0m[2m=[0m"AFTER"
535.78s ERROR [2m2026-09-28T08:07:56.709850Z[0m [32m INFO[0m [2mhotpatch_smoke[0m[2m:[0m hotpatch smoke heartbeat [3mframe[0m[2m=[0m29640 [3mlabel[0m[2m=[0m"AFTER"
535.86s ERROR [2m2026-09-28T08:07:56.798328Z[0m [32m INFO[0m [2mhotpatch_smoke[0m[2m:[0m hotpatch smoke heartbeat [3mframe[0m[2m=[0m29650 [3mlabel[0m[2m=[0m"AFTER"
535.95s ERROR [2m2026-09-28T08:07:56.885833Z[0m [32m INFO[0m [2mhotpatch_smoke[0m[2m:[0m hotpatch smoke heartbeat [3mframe[0m[2m=[0m29660 [3mlabel[0m[2m=[0m"AFTER"
536.04s ERROR [2m2026-09-28T08:07:56.973787Z[0m [32m INFO[0m [2mhotpatch_smoke[0m[2m:[0m hotpatch smoke heartbeat [3mframe[0m[2m=[0m29670 [3mlabel[0m[2m=[0m"AFTER"
536.13s ERROR [2m2026-09-28T08:07:57.060020Z[0m [32m INFO[0m [2mhotpatch_smoke[0m[2m:[0m hotpatch smoke heartbeat [3mframe[0m[2m=[0m29680 [3mlabel[0m[2m=[0m"AFTER"
536.21s ERROR [2m2026-09-28T08:07:57.147044Z[0m [32m INFO[0m [2mhotpatch_smoke[0m[2m:[0m hotpatch smoke heartbeat [3mframe[0m[2m=[0m29690 [3mlabel[0m[2m=[0m"AFTER"
536.30s ERROR [2m2026-09-28T08:07:57.234006Z[0m [32m INFO[0m [2mhotpatch_smoke[0m[2m:[0m hotpatch smoke heartbeat [3mframe[0m[2m=[0m29700 [3mlabel[0m[2m=[0m"AFTER"
536.39s ERROR [2m2026-09-28T08:07:57.320317Z[0m [32m INFO[0m [2mhotpatch_smoke[0m[2m:[0m hotpatch smoke heartbeat [3mframe[0m[2m=[0m29710 [3mlabel[0m[2m=[0m"AFTER"
536.47s ERROR [2m2026-09-28T08:07:57.406735Z[0m [32m INFO[0m [2mhotpatch_smoke[0m[2m:[0m hotpatch smoke heartbeat [3mframe[0m[2m=[0m29720 [3mlabel[0m[2m=[0m"AFTER"
536.56s ERROR [2m2026-09-28T08:07:57.494046Z[0m [32m INFO[0m [2mhotpatch_smoke[0m[2m:[0m hotpatch smoke heartbeat [3mframe[0m[2m=[0m29730 [3mlabel[0m[2m=[0m"AFTER"
536.64s ERROR [2m2026-09-28T08:07:57.578726Z[0m [32m INFO[0m [2mhotpatch_smoke[0m[2m:[0m hotpatch smoke heartbeat [3mframe[0m[2m=[0m29740 [3mlabel[0m[2m=[0m"AFTER"
536.73s ERROR [2m2026-09-28T08:07:57.664236Z[0m [32m INFO[0m [2mhotpatch_smoke[0m[2m:[0m hotpatch smoke heartbeat [3mframe[0m[2m=[0m29750 [3mlabel[0m[2m=[0m"AFTER"
536.81s ERROR [2m2026-09-28T08:07:57.748557Z[0m [32m INFO[0m [2mhotpatch_smoke[0m[2m:[0m hotpatch smoke heartbeat [3mframe[0m[2m=[0m29760 [3mlabel[0m[2m=[0m"AFTER"
536.90s ERROR [2m2026-09-28T08:07:57.838611Z[0m [32m INFO[0m [2mhotpatch_smoke[0m[2m:[0m hotpatch smoke heartbeat [3mframe[0m[2m=[0m29770 [3mlabel[0m[2m=[0m"AFTER"
536.99s ERROR [2m2026-09-28T08:07:57.928599Z[0m [32m INFO[0m [2mhotpatch_smoke[0m[2m:[0m hotpatch smoke heartbeat [3mframe[0m[2m=[0m29780 [3mlabel[0m[2m=[0m"AFTER"
537.08s ERROR [2m2026-09-28T08:07:58.016470Z[0m [32m INFO[0m [2mhotpatch_smoke[0m[2m:[0m hotpatch smoke heartbeat [3mframe[0m[2m=[0m29790 [3mlabel[0m[2m=[0m"AFTER"
537.17s ERROR [2m2026-09-28T08:07:58.102663Z[0m [32m INFO[0m [2mhotpatch_smoke[0m[2m:[0m hotpatch smoke heartbeat [3mframe[0m[2m=[0m29800 [3mlabel[0m[2m=[0m"AFTER"
537.25s ERROR [2m2026-09-28T08:07:58.188587Z[0m [32m INFO[0m [2mhotpatch_smoke[0m[2m:[0m hotpatch smoke heartbeat [3mframe[0m[2m=[0m29810 [3mlabel[0m[2m=[0m"AFTER"
537.34s ERROR [2m2026-09-28T08:07:58.273771Z[0m [32m INFO[0m [2mhotpatch_smoke[0m[2m:[0m hotpatch smoke heartbeat [3mframe[0m[2m=[0m29820 [3mlabel[0m[2m=[0m"AFTER"
537.43s ERROR [2m2026-09-28T08:07:58.361800Z[0m [32m INFO[0m [2mhotpatch_smoke[0m[2m:[0m hotpatch smoke heartbeat [3mframe[0m[2m=[0m29830 [3mlabel[0m[2m=[0m"AFTER"
537.52s ERROR [2m2026-09-28T08:07:58.449959Z[0m [32m INFO[0m [2mhotpatch_smoke[0m[2m:[0m hotpatch smoke heartbeat [3mframe[0m[2m=[0m29840 [3mlabel[0m[2m=[0m"AFTER"
537.60s ERROR [2m2026-09-28T08:07:58.534891Z[0m [32m INFO[0m [2mhotpatch_smoke[0m[2m:[0m hotpatch smoke heartbeat [3mframe[0m[2m=[0m29850 [3mlabel[0m[2m=[0m"AFTER"
537.69s ERROR [2m2026-09-28T08:07:58.621785Z[0m [32m INFO[0m [2mhotpatch_smoke[0m[2m:[0m hotpatch smoke heartbeat [3mframe[0m[2m=[0m29860 [3mlabel[0m[2m=[0m"AFTER"
537.77s ERROR [2m2026-09-28T08:07:58.707444Z[0m [32m INFO[0m [2mhotpatch_smoke[0m[2m:[0m hotpatch smoke heartbeat [3mframe[0m[2m=[0m29870 [3mlabel[0m[2m=[0m"AFTER"
537.86s ERROR [2m2026-09-28T08:07:58.793888Z[0m [32m INFO[0m [2mhotpatch_smoke[0m[2m:[0m hotpatch smoke heartbeat [3mframe[0m[2m=[0m29880 [3mlabel[0m[2m=[0m"AFTER"
537.95s ERROR [2m2026-09-28T08:07:58.880690Z[0m [32m INFO[0m [2mhotpatch_smoke[0m[2m:[0m hotpatch smoke heartbeat [3mframe[0m[2m=[0m29890 [3mlabel[0m[2m=[0m"AFTER"
538.03s ERROR [2m2026-09-28T08:07:58.966741Z[0m [32m INFO[0m [2mhotpatch_smoke[0m[2m:[0m hotpatch smoke heartbeat [3mframe[0m[2m=[0m29900 [3mlabel[0m[2m=[0m"AFTER"
538.12s ERROR [2m2026-09-28T08:07:59.052222Z[0m [32m INFO[0m [2mhotpatch_smoke[0m[2m:[0m hotpatch smoke heartbeat [3mframe[0m[2m=[0m29910 [3mlabel[0m[2m=[0m"AFTER"
538.21s ERROR [2m2026-09-28T08:07:59.139647Z[0m [32m INFO[0m [2mhotpatch_smoke[0m[2m:[0m hotpatch smoke heartbeat [3mframe[0m[2m=[0m29920 [3mlabel[0m[2m=[0m"AFTER"
538.29s ERROR [2m2026-09-28T08:07:59.225584Z[0m [32m INFO[0m [2mhotpatch_smoke[0m[2m:[0m hotpatch smoke heartbeat [3mframe[0m[2m=[0m29930 [3mlabel[0m[2m=[0m"AFTER"
538.38s ERROR [2m2026-09-28T08:07:59.311664Z[0m [32m INFO[0m [2mhotpatch_smoke[0m[2m:[0m hotpatch smoke heartbeat [3mframe[0m[2m=[0m29940 [3mlabel[0m[2m=[0m"AFTER"
538.46s ERROR [2m2026-09-28T08:07:59.398556Z[0m [32m INFO[0m [2mhotpatch_smoke[0m[2m:[0m hotpatch smoke heartbeat [3mframe[0m[2m=[0m29950 [3mlabel[0m[2m=[0m"AFTER"
538.55s ERROR [2m2026-09-28T08:07:59.485630Z[0m [32m INFO[0m [2mhotpatch_smoke[0m[2m:[0m hotpatch smoke heartbeat [3mframe[0m[2m=[0m29960 [3mlabel[0m[2m=[0m"AFTER"
538.64s ERROR [2m2026-09-28T08:07:59.572612Z[0m [32m INFO[0m [2mhotpatch_smoke[0m[2m:[0m hotpatch smoke heartbeat [3mframe[0m[2m=[0m29970 [3mlabel[0m[2m=[0m"AFTER"
538.73s ERROR [2m2026-09-28T08:07:59.662536Z[0m [32m INFO[0m [2mhotpatch_smoke[0m[2m:[0m hotpatch smoke heartbeat [3mframe[0m[2m=[0m29980 [3mlabel[0m[2m=[0m"AFTER"
538.82s ERROR [2m2026-09-28T08:07:59.751664Z[0m [32m INFO[0m [2mhotpatch_smoke[0m[2m:[0m hotpatch smoke heartbeat [3mframe[0m[2m=[0m29990 [3mlabel[0m[2m=[0m"AFTER"
538.91s ERROR [2m2026-09-28T08:07:59.840667Z[0m [32m INFO[0m [2mhotpatch_smoke[0m[2m:[0m hotpatch smoke heartbeat [3mframe[0m[2m=[0m30000 [3mlabel[0m[2m=[0m"AFTER"
538.99s ERROR [2m2026-09-28T08:07:59.926681Z[0m [32m INFO[0m [2mhotpatch_smoke[0m[2m:[0m hotpatch smoke heartbeat [3mframe[0m[2m=[0m30010 [3mlabel[0m[2m=[0m"AFTER"
539.08s ERROR [2m2026-09-28T08:08:00.014686Z[0m [32m INFO[0m [2mhotpatch_smoke[0m[2m:[0m hotpatch smoke heartbeat [3mframe[0m[2m=[0m30020 [3mlabel[0m[2m=[0m"AFTER"
539.17s ERROR [2m2026-09-28T08:08:00.101637Z[0m [32m INFO[0m [2mhotpatch_smoke[0m[2m:[0m hotpatch smoke heartbeat [3mframe[0m[2m=[0m30030 [3mlabel[0m[2m=[0m"AFTER"
539.25s ERROR [2m2026-09-28T08:08:00.188987Z[0m [32m INFO[0m [2mhotpatch_smoke[0m[2m:[0m hotpatch smoke heartbeat [3mframe[0m[2m=[0m30040 [3mlabel[0m[2m=[0m"AFTER"
539.34s ERROR [2m2026-09-28T08:08:00.276602Z[0m [32m INFO[0m [2mhotpatch_smoke[0m[2m:[0m hotpatch smoke heartbeat [3mframe[0m[2m=[0m30050 [3mlabel[0m[2m=[0m"AFTER"
539.43s ERROR [2m2026-09-28T08:08:00.366526Z[0m [32m INFO[0m [2mhotpatch_smoke[0m[2m:[0m hotpatch smoke heartbeat [3mframe[0m[2m=[0m30060 [3mlabel[0m[2m=[0m"AFTER"
539.52s ERROR [2m2026-09-28T08:08:00.455705Z[0m [32m INFO[0m [2mhotpatch_smoke[0m[2m:[0m hotpatch smoke heartbeat [3mframe[0m[2m=[0m30070 [3mlabel[0m[2m=[0m"AFTER"
539.61s ERROR [2m2026-09-28T08:08:00.544331Z[0m [32m INFO[0m [2mhotpatch_smoke[0m[2m:[0m hotpatch smoke heartbeat [3mframe[0m[2m=[0m30080 [3mlabel[0m[2m=[0m"AFTER"
539.70s ERROR [2m2026-09-28T08:08:00.634274Z[0m [32m INFO[0m [2mhotpatch_smoke[0m[2m:[0m hotpatch smoke heartbeat [3mframe[0m[2m=[0m30090 [3mlabel[0m[2m=[0m"AFTER"
539.79s ERROR [2m2026-09-28T08:08:00.724185Z[0m [32m INFO[0m [2mhotpatch_smoke[0m[2m:[0m hotpatch smoke heartbeat [3mframe[0m[2m=[0m30100 [3mlabel[0m[2m=[0m"AFTER"
539.88s ERROR [2m2026-09-28T08:08:00.814171Z[0m [32m INFO[0m [2mhotpatch_smoke[0m[2m:[0m hotpatch smoke heartbeat [3mframe[0m[2m=[0m30110 [3mlabel[0m[2m=[0m"AFTER"
539.97s ERROR [2m2026-09-28T08:08:00.901975Z[0m [32m INFO[0m [2mhotpatch_smoke[0m[2m:[0m hotpatch smoke heartbeat [3mframe[0m[2m=[0m30120 [3mlabel[0m[2m=[0m"AFTER"
540.05s ERROR [2m2026-09-28T08:08:00.988620Z[0m [32m INFO[0m [2mhotpatch_smoke[0m[2m:[0m hotpatch smoke heartbeat [3mframe[0m[2m=[0m30130 [3mlabel[0m[2m=[0m"AFTER"
540.14s ERROR [2m2026-09-28T08:08:01.074667Z[0m [32m INFO[0m [2mhotpatch_smoke[0m[2m:[0m hotpatch smoke heartbeat [3mframe[0m[2m=[0m30140 [3mlabel[0m[2m=[0m"AFTER"
540.23s ERROR [2m2026-09-28T08:08:01.162531Z[0m [32m INFO[0m [2mhotpatch_smoke[0m[2m:[0m hotpatch smoke heartbeat [3mframe[0m[2m=[0m30150 [3mlabel[0m[2m=[0m"AFTER"
540.32s ERROR [2m2026-09-28T08:08:01.250375Z[0m [32m INFO[0m [2mhotpatch_smoke[0m[2m:[0m hotpatch smoke heartbeat [3mframe[0m[2m=[0m30160 [3mlabel[0m[2m=[0m"AFTER"
540.40s ERROR [2m2026-09-28T08:08:01.336478Z[0m [32m INFO[0m [2mhotpatch_smoke[0m[2m:[0m hotpatch smoke heartbeat [3mframe[0m[2m=[0m30170 [3mlabel[0m[2m=[0m"AFTER"
540.49s ERROR [2m2026-09-28T08:08:01.422770Z[0m [32m INFO[0m [2mhotpatch_smoke[0m[2m:[0m hotpatch smoke heartbeat [3mframe[0m[2m=[0m30180 [3mlabel[0m[2m=[0m"AFTER"
540.58s ERROR [2m2026-09-28T08:08:01.509634Z[0m [32m INFO[0m [2mhotpatch_smoke[0m[2m:[0m hotpatch smoke heartbeat [3mframe[0m[2m=[0m30190 [3mlabel[0m[2m=[0m"AFTER"
540.66s ERROR [2m2026-09-28T08:08:01.598658Z[0m [32m INFO[0m [2mhotpatch_smoke[0m[2m:[0m hotpatch smoke heartbeat [3mframe[0m[2m=[0m30200 [3mlabel[0m[2m=[0m"AFTER"
540.75s ERROR [2m2026-09-28T08:08:01.687640Z[0m [32m INFO[0m [2mhotpatch_smoke[0m[2m:[0m hotpatch smoke heartbeat [3mframe[0m[2m=[0m30210 [3mlabel[0m[2m=[0m"AFTER"
540.84s ERROR [2m2026-09-28T08:08:01.775898Z[0m [32m INFO[0m [2mhotpatch_smoke[0m[2m:[0m hotpatch smoke heartbeat [3mframe[0m[2m=[0m30220 [3mlabel[0m[2m=[0m"AFTER"
540.93s ERROR [2m2026-09-28T08:08:01.863641Z[0m [32m INFO[0m [2mhotpatch_smoke[0m[2m:[0m hotpatch smoke heartbeat [3mframe[0m[2m=[0m30230 [3mlabel[0m[2m=[0m"AFTER"
541.02s ERROR [2m2026-09-28T08:08:01.953716Z[0m [32m INFO[0m [2mhotpatch_smoke[0m[2m:[0m hotpatch smoke heartbeat [3mframe[0m[2m=[0m30240 [3mlabel[0m[2m=[0m"AFTER"
541.11s ERROR [2m2026-09-28T08:08:02.039730Z[0m [32m INFO[0m [2mhotpatch_smoke[0m[2m:[0m hotpatch smoke heartbeat [3mframe[0m[2m=[0m30250 [3mlabel[0m[2m=[0m"AFTER"
541.20s ERROR [2m2026-09-28T08:08:02.129601Z[0m [32m INFO[0m [2mhotpatch_smoke[0m[2m:[0m hotpatch smoke heartbeat [3mframe[0m[2m=[0m30260 [3mlabel[0m[2m=[0m"AFTER"
541.28s ERROR [2m2026-09-28T08:08:02.218678Z[0m [32m INFO[0m [2mhotpatch_smoke[0m[2m:[0m hotpatch smoke heartbeat [3mframe[0m[2m=[0m30270 [3mlabel[0m[2m=[0m"AFTER"
541.37s ERROR [2m2026-09-28T08:08:02.304974Z[0m [32m INFO[0m [2mhotpatch_smoke[0m[2m:[0m hotpatch smoke heartbeat [3mframe[0m[2m=[0m30280 [3mlabel[0m[2m=[0m"AFTER"
541.46s ERROR [2m2026-09-28T08:08:02.392659Z[0m [32m INFO[0m [2mhotpatch_smoke[0m[2m:[0m hotpatch smoke heartbeat [3mframe[0m[2m=[0m30290 [3mlabel[0m[2m=[0m"AFTER"
541.55s ERROR [2m2026-09-28T08:08:02.480951Z[0m [32m INFO[0m [2mhotpatch_smoke[0m[2m:[0m hotpatch smoke heartbeat [3mframe[0m[2m=[0m30300 [3mlabel[0m[2m=[0m"AFTER"
541.63s ERROR [2m2026-09-28T08:08:02.565680Z[0m [32m INFO[0m [2mhotpatch_smoke[0m[2m:[0m hotpatch smoke heartbeat [3mframe[0m[2m=[0m30310 [3mlabel[0m[2m=[0m"AFTER"
541.72s ERROR [2m2026-09-28T08:08:02.654788Z[0m [32m INFO[0m [2mhotpatch_smoke[0m[2m:[0m hotpatch smoke heartbeat [3mframe[0m[2m=[0m30320 [3mlabel[0m[2m=[0m"AFTER"
541.81s ERROR [2m2026-09-28T08:08:02.744569Z[0m [32m INFO[0m [2mhotpatch_smoke[0m[2m:[0m hotpatch smoke heartbeat [3mframe[0m[2m=[0m30330 [3mlabel[0m[2m=[0m"AFTER"
541.90s ERROR [2m2026-09-28T08:08:02.829870Z[0m [32m INFO[0m [2mhotpatch_smoke[0m[2m:[0m hotpatch smoke heartbeat [3mframe[0m[2m=[0m30340 [3mlabel[0m[2m=[0m"AFTER"
541.98s ERROR [2m2026-09-28T08:08:02.915598Z[0m [32m INFO[0m [2mhotpatch_smoke[0m[2m:[0m hotpatch smoke heartbeat [3mframe[0m[2m=[0m30350 [3mlabel[0m[2m=[0m"AFTER"
542.07s ERROR [2m2026-09-28T08:08:03.000824Z[0m [32m INFO[0m [2mhotpatch_smoke[0m[2m:[0m hotpatch smoke heartbeat [3mframe[0m[2m=[0m30360 [3mlabel[0m[2m=[0m"AFTER"
542.15s ERROR [2m2026-09-28T08:08:03.085679Z[0m [32m INFO[0m [2mhotpatch_smoke[0m[2m:[0m hotpatch smoke heartbeat [3mframe[0m[2m=[0m30370 [3mlabel[0m[2m=[0m"AFTER"
542.24s ERROR [2m2026-09-28T08:08:03.173040Z[0m [32m INFO[0m [2mhotpatch_smoke[0m[2m:[0m hotpatch smoke heartbeat [3mframe[0m[2m=[0m30380 [3mlabel[0m[2m=[0m"AFTER"
542.33s ERROR [2m2026-09-28T08:08:03.259791Z[0m [32m INFO[0m [2mhotpatch_smoke[0m[2m:[0m hotpatch smoke heartbeat [3mframe[0m[2m=[0m30390 [3mlabel[0m[2m=[0m"AFTER"
542.41s ERROR [2m2026-09-28T08:08:03.348328Z[0m [32m INFO[0m [2mhotpatch_smoke[0m[2m:[0m hotpatch smoke heartbeat [3mframe[0m[2m=[0m30400 [3mlabel[0m[2m=[0m"AFTER"
542.50s ERROR [2m2026-09-28T08:08:03.437301Z[0m [32m INFO[0m [2mhotpatch_smoke[0m[2m:[0m hotpatch smoke heartbeat [3mframe[0m[2m=[0m30410 [3mlabel[0m[2m=[0m"AFTER"
542.59s ERROR [2m2026-09-28T08:08:03.524636Z[0m [32m INFO[0m [2mhotpatch_smoke[0m[2m:[0m hotpatch smoke heartbeat [3mframe[0m[2m=[0m30420 [3mlabel[0m[2m=[0m"AFTER"
542.68s ERROR [2m2026-09-28T08:08:03.613449Z[0m [32m INFO[0m [2mhotpatch_smoke[0m[2m:[0m hotpatch smoke heartbeat [3mframe[0m[2m=[0m30430 [3mlabel[0m[2m=[0m"AFTER"
542.77s ERROR [2m2026-09-28T08:08:03.699137Z[0m [32m INFO[0m [2mhotpatch_smoke[0m[2m:[0m hotpatch smoke heartbeat [3mframe[0m[2m=[0m30440 [3mlabel[0m[2m=[0m"AFTER"
542.85s ERROR [2m2026-09-28T08:08:03.786628Z[0m [32m INFO[0m [2mhotpatch_smoke[0m[2m:[0m hotpatch smoke heartbeat [3mframe[0m[2m=[0m30450 [3mlabel[0m[2m=[0m"AFTER"
542.94s ERROR [2m2026-09-28T08:08:03.875015Z[0m [32m INFO[0m [2mhotpatch_smoke[0m[2m:[0m hotpatch smoke heartbeat [3mframe[0m[2m=[0m30460 [3mlabel[0m[2m=[0m"AFTER"
543.03s ERROR [2m2026-09-28T08:08:03.964621Z[0m [32m INFO[0m [2mhotpatch_smoke[0m[2m:[0m hotpatch smoke heartbeat [3mframe[0m[2m=[0m30470 [3mlabel[0m[2m=[0m"AFTER"
543.12s ERROR [2m2026-09-28T08:08:04.052514Z[0m [32m INFO[0m [2mhotpatch_smoke[0m[2m:[0m hotpatch smoke heartbeat [3mframe[0m[2m=[0m30480 [3mlabel[0m[2m=[0m"AFTER"
543.20s ERROR [2m2026-09-28T08:08:04.138670Z[0m [32m INFO[0m [2mhotpatch_smoke[0m[2m:[0m hotpatch smoke heartbeat [3mframe[0m[2m=[0m30490 [3mlabel[0m[2m=[0m"AFTER"
543.29s ERROR [2m2026-09-28T08:08:04.226574Z[0m [32m INFO[0m [2mhotpatch_smoke[0m[2m:[0m hotpatch smoke heartbeat [3mframe[0m[2m=[0m30500 [3mlabel[0m[2m=[0m"AFTER"
543.38s ERROR [2m2026-09-28T08:08:04.312833Z[0m [32m INFO[0m [2mhotpatch_smoke[0m[2m:[0m hotpatch smoke heartbeat [3mframe[0m[2m=[0m30510 [3mlabel[0m[2m=[0m"AFTER"
543.46s ERROR [2m2026-09-28T08:08:04.398728Z[0m [32m INFO[0m [2mhotpatch_smoke[0m[2m:[0m hotpatch smoke heartbeat [3mframe[0m[2m=[0m30520 [3mlabel[0m[2m=[0m"AFTER"
543.55s ERROR [2m2026-09-28T08:08:04.486386Z[0m [32m INFO[0m [2mhotpatch_smoke[0m[2m:[0m hotpatch smoke heartbeat [3mframe[0m[2m=[0m30530 [3mlabel[0m[2m=[0m"AFTER"
543.64s ERROR [2m2026-09-28T08:08:04.575149Z[0m [32m INFO[0m [2mhotpatch_smoke[0m[2m:[0m hotpatch smoke heartbeat [3mframe[0m[2m=[0m30540 [3mlabel[0m[2m=[0m"AFTER"
543.73s ERROR [2m2026-09-28T08:08:04.664987Z[0m [32m INFO[0m [2mhotpatch_smoke[0m[2m:[0m hotpatch smoke heartbeat [3mframe[0m[2m=[0m30550 [3mlabel[0m[2m=[0m"AFTER"
543.82s ERROR [2m2026-09-28T08:08:04.754994Z[0m [32m INFO[0m [2mhotpatch_smoke[0m[2m:[0m hotpatch smoke heartbeat [3mframe[0m[2m=[0m30560 [3mlabel[0m[2m=[0m"AFTER"
543.91s ERROR [2m2026-09-28T08:08:04.844935Z[0m [32m INFO[0m [2mhotpatch_smoke[0m[2m:[0m hotpatch smoke heartbeat [3mframe[0m[2m=[0m30570 [3mlabel[0m[2m=[0m"AFTER"
544.00s ERROR [2m2026-09-28T08:08:04.935003Z[0m [32m INFO[0m [2mhotpatch_smoke[0m[2m:[0m hotpatch smoke heartbeat [3mframe[0m[2m=[0m30580 [3mlabel[0m[2m=[0m"AFTER"
544.09s ERROR [2m2026-09-28T08:08:05.024907Z[0m [32m INFO[0m [2mhotpatch_smoke[0m[2m:[0m hotpatch smoke heartbeat [3mframe[0m[2m=[0m30590 [3mlabel[0m[2m=[0m"AFTER"
544.18s ERROR [2m2026-09-28T08:08:05.114302Z[0m [32m INFO[0m [2mhotpatch_smoke[0m[2m:[0m hotpatch smoke heartbeat [3mframe[0m[2m=[0m30600 [3mlabel[0m[2m=[0m"AFTER"
544.27s ERROR [2m2026-09-28T08:08:05.202648Z[0m [32m INFO[0m [2mhotpatch_smoke[0m[2m:[0m hotpatch smoke heartbeat [3mframe[0m[2m=[0m30610 [3mlabel[0m[2m=[0m"AFTER"
544.36s ERROR [2m2026-09-28T08:08:05.289649Z[0m [32m INFO[0m [2mhotpatch_smoke[0m[2m:[0m hotpatch smoke heartbeat [3mframe[0m[2m=[0m30620 [3mlabel[0m[2m=[0m"AFTER"
544.44s ERROR [2m2026-09-28T08:08:05.375686Z[0m [32m INFO[0m [2mhotpatch_smoke[0m[2m:[0m hotpatch smoke heartbeat [3mframe[0m[2m=[0m30630 [3mlabel[0m[2m=[0m"AFTER"
544.53s ERROR [2m2026-09-28T08:08:05.463129Z[0m [32m INFO[0m [2mhotpatch_smoke[0m[2m:[0m hotpatch smoke heartbeat [3mframe[0m[2m=[0m30640 [3mlabel[0m[2m=[0m"AFTER"
544.62s ERROR [2m2026-09-28T08:08:05.549743Z[0m [32m INFO[0m [2mhotpatch_smoke[0m[2m:[0m hotpatch smoke heartbeat [3mframe[0m[2m=[0m30650 [3mlabel[0m[2m=[0m"AFTER"
544.70s ERROR [2m2026-09-28T08:08:05.638629Z[0m [32m INFO[0m [2mhotpatch_smoke[0m[2m:[0m hotpatch smoke heartbeat [3mframe[0m[2m=[0m30660 [3mlabel[0m[2m=[0m"AFTER"
544.79s ERROR [2m2026-09-28T08:08:05.728530Z[0m [32m INFO[0m [2mhotpatch_smoke[0m[2m:[0m hotpatch smoke heartbeat [3mframe[0m[2m=[0m30670 [3mlabel[0m[2m=[0m"AFTER"
544.88s ERROR [2m2026-09-28T08:08:05.818531Z[0m [32m INFO[0m [2mhotpatch_smoke[0m[2m:[0m hotpatch smoke heartbeat [3mframe[0m[2m=[0m30680 [3mlabel[0m[2m=[0m"AFTER"
544.97s ERROR [2m2026-09-28T08:08:05.905657Z[0m [32m INFO[0m [2mhotpatch_smoke[0m[2m:[0m hotpatch smoke heartbeat [3mframe[0m[2m=[0m30690 [3mlabel[0m[2m=[0m"AFTER"
545.06s ERROR [2m2026-09-28T08:08:05.994556Z[0m [32m INFO[0m [2mhotpatch_smoke[0m[2m:[0m hotpatch smoke heartbeat [3mframe[0m[2m=[0m30700 [3mlabel[0m[2m=[0m"AFTER"
545.15s ERROR [2m2026-09-28T08:08:06.084581Z[0m [32m INFO[0m [2mhotpatch_smoke[0m[2m:[0m hotpatch smoke heartbeat [3mframe[0m[2m=[0m30710 [3mlabel[0m[2m=[0m"AFTER"
545.24s ERROR [2m2026-09-28T08:08:06.173653Z[0m [32m INFO[0m [2mhotpatch_smoke[0m[2m:[0m hotpatch smoke heartbeat [3mframe[0m[2m=[0m30720 [3mlabel[0m[2m=[0m"AFTER"
545.33s ERROR [2m2026-09-28T08:08:06.260714Z[0m [32m INFO[0m [2mhotpatch_smoke[0m[2m:[0m hotpatch smoke heartbeat [3mframe[0m[2m=[0m30730 [3mlabel[0m[2m=[0m"AFTER"
545.42s ERROR [2m2026-09-28T08:08:06.349054Z[0m [32m INFO[0m [2mhotpatch_smoke[0m[2m:[0m hotpatch smoke heartbeat [3mframe[0m[2m=[0m30740 [3mlabel[0m[2m=[0m"AFTER"
545.50s ERROR [2m2026-09-28T08:08:06.436733Z[0m [32m INFO[0m [2mhotpatch_smoke[0m[2m:[0m hotpatch smoke heartbeat [3mframe[0m[2m=[0m30750 [3mlabel[0m[2m=[0m"AFTER"
545.59s ERROR [2m2026-09-28T08:08:06.522759Z[0m [32m INFO[0m [2mhotpatch_smoke[0m[2m:[0m hotpatch smoke heartbeat [3mframe[0m[2m=[0m30760 [3mlabel[0m[2m=[0m"AFTER"
545.67s ERROR [2m2026-09-28T08:08:06.607685Z[0m [32m INFO[0m [2mhotpatch_smoke[0m[2m:[0m hotpatch smoke heartbeat [3mframe[0m[2m=[0m30770 [3mlabel[0m[2m=[0m"AFTER"
545.76s ERROR [2m2026-09-28T08:08:06.695261Z[0m [32m INFO[0m [2mhotpatch_smoke[0m[2m:[0m hotpatch smoke heartbeat [3mframe[0m[2m=[0m30780 [3mlabel[0m[2m=[0m"AFTER"
545.85s ERROR [2m2026-09-28T08:08:06.781309Z[0m [32m INFO[0m [2mhotpatch_smoke[0m[2m:[0m hotpatch smoke heartbeat [3mframe[0m[2m=[0m30790 [3mlabel[0m[2m=[0m"AFTER"
545.93s ERROR [2m2026-09-28T08:08:06.867462Z[0m [32m INFO[0m [2mhotpatch_smoke[0m[2m:[0m hotpatch smoke heartbeat [3mframe[0m[2m=[0m30800 [3mlabel[0m[2m=[0m"AFTER"
546.02s ERROR [2m2026-09-28T08:08:06.954930Z[0m [32m INFO[0m [2mhotpatch_smoke[0m[2m:[0m hotpatch smoke heartbeat [3mframe[0m[2m=[0m30810 [3mlabel[0m[2m=[0m"AFTER"
546.11s ERROR [2m2026-09-28T08:08:07.041420Z[0m [32m INFO[0m [2mhotpatch_smoke[0m[2m:[0m hotpatch smoke heartbeat [3mframe[0m[2m=[0m30820 [3mlabel[0m[2m=[0m"AFTER"
546.20s ERROR [2m2026-09-28T08:08:07.130453Z[0m [32m INFO[0m [2mhotpatch_smoke[0m[2m:[0m hotpatch smoke heartbeat [3mframe[0m[2m=[0m30830 [3mlabel[0m[2m=[0m"AFTER"
546.28s ERROR [2m2026-09-28T08:08:07.217537Z[0m [32m INFO[0m [2mhotpatch_smoke[0m[2m:[0m hotpatch smoke heartbeat [3mframe[0m[2m=[0m30840 [3mlabel[0m[2m=[0m"AFTER"
546.37s ERROR [2m2026-09-28T08:08:07.302559Z[0m [32m INFO[0m [2mhotpatch_smoke[0m[2m:[0m hotpatch smoke heartbeat [3mframe[0m[2m=[0m30850 [3mlabel[0m[2m=[0m"AFTER"
546.45s ERROR [2m2026-09-28T08:08:07.388725Z[0m [32m INFO[0m [2mhotpatch_smoke[0m[2m:[0m hotpatch smoke heartbeat [3mframe[0m[2m=[0m30860 [3mlabel[0m[2m=[0m"AFTER"
546.54s ERROR [2m2026-09-28T08:08:07.475839Z[0m [32m INFO[0m [2mhotpatch_smoke[0m[2m:[0m hotpatch smoke heartbeat [3mframe[0m[2m=[0m30870 [3mlabel[0m[2m=[0m"AFTER"
546.63s ERROR [2m2026-09-28T08:08:07.563831Z[0m [32m INFO[0m [2mhotpatch_smoke[0m[2m:[0m hotpatch smoke heartbeat [3mframe[0m[2m=[0m30880 [3mlabel[0m[2m=[0m"AFTER"
546.72s ERROR [2m2026-09-28T08:08:07.650471Z[0m [32m INFO[0m [2mhotpatch_smoke[0m[2m:[0m hotpatch smoke heartbeat [3mframe[0m[2m=[0m30890 [3mlabel[0m[2m=[0m"AFTER"
546.80s ERROR [2m2026-09-28T08:08:07.734827Z[0m [32m INFO[0m [2mhotpatch_smoke[0m[2m:[0m hotpatch smoke heartbeat [3mframe[0m[2m=[0m30900 [3mlabel[0m[2m=[0m"AFTER"
546.89s ERROR [2m2026-09-28T08:08:07.820101Z[0m [32m INFO[0m [2mhotpatch_smoke[0m[2m:[0m hotpatch smoke heartbeat [3mframe[0m[2m=[0m30910 [3mlabel[0m[2m=[0m"AFTER"
546.97s ERROR [2m2026-09-28T08:08:07.908290Z[0m [32m INFO[0m [2mhotpatch_smoke[0m[2m:[0m hotpatch smoke heartbeat [3mframe[0m[2m=[0m30920 [3mlabel[0m[2m=[0m"AFTER"
547.06s ERROR [2m2026-09-28T08:08:07.997880Z[0m [32m INFO[0m [2mhotpatch_smoke[0m[2m:[0m hotpatch smoke heartbeat [3mframe[0m[2m=[0m30930 [3mlabel[0m[2m=[0m"AFTER"
547.15s ERROR [2m2026-09-28T08:08:08.085549Z[0m [32m INFO[0m [2mhotpatch_smoke[0m[2m:[0m hotpatch smoke heartbeat [3mframe[0m[2m=[0m30940 [3mlabel[0m[2m=[0m"AFTER"
547.24s ERROR [2m2026-09-28T08:08:08.172555Z[0m [32m INFO[0m [2mhotpatch_smoke[0m[2m:[0m hotpatch smoke heartbeat [3mframe[0m[2m=[0m30950 [3mlabel[0m[2m=[0m"AFTER"
547.32s ERROR [2m2026-09-28T08:08:08.258823Z[0m [32m INFO[0m [2mhotpatch_smoke[0m[2m:[0m hotpatch smoke heartbeat [3mframe[0m[2m=[0m30960 [3mlabel[0m[2m=[0m"AFTER"
547.41s ERROR [2m2026-09-28T08:08:08.345045Z[0m [32m INFO[0m [2mhotpatch_smoke[0m[2m:[0m hotpatch smoke heartbeat [3mframe[0m[2m=[0m30970 [3mlabel[0m[2m=[0m"AFTER"
547.50s ERROR [2m2026-09-28T08:08:08.431940Z[0m [32m INFO[0m [2mhotpatch_smoke[0m[2m:[0m hotpatch smoke heartbeat [3mframe[0m[2m=[0m30980 [3mlabel[0m[2m=[0m"AFTER"
547.58s ERROR [2m2026-09-28T08:08:08.518592Z[0m [32m INFO[0m [2mhotpatch_smoke[0m[2m:[0m hotpatch smoke heartbeat [3mframe[0m[2m=[0m30990 [3mlabel[0m[2m=[0m"AFTER"
547.67s ERROR [2m2026-09-28T08:08:08.606533Z[0m [32m INFO[0m [2mhotpatch_smoke[0m[2m:[0m hotpatch smoke heartbeat [3mframe[0m[2m=[0m31000 [3mlabel[0m[2m=[0m"AFTER"
547.76s ERROR [2m2026-09-28T08:08:08.696768Z[0m [32m INFO[0m [2mhotpatch_smoke[0m[2m:[0m hotpatch smoke heartbeat [3mframe[0m[2m=[0m31010 [3mlabel[0m[2m=[0m"AFTER"
547.85s ERROR [2m2026-09-28T08:08:08.784210Z[0m [32m INFO[0m [2mhotpatch_smoke[0m[2m:[0m hotpatch smoke heartbeat [3mframe[0m[2m=[0m31020 [3mlabel[0m[2m=[0m"AFTER"
547.93s ERROR [2m2026-09-28T08:08:08.868188Z[0m [32m INFO[0m [2mhotpatch_smoke[0m[2m:[0m hotpatch smoke heartbeat [3mframe[0m[2m=[0m31030 [3mlabel[0m[2m=[0m"AFTER"
548.02s ERROR [2m2026-09-28T08:08:08.956607Z[0m [32m INFO[0m [2mhotpatch_smoke[0m[2m:[0m hotpatch smoke heartbeat [3mframe[0m[2m=[0m31040 [3mlabel[0m[2m=[0m"AFTER"
548.11s ERROR [2m2026-09-28T08:08:09.046592Z[0m [32m INFO[0m [2mhotpatch_smoke[0m[2m:[0m hotpatch smoke heartbeat [3mframe[0m[2m=[0m31050 [3mlabel[0m[2m=[0m"AFTER"
548.20s ERROR [2m2026-09-28T08:08:09.136647Z[0m [32m INFO[0m [2mhotpatch_smoke[0m[2m:[0m hotpatch smoke heartbeat [3mframe[0m[2m=[0m31060 [3mlabel[0m[2m=[0m"AFTER"
548.29s ERROR [2m2026-09-28T08:08:09.222740Z[0m [32m INFO[0m [2mhotpatch_smoke[0m[2m:[0m hotpatch smoke heartbeat [3mframe[0m[2m=[0m31070 [3mlabel[0m[2m=[0m"AFTER"
548.38s ERROR [2m2026-09-28T08:08:09.310628Z[0m [32m INFO[0m [2mhotpatch_smoke[0m[2m:[0m hotpatch smoke heartbeat [3mframe[0m[2m=[0m31080 [3mlabel[0m[2m=[0m"AFTER"
548.47s ERROR [2m2026-09-28T08:08:09.399555Z[0m [32m INFO[0m [2mhotpatch_smoke[0m[2m:[0m hotpatch smoke heartbeat [3mframe[0m[2m=[0m31090 [3mlabel[0m[2m=[0m"AFTER"
548.56s ERROR [2m2026-09-28T08:08:09.489608Z[0m [32m INFO[0m [2mhotpatch_smoke[0m[2m:[0m hotpatch smoke heartbeat [3mframe[0m[2m=[0m31100 [3mlabel[0m[2m=[0m"AFTER"
548.65s ERROR [2m2026-09-28T08:08:09.579671Z[0m [32m INFO[0m [2mhotpatch_smoke[0m[2m:[0m hotpatch smoke heartbeat [3mframe[0m[2m=[0m31110 [3mlabel[0m[2m=[0m"AFTER"
548.73s ERROR [2m2026-09-28T08:08:09.667588Z[0m [32m INFO[0m [2mhotpatch_smoke[0m[2m:[0m hotpatch smoke heartbeat [3mframe[0m[2m=[0m31120 [3mlabel[0m[2m=[0m"AFTER"
548.82s ERROR [2m2026-09-28T08:08:09.757535Z[0m [32m INFO[0m [2mhotpatch_smoke[0m[2m:[0m hotpatch smoke heartbeat [3mframe[0m[2m=[0m31130 [3mlabel[0m[2m=[0m"AFTER"
548.91s ERROR [2m2026-09-28T08:08:09.847678Z[0m [32m INFO[0m [2mhotpatch_smoke[0m[2m:[0m hotpatch smoke heartbeat [3mframe[0m[2m=[0m31140 [3mlabel[0m[2m=[0m"AFTER"
549.00s ERROR [2m2026-09-28T08:08:09.936575Z[0m [32m INFO[0m [2mhotpatch_smoke[0m[2m:[0m hotpatch smoke heartbeat [3mframe[0m[2m=[0m31150 [3mlabel[0m[2m=[0m"AFTER"
549.09s ERROR [2m2026-09-28T08:08:10.022617Z[0m [32m INFO[0m [2mhotpatch_smoke[0m[2m:[0m hotpatch smoke heartbeat [3mframe[0m[2m=[0m31160 [3mlabel[0m[2m=[0m"AFTER"
549.18s ERROR [2m2026-09-28T08:08:10.109715Z[0m [32m INFO[0m [2mhotpatch_smoke[0m[2m:[0m hotpatch smoke heartbeat [3mframe[0m[2m=[0m31170 [3mlabel[0m[2m=[0m"AFTER"
549.27s ERROR [2m2026-09-28T08:08:10.199718Z[0m [32m INFO[0m [2mhotpatch_smoke[0m[2m:[0m hotpatch smoke heartbeat [3mframe[0m[2m=[0m31180 [3mlabel[0m[2m=[0m"AFTER"
549.35s ERROR [2m2026-09-28T08:08:10.286650Z[0m [32m INFO[0m [2mhotpatch_smoke[0m[2m:[0m hotpatch smoke heartbeat [3mframe[0m[2m=[0m31190 [3mlabel[0m[2m=[0m"AFTER"
549.44s ERROR [2m2026-09-28T08:08:10.372795Z[0m [32m INFO[0m [2mhotpatch_smoke[0m[2m:[0m hotpatch smoke heartbeat [3mframe[0m[2m=[0m31200 [3mlabel[0m[2m=[0m"AFTER"
549.52s ERROR [2m2026-09-28T08:08:10.457738Z[0m [32m INFO[0m [2mhotpatch_smoke[0m[2m:[0m hotpatch smoke heartbeat [3mframe[0m[2m=[0m31210 [3mlabel[0m[2m=[0m"AFTER"
549.61s ERROR [2m2026-09-28T08:08:10.545407Z[0m [32m INFO[0m [2mhotpatch_smoke[0m[2m:[0m hotpatch smoke heartbeat [3mframe[0m[2m=[0m31220 [3mlabel[0m[2m=[0m"AFTER"
549.70s ERROR [2m2026-09-28T08:08:10.632345Z[0m [32m INFO[0m [2mhotpatch_smoke[0m[2m:[0m hotpatch smoke heartbeat [3mframe[0m[2m=[0m31230 [3mlabel[0m[2m=[0m"AFTER"
549.78s ERROR [2m2026-09-28T08:08:10.718629Z[0m [32m INFO[0m [2mhotpatch_smoke[0m[2m:[0m hotpatch smoke heartbeat [3mframe[0m[2m=[0m31240 [3mlabel[0m[2m=[0m"AFTER"
549.87s ERROR [2m2026-09-28T08:08:10.806591Z[0m [32m INFO[0m [2mhotpatch_smoke[0m[2m:[0m hotpatch smoke heartbeat [3mframe[0m[2m=[0m31250 [3mlabel[0m[2m=[0m"AFTER"
549.96s ERROR [2m2026-09-28T08:08:10.896564Z[0m [32m INFO[0m [2mhotpatch_smoke[0m[2m:[0m hotpatch smoke heartbeat [3mframe[0m[2m=[0m31260 [3mlabel[0m[2m=[0m"AFTER"
550.05s ERROR [2m2026-09-28T08:08:10.983778Z[0m [32m INFO[0m [2mhotpatch_smoke[0m[2m:[0m hotpatch smoke heartbeat [3mframe[0m[2m=[0m31270 [3mlabel[0m[2m=[0m"AFTER"
550.14s ERROR [2m2026-09-28T08:08:11.070066Z[0m [32m INFO[0m [2mhotpatch_smoke[0m[2m:[0m hotpatch smoke heartbeat [3mframe[0m[2m=[0m31280 [3mlabel[0m[2m=[0m"AFTER"
550.23s ERROR [2m2026-09-28T08:08:11.159037Z[0m [32m INFO[0m [2mhotpatch_smoke[0m[2m:[0m hotpatch smoke heartbeat [3mframe[0m[2m=[0m31290 [3mlabel[0m[2m=[0m"AFTER"
550.31s ERROR [2m2026-09-28T08:08:11.247204Z[0m [32m INFO[0m [2mhotpatch_smoke[0m[2m:[0m hotpatch smoke heartbeat [3mframe[0m[2m=[0m31300 [3mlabel[0m[2m=[0m"AFTER"
550.40s ERROR [2m2026-09-28T08:08:11.337164Z[0m [32m INFO[0m [2mhotpatch_smoke[0m[2m:[0m hotpatch smoke heartbeat [3mframe[0m[2m=[0m31310 [3mlabel[0m[2m=[0m"AFTER"
550.49s ERROR [2m2026-09-28T08:08:11.426257Z[0m [32m INFO[0m [2mhotpatch_smoke[0m[2m:[0m hotpatch smoke heartbeat [3mframe[0m[2m=[0m31320 [3mlabel[0m[2m=[0m"AFTER"
550.58s ERROR [2m2026-09-28T08:08:11.511608Z[0m [32m INFO[0m [2mhotpatch_smoke[0m[2m:[0m hotpatch smoke heartbeat [3mframe[0m[2m=[0m31330 [3mlabel[0m[2m=[0m"AFTER"
550.66s ERROR [2m2026-09-28T08:08:11.598398Z[0m [32m INFO[0m [2mhotpatch_smoke[0m[2m:[0m hotpatch smoke heartbeat [3mframe[0m[2m=[0m31340 [3mlabel[0m[2m=[0m"AFTER"
550.75s ERROR [2m2026-09-28T08:08:11.683221Z[0m [32m INFO[0m [2mhotpatch_smoke[0m[2m:[0m hotpatch smoke heartbeat [3mframe[0m[2m=[0m31350 [3mlabel[0m[2m=[0m"AFTER"
550.84s ERROR [2m2026-09-28T08:08:11.769684Z[0m [32m INFO[0m [2mhotpatch_smoke[0m[2m:[0m hotpatch smoke heartbeat [3mframe[0m[2m=[0m31360 [3mlabel[0m[2m=[0m"AFTER"
550.92s ERROR [2m2026-09-28T08:08:11.856640Z[0m [32m INFO[0m [2mhotpatch_smoke[0m[2m:[0m hotpatch smoke heartbeat [3mframe[0m[2m=[0m31370 [3mlabel[0m[2m=[0m"AFTER"
551.01s ERROR [2m2026-09-28T08:08:11.944703Z[0m [32m INFO[0m [2mhotpatch_smoke[0m[2m:[0m hotpatch smoke heartbeat [3mframe[0m[2m=[0m31380 [3mlabel[0m[2m=[0m"AFTER"
551.10s ERROR [2m2026-09-28T08:08:12.031780Z[0m [32m INFO[0m [2mhotpatch_smoke[0m[2m:[0m hotpatch smoke heartbeat [3mframe[0m[2m=[0m31390 [3mlabel[0m[2m=[0m"AFTER"
551.18s ERROR [2m2026-09-28T08:08:12.118649Z[0m [32m INFO[0m [2mhotpatch_smoke[0m[2m:[0m hotpatch smoke heartbeat [3mframe[0m[2m=[0m31400 [3mlabel[0m[2m=[0m"AFTER"
551.27s ERROR [2m2026-09-28T08:08:12.206602Z[0m [32m INFO[0m [2mhotpatch_smoke[0m[2m:[0m hotpatch smoke heartbeat [3mframe[0m[2m=[0m31410 [3mlabel[0m[2m=[0m"AFTER"
551.36s ERROR [2m2026-09-28T08:08:12.293712Z[0m [32m INFO[0m [2mhotpatch_smoke[0m[2m:[0m hotpatch smoke heartbeat [3mframe[0m[2m=[0m31420 [3mlabel[0m[2m=[0m"AFTER"
551.45s ERROR [2m2026-09-28T08:08:12.379264Z[0m [32m INFO[0m [2mhotpatch_smoke[0m[2m:[0m hotpatch smoke heartbeat [3mframe[0m[2m=[0m31430 [3mlabel[0m[2m=[0m"AFTER"
551.53s ERROR [2m2026-09-28T08:08:12.463953Z[0m [32m INFO[0m [2mhotpatch_smoke[0m[2m:[0m hotpatch smoke heartbeat [3mframe[0m[2m=[0m31440 [3mlabel[0m[2m=[0m"AFTER"
551.62s ERROR [2m2026-09-28T08:08:12.553641Z[0m [32m INFO[0m [2mhotpatch_smoke[0m[2m:[0m hotpatch smoke heartbeat [3mframe[0m[2m=[0m31450 [3mlabel[0m[2m=[0m"AFTER"
551.71s ERROR [2m2026-09-28T08:08:12.643762Z[0m [32m INFO[0m [2mhotpatch_smoke[0m[2m:[0m hotpatch smoke heartbeat [3mframe[0m[2m=[0m31460 [3mlabel[0m[2m=[0m"AFTER"
551.80s ERROR [2m2026-09-28T08:08:12.733707Z[0m [32m INFO[0m [2mhotpatch_smoke[0m[2m:[0m hotpatch smoke heartbeat [3mframe[0m[2m=[0m31470 [3mlabel[0m[2m=[0m"AFTER"
551.89s ERROR [2m2026-09-28T08:08:12.823626Z[0m [32m INFO[0m [2mhotpatch_smoke[0m[2m:[0m hotpatch smoke heartbeat [3mframe[0m[2m=[0m31480 [3mlabel[0m[2m=[0m"AFTER"
551.98s ERROR [2m2026-09-28T08:08:12.913721Z[0m [32m INFO[0m [2mhotpatch_smoke[0m[2m:[0m hotpatch smoke heartbeat [3mframe[0m[2m=[0m31490 [3mlabel[0m[2m=[0m"AFTER"
552.07s ERROR [2m2026-09-28T08:08:13.003666Z[0m [32m INFO[0m [2mhotpatch_smoke[0m[2m:[0m hotpatch smoke heartbeat [3mframe[0m[2m=[0m31500 [3mlabel[0m[2m=[0m"AFTER"
552.16s ERROR [2m2026-09-28T08:08:13.093765Z[0m [32m INFO[0m [2mhotpatch_smoke[0m[2m:[0m hotpatch smoke heartbeat [3mframe[0m[2m=[0m31510 [3mlabel[0m[2m=[0m"AFTER"
552.25s ERROR [2m2026-09-28T08:08:13.183746Z[0m [32m INFO[0m [2mhotpatch_smoke[0m[2m:[0m hotpatch smoke heartbeat [3mframe[0m[2m=[0m31520 [3mlabel[0m[2m=[0m"AFTER"
552.34s ERROR [2m2026-09-28T08:08:13.272647Z[0m [32m INFO[0m [2mhotpatch_smoke[0m[2m:[0m hotpatch smoke heartbeat [3mframe[0m[2m=[0m31530 [3mlabel[0m[2m=[0m"AFTER"
552.43s ERROR [2m2026-09-28T08:08:13.362695Z[0m [32m INFO[0m [2mhotpatch_smoke[0m[2m:[0m hotpatch smoke heartbeat [3mframe[0m[2m=[0m31540 [3mlabel[0m[2m=[0m"AFTER"
552.52s ERROR [2m2026-09-28T08:08:13.452659Z[0m [32m INFO[0m [2mhotpatch_smoke[0m[2m:[0m hotpatch smoke heartbeat [3mframe[0m[2m=[0m31550 [3mlabel[0m[2m=[0m"AFTER"
552.61s ERROR [2m2026-09-28T08:08:13.542860Z[0m [32m INFO[0m [2mhotpatch_smoke[0m[2m:[0m hotpatch smoke heartbeat [3mframe[0m[2m=[0m31560 [3mlabel[0m[2m=[0m"AFTER"
552.70s ERROR [2m2026-09-28T08:08:13.632560Z[0m [32m INFO[0m [2mhotpatch_smoke[0m[2m:[0m hotpatch smoke heartbeat [3mframe[0m[2m=[0m31570 [3mlabel[0m[2m=[0m"AFTER"
552.79s ERROR [2m2026-09-28T08:08:13.722606Z[0m [32m INFO[0m [2mhotpatch_smoke[0m[2m:[0m hotpatch smoke heartbeat [3mframe[0m[2m=[0m31580 [3mlabel[0m[2m=[0m"AFTER"
552.88s ERROR [2m2026-09-28T08:08:13.812695Z[0m [32m INFO[0m [2mhotpatch_smoke[0m[2m:[0m hotpatch smoke heartbeat [3mframe[0m[2m=[0m31590 [3mlabel[0m[2m=[0m"AFTER"
552.97s ERROR [2m2026-09-28T08:08:13.902692Z[0m [32m INFO[0m [2mhotpatch_smoke[0m[2m:[0m hotpatch smoke heartbeat [3mframe[0m[2m=[0m31600 [3mlabel[0m[2m=[0m"AFTER"
553.06s ERROR [2m2026-09-28T08:08:13.992680Z[0m [32m INFO[0m [2mhotpatch_smoke[0m[2m:[0m hotpatch smoke heartbeat [3mframe[0m[2m=[0m31610 [3mlabel[0m[2m=[0m"AFTER"
553.15s ERROR [2m2026-09-28T08:08:14.082746Z[0m [32m INFO[0m [2mhotpatch_smoke[0m[2m:[0m hotpatch smoke heartbeat [3mframe[0m[2m=[0m31620 [3mlabel[0m[2m=[0m"AFTER"
553.24s ERROR [2m2026-09-28T08:08:14.172881Z[0m [32m INFO[0m [2mhotpatch_smoke[0m[2m:[0m hotpatch smoke heartbeat [3mframe[0m[2m=[0m31630 [3mlabel[0m[2m=[0m"AFTER"
553.33s ERROR [2m2026-09-28T08:08:14.262779Z[0m [32m INFO[0m [2mhotpatch_smoke[0m[2m:[0m hotpatch smoke heartbeat [3mframe[0m[2m=[0m31640 [3mlabel[0m[2m=[0m"AFTER"
553.42s ERROR [2m2026-09-28T08:08:14.352844Z[0m [32m INFO[0m [2mhotpatch_smoke[0m[2m:[0m hotpatch smoke heartbeat [3mframe[0m[2m=[0m31650 [3mlabel[0m[2m=[0m"AFTER"
553.51s ERROR [2m2026-09-28T08:08:14.442755Z[0m [32m INFO[0m [2mhotpatch_smoke[0m[2m:[0m hotpatch smoke heartbeat [3mframe[0m[2m=[0m31660 [3mlabel[0m[2m=[0m"AFTER"
553.60s ERROR [2m2026-09-28T08:08:14.533678Z[0m [32m INFO[0m [2mhotpatch_smoke[0m[2m:[0m hotpatch smoke heartbeat [3mframe[0m[2m=[0m31670 [3mlabel[0m[2m=[0m"AFTER"
553.69s ERROR [2m2026-09-28T08:08:14.623733Z[0m [32m INFO[0m [2mhotpatch_smoke[0m[2m:[0m hotpatch smoke heartbeat [3mframe[0m[2m=[0m31680 [3mlabel[0m[2m=[0m"AFTER"
553.78s ERROR [2m2026-09-28T08:08:14.713680Z[0m [32m INFO[0m [2mhotpatch_smoke[0m[2m:[0m hotpatch smoke heartbeat [3mframe[0m[2m=[0m31690 [3mlabel[0m[2m=[0m"AFTER"
553.87s ERROR [2m2026-09-28T08:08:14.803924Z[0m [32m INFO[0m [2mhotpatch_smoke[0m[2m:[0m hotpatch smoke heartbeat [3mframe[0m[2m=[0m31700 [3mlabel[0m[2m=[0m"AFTER"
553.96s ERROR [2m2026-09-28T08:08:14.893624Z[0m [32m INFO[0m [2mhotpatch_smoke[0m[2m:[0m hotpatch smoke heartbeat [3mframe[0m[2m=[0m31710 [3mlabel[0m[2m=[0m"AFTER"
554.05s ERROR [2m2026-09-28T08:08:14.983600Z[0m [32m INFO[0m [2mhotpatch_smoke[0m[2m:[0m hotpatch smoke heartbeat [3mframe[0m[2m=[0m31720 [3mlabel[0m[2m=[0m"AFTER"
554.14s ERROR [2m2026-09-28T08:08:15.073648Z[0m [32m INFO[0m [2mhotpatch_smoke[0m[2m:[0m hotpatch smoke heartbeat [3mframe[0m[2m=[0m31730 [3mlabel[0m[2m=[0m"AFTER"
554.23s ERROR [2m2026-09-28T08:08:15.163737Z[0m [32m INFO[0m [2mhotpatch_smoke[0m[2m:[0m hotpatch smoke heartbeat [3mframe[0m[2m=[0m31740 [3mlabel[0m[2m=[0m"AFTER"
554.32s ERROR [2m2026-09-28T08:08:15.253683Z[0m [32m INFO[0m [2mhotpatch_smoke[0m[2m:[0m hotpatch smoke heartbeat [3mframe[0m[2m=[0m31750 [3mlabel[0m[2m=[0m"AFTER"
554.41s ERROR [2m2026-09-28T08:08:15.343770Z[0m [32m INFO[0m [2mhotpatch_smoke[0m[2m:[0m hotpatch smoke heartbeat [3mframe[0m[2m=[0m31760 [3mlabel[0m[2m=[0m"AFTER"
554.50s ERROR [2m2026-09-28T08:08:15.433658Z[0m [32m INFO[0m [2mhotpatch_smoke[0m[2m:[0m hotpatch smoke heartbeat [3mframe[0m[2m=[0m31770 [3mlabel[0m[2m=[0m"AFTER"
554.59s ERROR [2m2026-09-28T08:08:15.523600Z[0m [32m INFO[0m [2mhotpatch_smoke[0m[2m:[0m hotpatch smoke heartbeat [3mframe[0m[2m=[0m31780 [3mlabel[0m[2m=[0m"AFTER"
554.68s ERROR [2m2026-09-28T08:08:15.613728Z[0m [32m INFO[0m [2mhotpatch_smoke[0m[2m:[0m hotpatch smoke heartbeat [3mframe[0m[2m=[0m31790 [3mlabel[0m[2m=[0m"AFTER"
554.77s ERROR [2m2026-09-28T08:08:15.703664Z[0m [32m INFO[0m [2mhotpatch_smoke[0m[2m:[0m hotpatch smoke heartbeat [3mframe[0m[2m=[0m31800 [3mlabel[0m[2m=[0m"AFTER"
554.86s ERROR [2m2026-09-28T08:08:15.793769Z[0m [32m INFO[0m [2mhotpatch_smoke[0m[2m:[0m hotpatch smoke heartbeat [3mframe[0m[2m=[0m31810 [3mlabel[0m[2m=[0m"AFTER"
554.95s ERROR [2m2026-09-28T08:08:15.883691Z[0m [32m INFO[0m [2mhotpatch_smoke[0m[2m:[0m hotpatch smoke heartbeat [3mframe[0m[2m=[0m31820 [3mlabel[0m[2m=[0m"AFTER"
555.04s ERROR [2m2026-09-28T08:08:15.973665Z[0m [32m INFO[0m [2mhotpatch_smoke[0m[2m:[0m hotpatch smoke heartbeat [3mframe[0m[2m=[0m31830 [3mlabel[0m[2m=[0m"AFTER"
555.13s ERROR [2m2026-09-28T08:08:16.063713Z[0m [32m INFO[0m [2mhotpatch_smoke[0m[2m:[0m hotpatch smoke heartbeat [3mframe[0m[2m=[0m31840 [3mlabel[0m[2m=[0m"AFTER"
555.22s ERROR [2m2026-09-28T08:08:16.153642Z[0m [32m INFO[0m [2mhotpatch_smoke[0m[2m:[0m hotpatch smoke heartbeat [3mframe[0m[2m=[0m31850 [3mlabel[0m[2m=[0m"AFTER"
555.31s ERROR [2m2026-09-28T08:08:16.243761Z[0m [32m INFO[0m [2mhotpatch_smoke[0m[2m:[0m hotpatch smoke heartbeat [3mframe[0m[2m=[0m31860 [3mlabel[0m[2m=[0m"AFTER"
555.40s ERROR [2m2026-09-28T08:08:16.333617Z[0m [32m INFO[0m [2mhotpatch_smoke[0m[2m:[0m hotpatch smoke heartbeat [3mframe[0m[2m=[0m31870 [3mlabel[0m[2m=[0m"AFTER"
555.49s ERROR [2m2026-09-28T08:08:16.423642Z[0m [32m INFO[0m [2mhotpatch_smoke[0m[2m:[0m hotpatch smoke heartbeat [3mframe[0m[2m=[0m31880 [3mlabel[0m[2m=[0m"AFTER"
555.58s ERROR [2m2026-09-28T08:08:16.513670Z[0m [32m INFO[0m [2mhotpatch_smoke[0m[2m:[0m hotpatch smoke heartbeat [3mframe[0m[2m=[0m31890 [3mlabel[0m[2m=[0m"AFTER"
555.67s ERROR [2m2026-09-28T08:08:16.603731Z[0m [32m INFO[0m [2mhotpatch_smoke[0m[2m:[0m hotpatch smoke heartbeat [3mframe[0m[2m=[0m31900 [3mlabel[0m[2m=[0m"AFTER"
555.76s ERROR [2m2026-09-28T08:08:16.693721Z[0m [32m INFO[0m [2mhotpatch_smoke[0m[2m:[0m hotpatch smoke heartbeat [3mframe[0m[2m=[0m31910 [3mlabel[0m[2m=[0m"AFTER"
555.85s ERROR [2m2026-09-28T08:08:16.783669Z[0m [32m INFO[0m [2mhotpatch_smoke[0m[2m:[0m hotpatch smoke heartbeat [3mframe[0m[2m=[0m31920 [3mlabel[0m[2m=[0m"AFTER"
555.94s ERROR [2m2026-09-28T08:08:16.873697Z[0m [32m INFO[0m [2mhotpatch_smoke[0m[2m:[0m hotpatch smoke heartbeat [3mframe[0m[2m=[0m31930 [3mlabel[0m[2m=[0m"AFTER"
556.03s ERROR [2m2026-09-28T08:08:16.963813Z[0m [32m INFO[0m [2mhotpatch_smoke[0m[2m:[0m hotpatch smoke heartbeat [3mframe[0m[2m=[0m31940 [3mlabel[0m[2m=[0m"AFTER"
556.12s ERROR [2m2026-09-28T08:08:17.054612Z[0m [32m INFO[0m [2mhotpatch_smoke[0m[2m:[0m hotpatch smoke heartbeat [3mframe[0m[2m=[0m31950 [3mlabel[0m[2m=[0m"AFTER"
556.21s ERROR [2m2026-09-28T08:08:17.144628Z[0m [32m INFO[0m [2mhotpatch_smoke[0m[2m:[0m hotpatch smoke heartbeat [3mframe[0m[2m=[0m31960 [3mlabel[0m[2m=[0m"AFTER"
556.30s ERROR [2m2026-09-28T08:08:17.234773Z[0m [32m INFO[0m [2mhotpatch_smoke[0m[2m:[0m hotpatch smoke heartbeat [3mframe[0m[2m=[0m31970 [3mlabel[0m[2m=[0m"AFTER"
556.39s ERROR [2m2026-09-28T08:08:17.324713Z[0m [32m INFO[0m [2mhotpatch_smoke[0m[2m:[0m hotpatch smoke heartbeat [3mframe[0m[2m=[0m31980 [3mlabel[0m[2m=[0m"AFTER"
556.48s ERROR [2m2026-09-28T08:08:17.414592Z[0m [32m INFO[0m [2mhotpatch_smoke[0m[2m:[0m hotpatch smoke heartbeat [3mframe[0m[2m=[0m31990 [3mlabel[0m[2m=[0m"AFTER"
556.57s ERROR [2m2026-09-28T08:08:17.504626Z[0m [32m INFO[0m [2mhotpatch_smoke[0m[2m:[0m hotpatch smoke heartbeat [3mframe[0m[2m=[0m32000 [3mlabel[0m[2m=[0m"AFTER"
556.66s ERROR [2m2026-09-28T08:08:17.594617Z[0m [32m INFO[0m [2mhotpatch_smoke[0m[2m:[0m hotpatch smoke heartbeat [3mframe[0m[2m=[0m32010 [3mlabel[0m[2m=[0m"AFTER"
556.75s ERROR [2m2026-09-28T08:08:17.684669Z[0m [32m INFO[0m [2mhotpatch_smoke[0m[2m:[0m hotpatch smoke heartbeat [3mframe[0m[2m=[0m32020 [3mlabel[0m[2m=[0m"AFTER"
556.84s ERROR [2m2026-09-28T08:08:17.774743Z[0m [32m INFO[0m [2mhotpatch_smoke[0m[2m:[0m hotpatch smoke heartbeat [3mframe[0m[2m=[0m32030 [3mlabel[0m[2m=[0m"AFTER"
556.93s ERROR [2m2026-09-28T08:08:17.864624Z[0m [32m INFO[0m [2mhotpatch_smoke[0m[2m:[0m hotpatch smoke heartbeat [3mframe[0m[2m=[0m32040 [3mlabel[0m[2m=[0m"AFTER"
557.02s ERROR [2m2026-09-28T08:08:17.954781Z[0m [32m INFO[0m [2mhotpatch_smoke[0m[2m:[0m hotpatch smoke heartbeat [3mframe[0m[2m=[0m32050 [3mlabel[0m[2m=[0m"AFTER"
557.11s ERROR [2m2026-09-28T08:08:18.044434Z[0m [32m INFO[0m [2mhotpatch_smoke[0m[2m:[0m hotpatch smoke heartbeat [3mframe[0m[2m=[0m32060 [3mlabel[0m[2m=[0m"AFTER"
557.20s ERROR [2m2026-09-28T08:08:18.131670Z[0m [32m INFO[0m [2mhotpatch_smoke[0m[2m:[0m hotpatch smoke heartbeat [3mframe[0m[2m=[0m32070 [3mlabel[0m[2m=[0m"AFTER"
557.29s ERROR [2m2026-09-28T08:08:18.219824Z[0m [32m INFO[0m [2mhotpatch_smoke[0m[2m:[0m hotpatch smoke heartbeat [3mframe[0m[2m=[0m32080 [3mlabel[0m[2m=[0m"AFTER"
557.37s ERROR [2m2026-09-28T08:08:18.306442Z[0m [32m INFO[0m [2mhotpatch_smoke[0m[2m:[0m hotpatch smoke heartbeat [3mframe[0m[2m=[0m32090 [3mlabel[0m[2m=[0m"AFTER"
557.46s ERROR [2m2026-09-28T08:08:18.393674Z[0m [32m INFO[0m [2mhotpatch_smoke[0m[2m:[0m hotpatch smoke heartbeat [3mframe[0m[2m=[0m32100 [3mlabel[0m[2m=[0m"AFTER"
557.54s ERROR [2m2026-09-28T08:08:18.478753Z[0m [32m INFO[0m [2mhotpatch_smoke[0m[2m:[0m hotpatch smoke heartbeat [3mframe[0m[2m=[0m32110 [3mlabel[0m[2m=[0m"AFTER"
557.63s ERROR [2m2026-09-28T08:08:18.563686Z[0m [32m INFO[0m [2mhotpatch_smoke[0m[2m:[0m hotpatch smoke heartbeat [3mframe[0m[2m=[0m32120 [3mlabel[0m[2m=[0m"AFTER"
557.71s ERROR [2m2026-09-28T08:08:18.648420Z[0m [32m INFO[0m [2mhotpatch_smoke[0m[2m:[0m hotpatch smoke heartbeat [3mframe[0m[2m=[0m32130 [3mlabel[0m[2m=[0m"AFTER"
557.80s ERROR [2m2026-09-28T08:08:18.733739Z[0m [32m INFO[0m [2mhotpatch_smoke[0m[2m:[0m hotpatch smoke heartbeat [3mframe[0m[2m=[0m32140 [3mlabel[0m[2m=[0m"AFTER"
557.89s ERROR [2m2026-09-28T08:08:18.820677Z[0m [32m INFO[0m [2mhotpatch_smoke[0m[2m:[0m hotpatch smoke heartbeat [3mframe[0m[2m=[0m32150 [3mlabel[0m[2m=[0m"AFTER"
557.97s ERROR [2m2026-09-28T08:08:18.906911Z[0m [32m INFO[0m [2mhotpatch_smoke[0m[2m:[0m hotpatch smoke heartbeat [3mframe[0m[2m=[0m32160 [3mlabel[0m[2m=[0m"AFTER"
558.06s ERROR [2m2026-09-28T08:08:18.991607Z[0m [32m INFO[0m [2mhotpatch_smoke[0m[2m:[0m hotpatch smoke heartbeat [3mframe[0m[2m=[0m32170 [3mlabel[0m[2m=[0m"AFTER"
558.14s ERROR [2m2026-09-28T08:08:19.075609Z[0m [32m INFO[0m [2mhotpatch_smoke[0m[2m:[0m hotpatch smoke heartbeat [3mframe[0m[2m=[0m32180 [3mlabel[0m[2m=[0m"AFTER"
558.23s ERROR [2m2026-09-28T08:08:19.161757Z[0m [32m INFO[0m [2mhotpatch_smoke[0m[2m:[0m hotpatch smoke heartbeat [3mframe[0m[2m=[0m32190 [3mlabel[0m[2m=[0m"AFTER"
558.31s ERROR [2m2026-09-28T08:08:19.247982Z[0m [32m INFO[0m [2mhotpatch_smoke[0m[2m:[0m hotpatch smoke heartbeat [3mframe[0m[2m=[0m32200 [3mlabel[0m[2m=[0m"AFTER"
558.40s ERROR [2m2026-09-28T08:08:19.332752Z[0m [32m INFO[0m [2mhotpatch_smoke[0m[2m:[0m hotpatch smoke heartbeat [3mframe[0m[2m=[0m32210 [3mlabel[0m[2m=[0m"AFTER"
558.48s ERROR [2m2026-09-28T08:08:19.418846Z[0m [32m INFO[0m [2mhotpatch_smoke[0m[2m:[0m hotpatch smoke heartbeat [3mframe[0m[2m=[0m32220 [3mlabel[0m[2m=[0m"AFTER"
558.57s ERROR [2m2026-09-28T08:08:19.505557Z[0m [32m INFO[0m [2mhotpatch_smoke[0m[2m:[0m hotpatch smoke heartbeat [3mframe[0m[2m=[0m32230 [3mlabel[0m[2m=[0m"AFTER"
558.66s ERROR [2m2026-09-28T08:08:19.591703Z[0m [32m INFO[0m [2mhotpatch_smoke[0m[2m:[0m hotpatch smoke heartbeat [3mframe[0m[2m=[0m32240 [3mlabel[0m[2m=[0m"AFTER"
558.74s ERROR [2m2026-09-28T08:08:19.677915Z[0m [32m INFO[0m [2mhotpatch_smoke[0m[2m:[0m hotpatch smoke heartbeat [3mframe[0m[2m=[0m32250 [3mlabel[0m[2m=[0m"AFTER"
558.83s ERROR [2m2026-09-28T08:08:19.765774Z[0m [32m INFO[0m [2mhotpatch_smoke[0m[2m:[0m hotpatch smoke heartbeat [3mframe[0m[2m=[0m32260 [3mlabel[0m[2m=[0m"AFTER"
558.92s ERROR [2m2026-09-28T08:08:19.852130Z[0m [32m INFO[0m [2mhotpatch_smoke[0m[2m:[0m hotpatch smoke heartbeat [3mframe[0m[2m=[0m32270 [3mlabel[0m[2m=[0m"AFTER"
559.00s ERROR [2m2026-09-28T08:08:19.938311Z[0m [32m INFO[0m [2mhotpatch_smoke[0m[2m:[0m hotpatch smoke heartbeat [3mframe[0m[2m=[0m32280 [3mlabel[0m[2m=[0m"AFTER"
559.09s ERROR [2m2026-09-28T08:08:20.024940Z[0m [32m INFO[0m [2mhotpatch_smoke[0m[2m:[0m hotpatch smoke heartbeat [3mframe[0m[2m=[0m32290 [3mlabel[0m[2m=[0m"AFTER"
559.18s ERROR [2m2026-09-28T08:08:20.110611Z[0m [32m INFO[0m [2mhotpatch_smoke[0m[2m:[0m hotpatch smoke heartbeat [3mframe[0m[2m=[0m32300 [3mlabel[0m[2m=[0m"AFTER"
559.26s ERROR [2m2026-09-28T08:08:20.198474Z[0m [32m INFO[0m [2mhotpatch_smoke[0m[2m:[0m hotpatch smoke heartbeat [3mframe[0m[2m=[0m32310 [3mlabel[0m[2m=[0m"AFTER"
559.35s ERROR [2m2026-09-28T08:08:20.283896Z[0m [32m INFO[0m [2mhotpatch_smoke[0m[2m:[0m hotpatch smoke heartbeat [3mframe[0m[2m=[0m32320 [3mlabel[0m[2m=[0m"AFTER"
559.43s ERROR [2m2026-09-28T08:08:20.368897Z[0m [32m INFO[0m [2mhotpatch_smoke[0m[2m:[0m hotpatch smoke heartbeat [3mframe[0m[2m=[0m32330 [3mlabel[0m[2m=[0m"AFTER"
559.52s ERROR [2m2026-09-28T08:08:20.455144Z[0m [32m INFO[0m [2mhotpatch_smoke[0m[2m:[0m hotpatch smoke heartbeat [3mframe[0m[2m=[0m32340 [3mlabel[0m[2m=[0m"AFTER"
559.61s ERROR [2m2026-09-28T08:08:20.539370Z[0m [32m INFO[0m [2mhotpatch_smoke[0m[2m:[0m hotpatch smoke heartbeat [3mframe[0m[2m=[0m32350 [3mlabel[0m[2m=[0m"AFTER"
559.69s ERROR [2m2026-09-28T08:08:20.623861Z[0m [32m INFO[0m [2mhotpatch_smoke[0m[2m:[0m hotpatch smoke heartbeat [3mframe[0m[2m=[0m32360 [3mlabel[0m[2m=[0m"AFTER"
559.77s ERROR [2m2026-09-28T08:08:20.708442Z[0m [32m INFO[0m [2mhotpatch_smoke[0m[2m:[0m hotpatch smoke heartbeat [3mframe[0m[2m=[0m32370 [3mlabel[0m[2m=[0m"AFTER"
559.86s ERROR [2m2026-09-28T08:08:20.794740Z[0m [32m INFO[0m [2mhotpatch_smoke[0m[2m:[0m hotpatch smoke heartbeat [3mframe[0m[2m=[0m32380 [3mlabel[0m[2m=[0m"AFTER"
559.95s ERROR [2m2026-09-28T08:08:20.880855Z[0m [32m INFO[0m [2mhotpatch_smoke[0m[2m:[0m hotpatch smoke heartbeat [3mframe[0m[2m=[0m32390 [3mlabel[0m[2m=[0m"AFTER"
560.03s ERROR [2m2026-09-28T08:08:20.967381Z[0m [32m INFO[0m [2mhotpatch_smoke[0m[2m:[0m hotpatch smoke heartbeat [3mframe[0m[2m=[0m32400 [3mlabel[0m[2m=[0m"AFTER"
560.12s ERROR [2m2026-09-28T08:08:21.051984Z[0m [32m INFO[0m [2mhotpatch_smoke[0m[2m:[0m hotpatch smoke heartbeat [3mframe[0m[2m=[0m32410 [3mlabel[0m[2m=[0m"AFTER"
560.20s ERROR [2m2026-09-28T08:08:21.137755Z[0m [32m INFO[0m [2mhotpatch_smoke[0m[2m:[0m hotpatch smoke heartbeat [3mframe[0m[2m=[0m32420 [3mlabel[0m[2m=[0m"AFTER"
560.29s ERROR [2m2026-09-28T08:08:21.224785Z[0m [32m INFO[0m [2mhotpatch_smoke[0m[2m:[0m hotpatch smoke heartbeat [3mframe[0m[2m=[0m32430 [3mlabel[0m[2m=[0m"AFTER"
560.38s ERROR [2m2026-09-28T08:08:21.312467Z[0m [32m INFO[0m [2mhotpatch_smoke[0m[2m:[0m hotpatch smoke heartbeat [3mframe[0m[2m=[0m32440 [3mlabel[0m[2m=[0m"AFTER"
560.46s ERROR [2m2026-09-28T08:08:21.398086Z[0m [32m INFO[0m [2mhotpatch_smoke[0m[2m:[0m hotpatch smoke heartbeat [3mframe[0m[2m=[0m32450 [3mlabel[0m[2m=[0m"AFTER"
560.55s ERROR [2m2026-09-28T08:08:21.483718Z[0m [32m INFO[0m [2mhotpatch_smoke[0m[2m:[0m hotpatch smoke heartbeat [3mframe[0m[2m=[0m32460 [3mlabel[0m[2m=[0m"AFTER"
560.64s ERROR [2m2026-09-28T08:08:21.571677Z[0m [32m INFO[0m [2mhotpatch_smoke[0m[2m:[0m hotpatch smoke heartbeat [3mframe[0m[2m=[0m32470 [3mlabel[0m[2m=[0m"AFTER"
560.72s ERROR [2m2026-09-28T08:08:21.656954Z[0m [32m INFO[0m [2mhotpatch_smoke[0m[2m:[0m hotpatch smoke heartbeat [3mframe[0m[2m=[0m32480 [3mlabel[0m[2m=[0m"AFTER"
560.81s ERROR [2m2026-09-28T08:08:21.741338Z[0m [32m INFO[0m [2mhotpatch_smoke[0m[2m:[0m hotpatch smoke heartbeat [3mframe[0m[2m=[0m32490 [3mlabel[0m[2m=[0m"AFTER"
560.89s ERROR [2m2026-09-28T08:08:21.827848Z[0m [32m INFO[0m [2mhotpatch_smoke[0m[2m:[0m hotpatch smoke heartbeat [3mframe[0m[2m=[0m32500 [3mlabel[0m[2m=[0m"AFTER"
560.98s ERROR [2m2026-09-28T08:08:21.914235Z[0m [32m INFO[0m [2mhotpatch_smoke[0m[2m:[0m hotpatch smoke heartbeat [3mframe[0m[2m=[0m32510 [3mlabel[0m[2m=[0m"AFTER"
561.07s ERROR [2m2026-09-28T08:08:22.000584Z[0m [32m INFO[0m [2mhotpatch_smoke[0m[2m:[0m hotpatch smoke heartbeat [3mframe[0m[2m=[0m32520 [3mlabel[0m[2m=[0m"AFTER"
561.15s ERROR [2m2026-09-28T08:08:22.087447Z[0m [32m INFO[0m [2mhotpatch_smoke[0m[2m:[0m hotpatch smoke heartbeat [3mframe[0m[2m=[0m32530 [3mlabel[0m[2m=[0m"AFTER"
561.24s ERROR [2m2026-09-28T08:08:22.172395Z[0m [32m INFO[0m [2mhotpatch_smoke[0m[2m:[0m hotpatch smoke heartbeat [3mframe[0m[2m=[0m32540 [3mlabel[0m[2m=[0m"AFTER"
561.33s ERROR [2m2026-09-28T08:08:22.259229Z[0m [32m INFO[0m [2mhotpatch_smoke[0m[2m:[0m hotpatch smoke heartbeat [3mframe[0m[2m=[0m32550 [3mlabel[0m[2m=[0m"AFTER"
561.41s ERROR [2m2026-09-28T08:08:22.346475Z[0m [32m INFO[0m [2mhotpatch_smoke[0m[2m:[0m hotpatch smoke heartbeat [3mframe[0m[2m=[0m32560 [3mlabel[0m[2m=[0m"AFTER"
561.50s ERROR [2m2026-09-28T08:08:22.430877Z[0m [32m INFO[0m [2mhotpatch_smoke[0m[2m:[0m hotpatch smoke heartbeat [3mframe[0m[2m=[0m32570 [3mlabel[0m[2m=[0m"AFTER"
561.58s ERROR [2m2026-09-28T08:08:22.517641Z[0m [32m INFO[0m [2mhotpatch_smoke[0m[2m:[0m hotpatch smoke heartbeat [3mframe[0m[2m=[0m32580 [3mlabel[0m[2m=[0m"AFTER"
561.67s ERROR [2m2026-09-28T08:08:22.604297Z[0m [32m INFO[0m [2mhotpatch_smoke[0m[2m:[0m hotpatch smoke heartbeat [3mframe[0m[2m=[0m32590 [3mlabel[0m[2m=[0m"AFTER"
561.76s ERROR [2m2026-09-28T08:08:22.689063Z[0m [32m INFO[0m [2mhotpatch_smoke[0m[2m:[0m hotpatch smoke heartbeat [3mframe[0m[2m=[0m32600 [3mlabel[0m[2m=[0m"AFTER"
561.84s ERROR [2m2026-09-28T08:08:22.775272Z[0m [32m INFO[0m [2mhotpatch_smoke[0m[2m:[0m hotpatch smoke heartbeat [3mframe[0m[2m=[0m32610 [3mlabel[0m[2m=[0m"AFTER"
561.93s ERROR [2m2026-09-28T08:08:22.861327Z[0m [32m INFO[0m [2mhotpatch_smoke[0m[2m:[0m hotpatch smoke heartbeat [3mframe[0m[2m=[0m32620 [3mlabel[0m[2m=[0m"AFTER"
562.01s ERROR [2m2026-09-28T08:08:22.945730Z[0m [32m INFO[0m [2mhotpatch_smoke[0m[2m:[0m hotpatch smoke heartbeat [3mframe[0m[2m=[0m32630 [3mlabel[0m[2m=[0m"AFTER"
562.10s ERROR [2m2026-09-28T08:08:23.031333Z[0m [32m INFO[0m [2mhotpatch_smoke[0m[2m:[0m hotpatch smoke heartbeat [3mframe[0m[2m=[0m32640 [3mlabel[0m[2m=[0m"AFTER"
562.18s ERROR [2m2026-09-28T08:08:23.117329Z[0m [32m INFO[0m [2mhotpatch_smoke[0m[2m:[0m hotpatch smoke heartbeat [3mframe[0m[2m=[0m32650 [3mlabel[0m[2m=[0m"AFTER"
562.27s ERROR [2m2026-09-28T08:08:23.204591Z[0m [32m INFO[0m [2mhotpatch_smoke[0m[2m:[0m hotpatch smoke heartbeat [3mframe[0m[2m=[0m32660 [3mlabel[0m[2m=[0m"AFTER"
562.36s ERROR [2m2026-09-28T08:08:23.290782Z[0m [32m INFO[0m [2mhotpatch_smoke[0m[2m:[0m hotpatch smoke heartbeat [3mframe[0m[2m=[0m32670 [3mlabel[0m[2m=[0m"AFTER"
562.44s ERROR [2m2026-09-28T08:08:23.378513Z[0m [32m INFO[0m [2mhotpatch_smoke[0m[2m:[0m hotpatch smoke heartbeat [3mframe[0m[2m=[0m32680 [3mlabel[0m[2m=[0m"AFTER"
562.53s ERROR [2m2026-09-28T08:08:23.467584Z[0m [32m INFO[0m [2mhotpatch_smoke[0m[2m:[0m hotpatch smoke heartbeat [3mframe[0m[2m=[0m32690 [3mlabel[0m[2m=[0m"AFTER"
562.62s ERROR [2m2026-09-28T08:08:23.554085Z[0m [32m INFO[0m [2mhotpatch_smoke[0m[2m:[0m hotpatch smoke heartbeat [3mframe[0m[2m=[0m32700 [3mlabel[0m[2m=[0m"AFTER"
562.71s ERROR [2m2026-09-28T08:08:23.640685Z[0m [32m INFO[0m [2mhotpatch_smoke[0m[2m:[0m hotpatch smoke heartbeat [3mframe[0m[2m=[0m32710 [3mlabel[0m[2m=[0m"AFTER"
562.80s ERROR [2m2026-09-28T08:08:23.730790Z[0m [32m INFO[0m [2mhotpatch_smoke[0m[2m:[0m hotpatch smoke heartbeat [3mframe[0m[2m=[0m32720 [3mlabel[0m[2m=[0m"AFTER"
562.88s ERROR [2m2026-09-28T08:08:23.817892Z[0m [32m INFO[0m [2mhotpatch_smoke[0m[2m:[0m hotpatch smoke heartbeat [3mframe[0m[2m=[0m32730 [3mlabel[0m[2m=[0m"AFTER"
562.97s ERROR [2m2026-09-28T08:08:23.903745Z[0m [32m INFO[0m [2mhotpatch_smoke[0m[2m:[0m hotpatch smoke heartbeat [3mframe[0m[2m=[0m32740 [3mlabel[0m[2m=[0m"AFTER"
563.05s ERROR [2m2026-09-28T08:08:23.988960Z[0m [32m INFO[0m [2mhotpatch_smoke[0m[2m:[0m hotpatch smoke heartbeat [3mframe[0m[2m=[0m32750 [3mlabel[0m[2m=[0m"AFTER"
563.14s ERROR [2m2026-09-28T08:08:24.073724Z[0m [32m INFO[0m [2mhotpatch_smoke[0m[2m:[0m hotpatch smoke heartbeat [3mframe[0m[2m=[0m32760 [3mlabel[0m[2m=[0m"AFTER"
563.23s ERROR [2m2026-09-28T08:08:24.162276Z[0m [32m INFO[0m [2mhotpatch_smoke[0m[2m:[0m hotpatch smoke heartbeat [3mframe[0m[2m=[0m32770 [3mlabel[0m[2m=[0m"AFTER"
563.32s ERROR [2m2026-09-28T08:08:24.252103Z[0m [32m INFO[0m [2mhotpatch_smoke[0m[2m:[0m hotpatch smoke heartbeat [3mframe[0m[2m=[0m32780 [3mlabel[0m[2m=[0m"AFTER"
563.41s ERROR [2m2026-09-28T08:08:24.342324Z[0m [32m INFO[0m [2mhotpatch_smoke[0m[2m:[0m hotpatch smoke heartbeat [3mframe[0m[2m=[0m32790 [3mlabel[0m[2m=[0m"AFTER"
563.49s ERROR [2m2026-09-28T08:08:24.428718Z[0m [32m INFO[0m [2mhotpatch_smoke[0m[2m:[0m hotpatch smoke heartbeat [3mframe[0m[2m=[0m32800 [3mlabel[0m[2m=[0m"AFTER"
563.58s ERROR [2m2026-09-28T08:08:24.515577Z[0m [32m INFO[0m [2mhotpatch_smoke[0m[2m:[0m hotpatch smoke heartbeat [3mframe[0m[2m=[0m32810 [3mlabel[0m[2m=[0m"AFTER"
563.67s ERROR [2m2026-09-28T08:08:24.601135Z[0m [32m INFO[0m [2mhotpatch_smoke[0m[2m:[0m hotpatch smoke heartbeat [3mframe[0m[2m=[0m32820 [3mlabel[0m[2m=[0m"AFTER"
563.75s ERROR [2m2026-09-28T08:08:24.688716Z[0m [32m INFO[0m [2mhotpatch_smoke[0m[2m:[0m hotpatch smoke heartbeat [3mframe[0m[2m=[0m32830 [3mlabel[0m[2m=[0m"AFTER"
563.84s ERROR [2m2026-09-28T08:08:24.775679Z[0m [32m INFO[0m [2mhotpatch_smoke[0m[2m:[0m hotpatch smoke heartbeat [3mframe[0m[2m=[0m32840 [3mlabel[0m[2m=[0m"AFTER"
563.93s ERROR [2m2026-09-28T08:08:24.861784Z[0m [32m INFO[0m [2mhotpatch_smoke[0m[2m:[0m hotpatch smoke heartbeat [3mframe[0m[2m=[0m32850 [3mlabel[0m[2m=[0m"AFTER"
564.01s ERROR [2m2026-09-28T08:08:24.947267Z[0m [32m INFO[0m [2mhotpatch_smoke[0m[2m:[0m hotpatch smoke heartbeat [3mframe[0m[2m=[0m32860 [3mlabel[0m[2m=[0m"AFTER"
564.10s ERROR [2m2026-09-28T08:08:25.033694Z[0m [32m INFO[0m [2mhotpatch_smoke[0m[2m:[0m hotpatch smoke heartbeat [3mframe[0m[2m=[0m32870 [3mlabel[0m[2m=[0m"AFTER"
564.19s ERROR [2m2026-09-28T08:08:25.119492Z[0m [32m INFO[0m [2mhotpatch_smoke[0m[2m:[0m hotpatch smoke heartbeat [3mframe[0m[2m=[0m32880 [3mlabel[0m[2m=[0m"AFTER"
564.27s ERROR [2m2026-09-28T08:08:25.206749Z[0m [32m INFO[0m [2mhotpatch_smoke[0m[2m:[0m hotpatch smoke heartbeat [3mframe[0m[2m=[0m32890 [3mlabel[0m[2m=[0m"AFTER"
564.36s ERROR [2m2026-09-28T08:08:25.292180Z[0m [32m INFO[0m [2mhotpatch_smoke[0m[2m:[0m hotpatch smoke heartbeat [3mframe[0m[2m=[0m32900 [3mlabel[0m[2m=[0m"AFTER"
564.44s ERROR [2m2026-09-28T08:08:25.375905Z[0m [32m INFO[0m [2mhotpatch_smoke[0m[2m:[0m hotpatch smoke heartbeat [3mframe[0m[2m=[0m32910 [3mlabel[0m[2m=[0m"AFTER"
564.53s ERROR [2m2026-09-28T08:08:25.462903Z[0m [32m INFO[0m [2mhotpatch_smoke[0m[2m:[0m hotpatch smoke heartbeat [3mframe[0m[2m=[0m32920 [3mlabel[0m[2m=[0m"AFTER"
564.62s ERROR [2m2026-09-28T08:08:25.549644Z[0m [32m INFO[0m [2mhotpatch_smoke[0m[2m:[0m hotpatch smoke heartbeat [3mframe[0m[2m=[0m32930 [3mlabel[0m[2m=[0m"AFTER"
564.70s ERROR [2m2026-09-28T08:08:25.636651Z[0m [32m INFO[0m [2mhotpatch_smoke[0m[2m:[0m hotpatch smoke heartbeat [3mframe[0m[2m=[0m32940 [3mlabel[0m[2m=[0m"AFTER"
564.79s ERROR [2m2026-09-28T08:08:25.724191Z[0m [32m INFO[0m [2mhotpatch_smoke[0m[2m:[0m hotpatch smoke heartbeat [3mframe[0m[2m=[0m32950 [3mlabel[0m[2m=[0m"AFTER"
564.88s ERROR [2m2026-09-28T08:08:25.811782Z[0m [32m INFO[0m [2mhotpatch_smoke[0m[2m:[0m hotpatch smoke heartbeat [3mframe[0m[2m=[0m32960 [3mlabel[0m[2m=[0m"AFTER"
564.96s ERROR [2m2026-09-28T08:08:25.898621Z[0m [32m INFO[0m [2mhotpatch_smoke[0m[2m:[0m hotpatch smoke heartbeat [3mframe[0m[2m=[0m32970 [3mlabel[0m[2m=[0m"AFTER"
565.05s ERROR [2m2026-09-28T08:08:25.984090Z[0m [32m INFO[0m [2mhotpatch_smoke[0m[2m:[0m hotpatch smoke heartbeat [3mframe[0m[2m=[0m32980 [3mlabel[0m[2m=[0m"AFTER"
565.14s ERROR [2m2026-09-28T08:08:26.069808Z[0m [32m INFO[0m [2mhotpatch_smoke[0m[2m:[0m hotpatch smoke heartbeat [3mframe[0m[2m=[0m32990 [3mlabel[0m[2m=[0m"AFTER"
565.22s ERROR [2m2026-09-28T08:08:26.155272Z[0m [32m INFO[0m [2mhotpatch_smoke[0m[2m:[0m hotpatch smoke heartbeat [3mframe[0m[2m=[0m33000 [3mlabel[0m[2m=[0m"AFTER"
565.31s ERROR [2m2026-09-28T08:08:26.239852Z[0m [32m INFO[0m [2mhotpatch_smoke[0m[2m:[0m hotpatch smoke heartbeat [3mframe[0m[2m=[0m33010 [3mlabel[0m[2m=[0m"AFTER"
565.39s ERROR [2m2026-09-28T08:08:26.327375Z[0m [32m INFO[0m [2mhotpatch_smoke[0m[2m:[0m hotpatch smoke heartbeat [3mframe[0m[2m=[0m33020 [3mlabel[0m[2m=[0m"AFTER"
565.48s ERROR [2m2026-09-28T08:08:26.414753Z[0m [32m INFO[0m [2mhotpatch_smoke[0m[2m:[0m hotpatch smoke heartbeat [3mframe[0m[2m=[0m33030 [3mlabel[0m[2m=[0m"AFTER"
565.57s ERROR [2m2026-09-28T08:08:26.500652Z[0m [32m INFO[0m [2mhotpatch_smoke[0m[2m:[0m hotpatch smoke heartbeat [3mframe[0m[2m=[0m33040 [3mlabel[0m[2m=[0m"AFTER"
565.65s ERROR [2m2026-09-28T08:08:26.587017Z[0m [32m INFO[0m [2mhotpatch_smoke[0m[2m:[0m hotpatch smoke heartbeat [3mframe[0m[2m=[0m33050 [3mlabel[0m[2m=[0m"AFTER"
565.74s ERROR [2m2026-09-28T08:08:26.675669Z[0m [32m INFO[0m [2mhotpatch_smoke[0m[2m:[0m hotpatch smoke heartbeat [3mframe[0m[2m=[0m33060 [3mlabel[0m[2m=[0m"AFTER"
565.83s ERROR [2m2026-09-28T08:08:26.760073Z[0m [32m INFO[0m [2mhotpatch_smoke[0m[2m:[0m hotpatch smoke heartbeat [3mframe[0m[2m=[0m33070 [3mlabel[0m[2m=[0m"AFTER"
565.91s ERROR [2m2026-09-28T08:08:26.846043Z[0m [32m INFO[0m [2mhotpatch_smoke[0m[2m:[0m hotpatch smoke heartbeat [3mframe[0m[2m=[0m33080 [3mlabel[0m[2m=[0m"AFTER"
566.00s ERROR [2m2026-09-28T08:08:26.932394Z[0m [32m INFO[0m [2mhotpatch_smoke[0m[2m:[0m hotpatch smoke heartbeat [3mframe[0m[2m=[0m33090 [3mlabel[0m[2m=[0m"AFTER"
566.08s ERROR [2m2026-09-28T08:08:27.017507Z[0m [32m INFO[0m [2mhotpatch_smoke[0m[2m:[0m hotpatch smoke heartbeat [3mframe[0m[2m=[0m33100 [3mlabel[0m[2m=[0m"AFTER"
566.17s ERROR [2m2026-09-28T08:08:27.102832Z[0m [32m INFO[0m [2mhotpatch_smoke[0m[2m:[0m hotpatch smoke heartbeat [3mframe[0m[2m=[0m33110 [3mlabel[0m[2m=[0m"AFTER"
566.25s ERROR [2m2026-09-28T08:08:27.187111Z[0m [32m INFO[0m [2mhotpatch_smoke[0m[2m:[0m hotpatch smoke heartbeat [3mframe[0m[2m=[0m33120 [3mlabel[0m[2m=[0m"AFTER"
566.34s ERROR [2m2026-09-28T08:08:27.273205Z[0m [32m INFO[0m [2mhotpatch_smoke[0m[2m:[0m hotpatch smoke heartbeat [3mframe[0m[2m=[0m33130 [3mlabel[0m[2m=[0m"AFTER"
566.42s ERROR [2m2026-09-28T08:08:27.358736Z[0m [32m INFO[0m [2mhotpatch_smoke[0m[2m:[0m hotpatch smoke heartbeat [3mframe[0m[2m=[0m33140 [3mlabel[0m[2m=[0m"AFTER"
566.51s ERROR [2m2026-09-28T08:08:27.444746Z[0m [32m INFO[0m [2mhotpatch_smoke[0m[2m:[0m hotpatch smoke heartbeat [3mframe[0m[2m=[0m33150 [3mlabel[0m[2m=[0m"AFTER"
566.60s ERROR [2m2026-09-28T08:08:27.531793Z[0m [32m INFO[0m [2mhotpatch_smoke[0m[2m:[0m hotpatch smoke heartbeat [3mframe[0m[2m=[0m33160 [3mlabel[0m[2m=[0m"AFTER"
566.68s ERROR [2m2026-09-28T08:08:27.616963Z[0m [32m INFO[0m [2mhotpatch_smoke[0m[2m:[0m hotpatch smoke heartbeat [3mframe[0m[2m=[0m33170 [3mlabel[0m[2m=[0m"AFTER"
566.77s ERROR [2m2026-09-28T08:08:27.703040Z[0m [32m INFO[0m [2mhotpatch_smoke[0m[2m:[0m hotpatch smoke heartbeat [3mframe[0m[2m=[0m33180 [3mlabel[0m[2m=[0m"AFTER"
566.85s ERROR [2m2026-09-28T08:08:27.789006Z[0m [32m INFO[0m [2mhotpatch_smoke[0m[2m:[0m hotpatch smoke heartbeat [3mframe[0m[2m=[0m33190 [3mlabel[0m[2m=[0m"AFTER"
566.94s ERROR [2m2026-09-28T08:08:27.873745Z[0m [32m INFO[0m [2mhotpatch_smoke[0m[2m:[0m hotpatch smoke heartbeat [3mframe[0m[2m=[0m33200 [3mlabel[0m[2m=[0m"AFTER"
567.03s ERROR [2m2026-09-28T08:08:27.959662Z[0m [32m INFO[0m [2mhotpatch_smoke[0m[2m:[0m hotpatch smoke heartbeat [3mframe[0m[2m=[0m33210 [3mlabel[0m[2m=[0m"AFTER"
567.11s ERROR [2m2026-09-28T08:08:28.046190Z[0m [32m INFO[0m [2mhotpatch_smoke[0m[2m:[0m hotpatch smoke heartbeat [3mframe[0m[2m=[0m33220 [3mlabel[0m[2m=[0m"AFTER"
567.20s ERROR [2m2026-09-28T08:08:28.130840Z[0m [32m INFO[0m [2mhotpatch_smoke[0m[2m:[0m hotpatch smoke heartbeat [3mframe[0m[2m=[0m33230 [3mlabel[0m[2m=[0m"AFTER"
567.28s ERROR [2m2026-09-28T08:08:28.216867Z[0m [32m INFO[0m [2mhotpatch_smoke[0m[2m:[0m hotpatch smoke heartbeat [3mframe[0m[2m=[0m33240 [3mlabel[0m[2m=[0m"AFTER"
567.37s ERROR [2m2026-09-28T08:08:28.301811Z[0m [32m INFO[0m [2mhotpatch_smoke[0m[2m:[0m hotpatch smoke heartbeat [3mframe[0m[2m=[0m33250 [3mlabel[0m[2m=[0m"AFTER"
567.45s ERROR [2m2026-09-28T08:08:28.388195Z[0m [32m INFO[0m [2mhotpatch_smoke[0m[2m:[0m hotpatch smoke heartbeat [3mframe[0m[2m=[0m33260 [3mlabel[0m[2m=[0m"AFTER"
567.54s ERROR [2m2026-09-28T08:08:28.473669Z[0m [32m INFO[0m [2mhotpatch_smoke[0m[2m:[0m hotpatch smoke heartbeat [3mframe[0m[2m=[0m33270 [3mlabel[0m[2m=[0m"AFTER"
567.62s ERROR [2m2026-09-28T08:08:28.557989Z[0m [32m INFO[0m [2mhotpatch_smoke[0m[2m:[0m hotpatch smoke heartbeat [3mframe[0m[2m=[0m33280 [3mlabel[0m[2m=[0m"AFTER"
567.71s ERROR [2m2026-09-28T08:08:28.644753Z[0m [32m INFO[0m [2mhotpatch_smoke[0m[2m:[0m hotpatch smoke heartbeat [3mframe[0m[2m=[0m33290 [3mlabel[0m[2m=[0m"AFTER"
567.80s ERROR [2m2026-09-28T08:08:28.730949Z[0m [32m INFO[0m [2mhotpatch_smoke[0m[2m:[0m hotpatch smoke heartbeat [3mframe[0m[2m=[0m33300 [3mlabel[0m[2m=[0m"AFTER"
567.88s ERROR [2m2026-09-28T08:08:28.816769Z[0m [32m INFO[0m [2mhotpatch_smoke[0m[2m:[0m hotpatch smoke heartbeat [3mframe[0m[2m=[0m33310 [3mlabel[0m[2m=[0m"AFTER"
567.97s ERROR [2m2026-09-28T08:08:28.901872Z[0m [32m INFO[0m [2mhotpatch_smoke[0m[2m:[0m hotpatch smoke heartbeat [3mframe[0m[2m=[0m33320 [3mlabel[0m[2m=[0m"AFTER"
568.05s ERROR [2m2026-09-28T08:08:28.987149Z[0m [32m INFO[0m [2mhotpatch_smoke[0m[2m:[0m hotpatch smoke heartbeat [3mframe[0m[2m=[0m33330 [3mlabel[0m[2m=[0m"AFTER"
568.14s ERROR [2m2026-09-28T08:08:29.072428Z[0m [32m INFO[0m [2mhotpatch_smoke[0m[2m:[0m hotpatch smoke heartbeat [3mframe[0m[2m=[0m33340 [3mlabel[0m[2m=[0m"AFTER"
568.22s ERROR [2m2026-09-28T08:08:29.157731Z[0m [32m INFO[0m [2mhotpatch_smoke[0m[2m:[0m hotpatch smoke heartbeat [3mframe[0m[2m=[0m33350 [3mlabel[0m[2m=[0m"AFTER"
568.31s ERROR [2m2026-09-28T08:08:29.243028Z[0m [32m INFO[0m [2mhotpatch_smoke[0m[2m:[0m hotpatch smoke heartbeat [3mframe[0m[2m=[0m33360 [3mlabel[0m[2m=[0m"AFTER"
568.40s ERROR [2m2026-09-28T08:08:29.329590Z[0m [32m INFO[0m [2mhotpatch_smoke[0m[2m:[0m hotpatch smoke heartbeat [3mframe[0m[2m=[0m33370 [3mlabel[0m[2m=[0m"AFTER"
568.48s ERROR [2m2026-09-28T08:08:29.415634Z[0m [32m INFO[0m [2mhotpatch_smoke[0m[2m:[0m hotpatch smoke heartbeat [3mframe[0m[2m=[0m33380 [3mlabel[0m[2m=[0m"AFTER"
568.57s ERROR [2m2026-09-28T08:08:29.501080Z[0m [32m INFO[0m [2mhotpatch_smoke[0m[2m:[0m hotpatch smoke heartbeat [3mframe[0m[2m=[0m33390 [3mlabel[0m[2m=[0m"AFTER"
568.65s ERROR [2m2026-09-28T08:08:29.587647Z[0m [32m INFO[0m [2mhotpatch_smoke[0m[2m:[0m hotpatch smoke heartbeat [3mframe[0m[2m=[0m33400 [3mlabel[0m[2m=[0m"AFTER"
568.74s ERROR [2m2026-09-28T08:08:29.673130Z[0m [32m INFO[0m [2mhotpatch_smoke[0m[2m:[0m hotpatch smoke heartbeat [3mframe[0m[2m=[0m33410 [3mlabel[0m[2m=[0m"AFTER"
568.83s ERROR [2m2026-09-28T08:08:29.759446Z[0m [32m INFO[0m [2mhotpatch_smoke[0m[2m:[0m hotpatch smoke heartbeat [3mframe[0m[2m=[0m33420 [3mlabel[0m[2m=[0m"AFTER"
568.91s ERROR [2m2026-09-28T08:08:29.847381Z[0m [32m INFO[0m [2mhotpatch_smoke[0m[2m:[0m hotpatch smoke heartbeat [3mframe[0m[2m=[0m33430 [3mlabel[0m[2m=[0m"AFTER"
569.00s ERROR [2m2026-09-28T08:08:29.932598Z[0m [32m INFO[0m [2mhotpatch_smoke[0m[2m:[0m hotpatch smoke heartbeat [3mframe[0m[2m=[0m33440 [3mlabel[0m[2m=[0m"AFTER"
569.08s ERROR [2m2026-09-28T08:08:30.016972Z[0m [32m INFO[0m [2mhotpatch_smoke[0m[2m:[0m hotpatch smoke heartbeat [3mframe[0m[2m=[0m33450 [3mlabel[0m[2m=[0m"AFTER"
569.17s ERROR [2m2026-09-28T08:08:30.104689Z[0m [32m INFO[0m [2mhotpatch_smoke[0m[2m:[0m hotpatch smoke heartbeat [3mframe[0m[2m=[0m33460 [3mlabel[0m[2m=[0m"AFTER"
569.26s ERROR [2m2026-09-28T08:08:30.191790Z[0m [32m INFO[0m [2mhotpatch_smoke[0m[2m:[0m hotpatch smoke heartbeat [3mframe[0m[2m=[0m33470 [3mlabel[0m[2m=[0m"AFTER"
569.35s ERROR [2m2026-09-28T08:08:30.279327Z[0m [32m INFO[0m [2mhotpatch_smoke[0m[2m:[0m hotpatch smoke heartbeat [3mframe[0m[2m=[0m33480 [3mlabel[0m[2m=[0m"AFTER"
569.43s ERROR [2m2026-09-28T08:08:30.363793Z[0m [32m INFO[0m [2mhotpatch_smoke[0m[2m:[0m hotpatch smoke heartbeat [3mframe[0m[2m=[0m33490 [3mlabel[0m[2m=[0m"AFTER"
569.52s ERROR [2m2026-09-28T08:08:30.449588Z[0m [32m INFO[0m [2mhotpatch_smoke[0m[2m:[0m hotpatch smoke heartbeat [3mframe[0m[2m=[0m33500 [3mlabel[0m[2m=[0m"AFTER"
569.60s ERROR [2m2026-09-28T08:08:30.534663Z[0m [32m INFO[0m [2mhotpatch_smoke[0m[2m:[0m hotpatch smoke heartbeat [3mframe[0m[2m=[0m33510 [3mlabel[0m[2m=[0m"AFTER"
569.69s ERROR [2m2026-09-28T08:08:30.621090Z[0m [32m INFO[0m [2mhotpatch_smoke[0m[2m:[0m hotpatch smoke heartbeat [3mframe[0m[2m=[0m33520 [3mlabel[0m[2m=[0m"AFTER"
569.77s ERROR [2m2026-09-28T08:08:30.707726Z[0m [32m INFO[0m [2mhotpatch_smoke[0m[2m:[0m hotpatch smoke heartbeat [3mframe[0m[2m=[0m33530 [3mlabel[0m[2m=[0m"AFTER"
569.86s ERROR [2m2026-09-28T08:08:30.794839Z[0m [32m INFO[0m [2mhotpatch_smoke[0m[2m:[0m hotpatch smoke heartbeat [3mframe[0m[2m=[0m33540 [3mlabel[0m[2m=[0m"AFTER"
569.95s ERROR [2m2026-09-28T08:08:30.880617Z[0m [32m INFO[0m [2mhotpatch_smoke[0m[2m:[0m hotpatch smoke heartbeat [3mframe[0m[2m=[0m33550 [3mlabel[0m[2m=[0m"AFTER"
570.03s ERROR [2m2026-09-28T08:08:30.965619Z[0m [32m INFO[0m [2mhotpatch_smoke[0m[2m:[0m hotpatch smoke heartbeat [3mframe[0m[2m=[0m33560 [3mlabel[0m[2m=[0m"AFTER"
570.12s ERROR [2m2026-09-28T08:08:31.053743Z[0m [32m INFO[0m [2mhotpatch_smoke[0m[2m:[0m hotpatch smoke heartbeat [3mframe[0m[2m=[0m33570 [3mlabel[0m[2m=[0m"AFTER"
570.21s ERROR [2m2026-09-28T08:08:31.139721Z[0m [32m INFO[0m [2mhotpatch_smoke[0m[2m:[0m hotpatch smoke heartbeat [3mframe[0m[2m=[0m33580 [3mlabel[0m[2m=[0m"AFTER"
570.29s ERROR [2m2026-09-28T08:08:31.225280Z[0m [32m INFO[0m [2mhotpatch_smoke[0m[2m:[0m hotpatch smoke heartbeat [3mframe[0m[2m=[0m33590 [3mlabel[0m[2m=[0m"AFTER"
570.38s ERROR [2m2026-09-28T08:08:31.311899Z[0m [32m INFO[0m [2mhotpatch_smoke[0m[2m:[0m hotpatch smoke heartbeat [3mframe[0m[2m=[0m33600 [3mlabel[0m[2m=[0m"AFTER"
570.46s ERROR [2m2026-09-28T08:08:31.397805Z[0m [32m INFO[0m [2mhotpatch_smoke[0m[2m:[0m hotpatch smoke heartbeat [3mframe[0m[2m=[0m33610 [3mlabel[0m[2m=[0m"AFTER"
570.55s ERROR [2m2026-09-28T08:08:31.486733Z[0m [32m INFO[0m [2mhotpatch_smoke[0m[2m:[0m hotpatch smoke heartbeat [3mframe[0m[2m=[0m33620 [3mlabel[0m[2m=[0m"AFTER"
570.64s ERROR [2m2026-09-28T08:08:31.572982Z[0m [32m INFO[0m [2mhotpatch_smoke[0m[2m:[0m hotpatch smoke heartbeat [3mframe[0m[2m=[0m33630 [3mlabel[0m[2m=[0m"AFTER"
570.72s ERROR [2m2026-09-28T08:08:31.658599Z[0m [32m INFO[0m [2mhotpatch_smoke[0m[2m:[0m hotpatch smoke heartbeat [3mframe[0m[2m=[0m33640 [3mlabel[0m[2m=[0m"AFTER"
570.81s ERROR [2m2026-09-28T08:08:31.744834Z[0m [32m INFO[0m [2mhotpatch_smoke[0m[2m:[0m hotpatch smoke heartbeat [3mframe[0m[2m=[0m33650 [3mlabel[0m[2m=[0m"AFTER"
570.90s ERROR [2m2026-09-28T08:08:31.829738Z[0m [32m INFO[0m [2mhotpatch_smoke[0m[2m:[0m hotpatch smoke heartbeat [3mframe[0m[2m=[0m33660 [3mlabel[0m[2m=[0m"AFTER"
570.98s ERROR [2m2026-09-28T08:08:31.916998Z[0m [32m INFO[0m [2mhotpatch_smoke[0m[2m:[0m hotpatch smoke heartbeat [3mframe[0m[2m=[0m33670 [3mlabel[0m[2m=[0m"AFTER"
571.07s ERROR [2m2026-09-28T08:08:32.004787Z[0m [32m INFO[0m [2mhotpatch_smoke[0m[2m:[0m hotpatch smoke heartbeat [3mframe[0m[2m=[0m33680 [3mlabel[0m[2m=[0m"AFTER"
571.16s ERROR [2m2026-09-28T08:08:32.089760Z[0m [32m INFO[0m [2mhotpatch_smoke[0m[2m:[0m hotpatch smoke heartbeat [3mframe[0m[2m=[0m33690 [3mlabel[0m[2m=[0m"AFTER"
571.24s ERROR [2m2026-09-28T08:08:32.177633Z[0m [32m INFO[0m [2mhotpatch_smoke[0m[2m:[0m hotpatch smoke heartbeat [3mframe[0m[2m=[0m33700 [3mlabel[0m[2m=[0m"AFTER"
571.33s ERROR [2m2026-09-28T08:08:32.262754Z[0m [32m INFO[0m [2mhotpatch_smoke[0m[2m:[0m hotpatch smoke heartbeat [3mframe[0m[2m=[0m33710 [3mlabel[0m[2m=[0m"AFTER"
571.41s ERROR [2m2026-09-28T08:08:32.347745Z[0m [32m INFO[0m [2mhotpatch_smoke[0m[2m:[0m hotpatch smoke heartbeat [3mframe[0m[2m=[0m33720 [3mlabel[0m[2m=[0m"AFTER"
571.50s ERROR [2m2026-09-28T08:08:32.433332Z[0m [32m INFO[0m [2mhotpatch_smoke[0m[2m:[0m hotpatch smoke heartbeat [3mframe[0m[2m=[0m33730 [3mlabel[0m[2m=[0m"AFTER"
571.59s ERROR [2m2026-09-28T08:08:32.519675Z[0m [32m INFO[0m [2mhotpatch_smoke[0m[2m:[0m hotpatch smoke heartbeat [3mframe[0m[2m=[0m33740 [3mlabel[0m[2m=[0m"AFTER"
571.67s ERROR [2m2026-09-28T08:08:32.606751Z[0m [32m INFO[0m [2mhotpatch_smoke[0m[2m:[0m hotpatch smoke heartbeat [3mframe[0m[2m=[0m33750 [3mlabel[0m[2m=[0m"AFTER"
571.76s ERROR [2m2026-09-28T08:08:32.696050Z[0m [32m INFO[0m [2mhotpatch_smoke[0m[2m:[0m hotpatch smoke heartbeat [3mframe[0m[2m=[0m33760 [3mlabel[0m[2m=[0m"AFTER"
571.85s ERROR [2m2026-09-28T08:08:32.787028Z[0m [32m INFO[0m [2mhotpatch_smoke[0m[2m:[0m hotpatch smoke heartbeat [3mframe[0m[2m=[0m33770 [3mlabel[0m[2m=[0m"AFTER"
